timestamp,open,high,low,close,volume
2026-06-25T00:09:00-04:00,30033.5,30043.25,30033.0,30040.75,0
2026-06-25T00:10:00-04:00,30041.75,30045.0,30034.5,30034.5,100
2026-06-25T00:11:00-04:00,30033.5,30043.75,30030.5,30040.5,87
2026-06-25T00:12:00-04:00,30040.25,30041.25,30033.25,30035.5,51
2026-06-25T00:13:00-04:00,30036.5,30040.0,30032.5,30040.0,96
2026-06-25T00:14:00-04:00,30040.25,30041.75,30028.75,30029.25,52
2026-06-25T00:15:00-04:00,30030.75,30035.25,30026.25,30032.0,68
2026-06-25T00:16:00-04:00,30031.75,30036.5,30026.0,30027.5,89
2026-06-25T00:17:00-04:00,30027.75,30027.75,30012.75,30017.0,137
2026-06-25T00:18:00-04:00,30016.75,30026.5,30015.0,30026.5,183
2026-06-25T00:19:00-04:00,30025.75,30028.0,30019.0,30027.5,94
2026-06-25T00:20:00-04:00,30027.5,30033.25,30026.75,30027.5,61
2026-06-25T00:21:00-04:00,30027.5,30037.0,30027.25,30036.0,58
2026-06-25T00:22:00-04:00,30037.0,30044.25,30034.5,30043.5,112
2026-06-25T00:23:00-04:00,30040.5,30042.0,30036.75,30038.75,63
2026-06-25T00:24:00-04:00,30038.5,30041.75,30030.75,30030.75,60
2026-06-25T00:25:00-04:00,30030.5,30031.0,30024.75,30028.75,91
2026-06-25T00:26:00-04:00,30028.75,30030.75,30021.5,30021.75,31
2026-06-25T00:27:00-04:00,30022.5,30024.75,30021.75,30022.75,31
2026-06-25T00:28:00-04:00,30023.5,30023.5,30017.5,30020.5,43
2026-06-25T00:29:00-04:00,30018.5,30021.0,30017.75,30017.75,18
2026-06-25T00:30:00-04:00,30020.5,30022.25,30014.25,30015.75,43
2026-06-25T00:31:00-04:00,30015.75,30015.75,30001.5,30002.25,99
2026-06-25T00:32:00-04:00,30003.0,30004.75,29998.5,30002.75,60
2026-06-25T00:33:00-04:00,30001.5,30006.75,29999.0,30005.5,41
2026-06-25T00:34:00-04:00,30005.0,30012.0,30000.75,30012.0,83
2026-06-25T00:35:00-04:00,30012.25,30015.75,30000.25,30004.0,95
2026-06-25T00:36:00-04:00,30004.5,30010.25,30004.0,30009.75,71
2026-06-25T00:37:00-04:00,30011.75,30019.75,30010.25,30019.75,80
2026-06-25T00:38:00-04:00,30018.25,30029.0,30018.25,30023.75,139
2026-06-25T00:39:00-04:00,30024.25,30030.5,30023.5,30027.0,56
2026-06-25T00:40:00-04:00,30026.75,30031.0,30022.75,30022.75,84
2026-06-25T00:41:00-04:00,30022.5,30022.75,30013.5,30016.5,68
2026-06-25T00:42:00-04:00,30019.25,30026.5,30019.25,30026.5,44
2026-06-25T00:43:00-04:00,30029.0,30034.25,30027.25,30032.25,113
2026-06-25T00:44:00-04:00,30031.25,30039.0,30030.25,30038.5,84
2026-06-25T00:45:00-04:00,30039.5,30040.75,30033.25,30034.5,66
2026-06-25T00:46:00-04:00,30034.5,30038.5,30033.0,30038.5,46
2026-06-25T00:47:00-04:00,30038.75,30040.5,30034.5,30040.0,69
2026-06-25T00:48:00-04:00,30039.5,30054.75,30037.25,30045.0,316
2026-06-25T00:49:00-04:00,30044.5,30044.5,30035.25,30039.5,95
2026-06-25T00:50:00-04:00,30040.5,30056.0,30040.5,30054.25,204
2026-06-25T00:51:00-04:00,30052.5,30053.0,30048.25,30051.25,47
2026-06-25T00:52:00-04:00,30052.75,30057.5,30052.0,30055.5,77
2026-06-25T00:53:00-04:00,30056.0,30064.75,30052.5,30061.5,123
2026-06-25T00:54:00-04:00,30061.0,30062.25,30052.25,30052.25,47
2026-06-25T00:55:00-04:00,30053.25,30054.5,30049.0,30051.5,56
2026-06-25T00:56:00-04:00,30054.0,30054.0,30043.75,30044.0,77
2026-06-25T00:57:00-04:00,30044.5,30051.5,30044.25,30046.5,54
2026-06-25T00:58:00-04:00,30047.0,30047.25,30033.25,30036.5,111
2026-06-25T00:59:00-04:00,30036.0,30041.75,30035.0,30041.0,49
2026-06-25T01:00:00-04:00,30040.25,30052.75,30040.0,30043.5,132
2026-06-25T01:01:00-04:00,30044.5,30062.25,30043.25,30060.0,134
2026-06-25T01:02:00-04:00,30060.75,30066.25,30059.75,30064.25,89
2026-06-25T01:03:00-04:00,30062.0,30063.0,30055.75,30059.0,47
2026-06-25T01:04:00-04:00,30059.5,30064.75,30057.5,30062.75,68
2026-06-25T01:05:00-04:00,30062.75,30074.0,30062.5,30072.0,173
2026-06-25T01:06:00-04:00,30072.25,30072.75,30065.0,30067.0,87
2026-06-25T01:07:00-04:00,30065.75,30073.5,30065.75,30071.0,66
2026-06-25T01:08:00-04:00,30068.25,30074.75,30068.25,30073.0,46
2026-06-25T01:09:00-04:00,30071.75,30073.25,30067.0,30070.5,42
2026-06-25T01:10:00-04:00,30071.5,30071.5,30062.25,30067.0,98
2026-06-25T01:11:00-04:00,30066.0,30067.0,30058.0,30060.5,112
2026-06-25T01:12:00-04:00,30059.75,30063.75,30057.25,30061.75,56
2026-06-25T01:13:00-04:00,30062.75,30070.25,30062.0,30067.0,51
2026-06-25T01:14:00-04:00,30066.75,30071.0,30066.5,30068.5,37
2026-06-25T01:15:00-04:00,30070.25,30073.25,30067.75,30071.25,27
2026-06-25T01:16:00-04:00,30072.0,30076.75,30070.25,30076.0,89
2026-06-25T01:17:00-04:00,30076.75,30077.0,30070.0,30074.5,70
2026-06-25T01:18:00-04:00,30074.75,30074.75,30065.0,30065.0,58
2026-06-25T01:19:00-04:00,30065.0,30067.75,30062.0,30064.0,65
2026-06-25T01:20:00-04:00,30064.75,30068.5,30063.0,30066.75,40
2026-06-25T01:21:00-04:00,30067.25,30073.5,30067.25,30071.5,81
2026-06-25T01:22:00-04:00,30071.25,30076.0,30068.75,30075.75,43
2026-06-25T01:23:00-04:00,30076.0,30084.5,30072.75,30084.0,140
2026-06-25T01:24:00-04:00,30083.75,30089.25,30081.25,30085.75,101
2026-06-25T01:25:00-04:00,30084.75,30088.5,30081.25,30081.25,104
2026-06-25T01:26:00-04:00,30080.75,30090.25,30079.75,30089.25,131
2026-06-25T01:27:00-04:00,30088.5,30095.0,30087.5,30092.25,101
2026-06-25T01:28:00-04:00,30092.0,30097.25,30087.75,30093.25,124
2026-06-25T01:29:00-04:00,30092.5,30097.5,30091.25,30094.0,80
2026-06-25T01:30:00-04:00,30093.0,30095.75,30089.0,30093.25,94
2026-06-25T01:31:00-04:00,30095.25,30100.0,30092.0,30097.25,125
2026-06-25T01:32:00-04:00,30096.75,30102.25,30094.0,30094.0,53
2026-06-25T01:33:00-04:00,30095.25,30103.25,30092.25,30102.75,66
2026-06-25T01:34:00-04:00,30102.75,30107.0,30098.75,30105.0,84
2026-06-25T01:35:00-04:00,30107.75,30110.5,30100.75,30103.75,93
2026-06-25T01:36:00-04:00,30105.0,30107.75,30094.0,30098.5,188
2026-06-25T01:37:00-04:00,30098.25,30104.0,30094.75,30100.5,262
2026-06-25T01:38:00-04:00,30099.75,30105.25,30099.25,30101.75,58
2026-06-25T01:39:00-04:00,30101.5,30104.0,30099.0,30101.5,66
2026-06-25T01:40:00-04:00,30102.0,30116.0,30102.0,30112.0,106
2026-06-25T01:41:00-04:00,30111.0,30114.0,30107.0,30113.75,87
2026-06-25T01:42:00-04:00,30112.75,30121.25,30110.25,30120.0,180
2026-06-25T01:43:00-04:00,30119.0,30119.0,30105.75,30107.25,153
2026-06-25T01:44:00-04:00,30106.25,30114.75,30105.5,30106.25,101
2026-06-25T01:45:00-04:00,30105.5,30107.0,30100.75,30102.75,102
2026-06-25T01:46:00-04:00,30105.0,30106.25,30099.0,30100.25,76
2026-06-25T01:47:00-04:00,30099.25,30100.25,30087.5,30097.5,189
2026-06-25T01:48:00-04:00,30096.5,30106.0,30095.0,30100.5,206
2026-06-25T01:49:00-04:00,30099.0,30101.25,30096.0,30099.5,91
2026-06-25T01:50:00-04:00,30098.5,30098.5,30088.75,30092.0,168
2026-06-25T01:51:00-04:00,30092.5,30100.0,30090.0,30100.0,70
2026-06-25T01:52:00-04:00,30099.25,30106.5,30098.25,30104.75,270
2026-06-25T01:53:00-04:00,30103.25,30103.25,30092.75,30092.75,120
2026-06-25T01:54:00-04:00,30092.5,30100.5,30089.25,30094.5,91
2026-06-25T01:55:00-04:00,30093.25,30095.0,30086.0,30089.5,189
2026-06-25T01:56:00-04:00,30088.0,30096.25,30083.25,30094.75,133
2026-06-25T01:57:00-04:00,30095.5,30096.75,30085.0,30090.5,55
2026-06-25T01:58:00-04:00,30091.25,30093.25,30089.0,30090.0,98
2026-06-25T01:59:00-04:00,30090.5,30094.0,30088.25,30089.25,60
2026-06-25T02:00:00-04:00,30091.0,30106.5,30090.0,30104.5,264
2026-06-25T02:01:00-04:00,30103.5,30104.25,30095.75,30100.25,151
2026-06-25T02:02:00-04:00,30101.0,30108.0,30100.25,30107.25,126
2026-06-25T02:03:00-04:00,30108.5,30111.0,30091.0,30099.25,179
2026-06-25T02:04:00-04:00,30100.5,30102.0,30086.75,30089.0,123
2026-06-25T02:05:00-04:00,30090.0,30090.25,30081.25,30086.25,129
2026-06-25T02:06:00-04:00,30087.0,30087.0,30077.5,30082.5,161
2026-06-25T02:07:00-04:00,30082.5,30097.5,30081.75,30096.25,110
2026-06-25T02:08:00-04:00,30095.5,30102.75,30095.5,30102.75,102
2026-06-25T02:09:00-04:00,30100.75,30105.75,30096.5,30100.75,185
2026-06-25T02:10:00-04:00,30100.25,30101.0,30095.0,30098.5,171
2026-06-25T02:11:00-04:00,30100.25,30102.5,30094.25,30102.5,160
2026-06-25T02:12:00-04:00,30101.75,30105.0,30099.0,30103.5,103
2026-06-25T02:13:00-04:00,30105.0,30120.0,30104.0,30119.75,225
2026-06-25T02:14:00-04:00,30119.5,30120.5,30112.5,30112.5,137
2026-06-25T02:15:00-04:00,30112.0,30119.5,30107.5,30117.0,140
2026-06-25T02:16:00-04:00,30116.25,30123.5,30116.0,30119.25,131
2026-06-25T02:17:00-04:00,30119.75,30123.0,30118.5,30120.5,64
2026-06-25T02:18:00-04:00,30121.0,30125.5,30119.75,30124.75,119
2026-06-25T02:19:00-04:00,30125.75,30126.5,30120.5,30122.0,97
2026-06-25T02:20:00-04:00,30122.5,30127.25,30120.75,30126.25,85
2026-06-25T02:21:00-04:00,30127.75,30128.25,30118.0,30122.75,121
2026-06-25T02:22:00-04:00,30123.25,30130.0,30121.0,30128.75,158
2026-06-25T02:23:00-04:00,30130.0,30131.75,30127.25,30128.5,61
2026-06-25T02:24:00-04:00,30128.0,30131.0,30126.5,30131.0,90
2026-06-25T02:25:00-04:00,30130.5,30131.25,30124.75,30125.0,91
2026-06-25T02:26:00-04:00,30127.0,30127.75,30118.0,30125.5,201
2026-06-25T02:27:00-04:00,30124.5,30128.0,30118.75,30127.0,163
2026-06-25T02:28:00-04:00,30127.5,30127.5,30111.0,30112.0,136
2026-06-25T02:29:00-04:00,30111.25,30113.0,30108.5,30110.5,102
2026-06-25T02:30:00-04:00,30110.5,30113.0,30104.25,30113.0,181
2026-06-25T02:31:00-04:00,30115.25,30116.75,30107.0,30111.5,135
2026-06-25T02:32:00-04:00,30110.5,30114.75,30107.25,30114.75,67
2026-06-25T02:33:00-04:00,30116.0,30118.75,30113.5,30116.5,83
2026-06-25T02:34:00-04:00,30116.5,30119.5,30109.5,30116.5,205
2026-06-25T02:35:00-04:00,30117.0,30120.25,30110.0,30115.25,145
2026-06-25T02:36:00-04:00,30116.0,30119.0,30114.5,30118.25,53
2026-06-25T02:37:00-04:00,30117.0,30117.0,30105.25,30107.5,170
2026-06-25T02:38:00-04:00,30106.5,30113.25,30105.0,30111.5,85
2026-06-25T02:39:00-04:00,30111.5,30111.75,30108.0,30111.5,29
2026-06-25T02:40:00-04:00,30111.25,30111.25,30098.0,30104.0,93
2026-06-25T02:41:00-04:00,30105.0,30110.5,30099.0,30110.5,87
2026-06-25T02:42:00-04:00,30109.75,30116.0,30107.5,30114.0,76
2026-06-25T02:43:00-04:00,30111.0,30111.0,30103.5,30106.0,72
2026-06-25T02:44:00-04:00,30106.5,30107.0,30102.75,30104.5,19
2026-06-25T02:45:00-04:00,30104.25,30108.0,30102.5,30106.25,120
2026-06-25T02:46:00-04:00,30106.75,30112.25,30104.75,30110.75,208
2026-06-25T02:47:00-04:00,30111.5,30111.5,30105.5,30105.75,62
2026-06-25T02:48:00-04:00,30106.0,30108.5,30103.5,30103.5,77
2026-06-25T02:49:00-04:00,30105.25,30105.5,30101.5,30104.0,47
2026-06-25T02:50:00-04:00,30104.0,30104.75,30100.5,30102.25,69
2026-06-25T02:51:00-04:00,30101.75,30119.5,30101.5,30115.5,178
2026-06-25T02:52:00-04:00,30116.0,30116.0,30110.0,30115.25,92
2026-06-25T02:53:00-04:00,30113.75,30113.75,30103.5,30103.5,78
2026-06-25T02:54:00-04:00,30102.5,30109.0,30102.0,30104.0,62
2026-06-25T02:55:00-04:00,30104.0,30108.75,30103.0,30108.75,58
2026-06-25T02:56:00-04:00,30108.25,30113.25,30107.5,30108.5,79
2026-06-25T02:57:00-04:00,30108.5,30109.25,30102.0,30105.5,61
2026-06-25T02:58:00-04:00,30104.25,30108.0,30103.5,30104.5,73
2026-06-25T02:59:00-04:00,30105.0,30110.0,30101.75,30105.25,108
2026-06-25T03:00:00-04:00,30106.5,30121.75,30105.75,30116.0,267
2026-06-25T03:01:00-04:00,30116.25,30125.0,30114.0,30115.25,136
2026-06-25T03:02:00-04:00,30115.0,30116.75,30112.0,30112.5,57
2026-06-25T03:03:00-04:00,30111.0,30126.5,30111.0,30119.5,275
2026-06-25T03:04:00-04:00,30119.25,30121.5,30115.75,30121.25,101
2026-06-25T03:05:00-04:00,30122.5,30137.25,30122.0,30132.5,304
2026-06-25T03:06:00-04:00,30133.0,30138.5,30131.75,30134.25,183
2026-06-25T03:07:00-04:00,30133.0,30135.0,30131.0,30132.5,75
2026-06-25T03:08:00-04:00,30134.75,30138.25,30128.25,30130.0,126
2026-06-25T03:09:00-04:00,30131.75,30134.0,30130.25,30131.25,58
2026-06-25T03:10:00-04:00,30132.0,30132.0,30125.25,30129.0,45
2026-06-25T03:11:00-04:00,30127.5,30133.0,30124.75,30126.25,64
2026-06-25T03:12:00-04:00,30125.75,30131.5,30123.25,30130.25,67
2026-06-25T03:13:00-04:00,30130.75,30130.75,30125.0,30127.5,47
2026-06-25T03:14:00-04:00,30126.0,30128.0,30122.0,30126.5,79
2026-06-25T03:15:00-04:00,30126.25,30133.25,30126.25,30131.5,67
2026-06-25T03:16:00-04:00,30130.5,30144.0,30130.5,30143.0,142
2026-06-25T03:17:00-04:00,30143.0,30159.25,30140.75,30155.5,505
2026-06-25T03:18:00-04:00,30155.0,30156.75,30152.5,30154.25,96
2026-06-25T03:19:00-04:00,30154.75,30155.5,30150.5,30155.5,95
2026-06-25T03:20:00-04:00,30156.25,30177.25,30156.25,30176.0,468
2026-06-25T03:21:00-04:00,30175.0,30181.25,30170.5,30173.0,182
2026-06-25T03:22:00-04:00,30173.5,30181.5,30169.0,30178.5,164
2026-06-25T03:23:00-04:00,30178.25,30183.25,30170.0,30180.75,363
2026-06-25T03:24:00-04:00,30180.75,30185.75,30177.5,30179.25,203
2026-06-25T03:25:00-04:00,30180.5,30186.5,30169.5,30169.5,219
2026-06-25T03:26:00-04:00,30171.0,30175.5,30167.0,30170.0,123
2026-06-25T03:27:00-04:00,30171.0,30179.0,30170.75,30178.75,83
2026-06-25T03:28:00-04:00,30179.25,30181.25,30171.25,30173.5,84
2026-06-25T03:29:00-04:00,30172.25,30178.0,30171.5,30171.5,120
2026-06-25T03:30:00-04:00,30170.75,30171.75,30161.75,30164.75,136
2026-06-25T03:31:00-04:00,30164.5,30170.5,30162.75,30169.75,84
2026-06-25T03:32:00-04:00,30170.25,30176.25,30169.75,30173.0,117
2026-06-25T03:33:00-04:00,30171.25,30172.5,30166.75,30172.5,69
2026-06-25T03:34:00-04:00,30173.0,30176.0,30167.0,30169.5,93
2026-06-25T03:35:00-04:00,30168.75,30172.25,30160.0,30161.75,88
2026-06-25T03:36:00-04:00,30161.5,30163.0,30150.0,30154.75,174
2026-06-25T03:37:00-04:00,30154.0,30162.0,30153.25,30154.75,86
2026-06-25T03:38:00-04:00,30153.75,30165.5,30149.25,30163.5,105
2026-06-25T03:39:00-04:00,30164.5,30172.25,30164.5,30172.0,73
2026-06-25T03:40:00-04:00,30172.5,30176.75,30170.0,30171.25,109
2026-06-25T03:41:00-04:00,30172.5,30174.75,30167.5,30174.75,45
2026-06-25T03:42:00-04:00,30175.75,30181.25,30172.25,30177.25,102
2026-06-25T03:43:00-04:00,30178.0,30182.0,30175.0,30175.0,110
2026-06-25T03:44:00-04:00,30175.0,30180.0,30174.75,30176.0,104
2026-06-25T03:45:00-04:00,30176.75,30178.0,30164.75,30168.0,129
2026-06-25T03:46:00-04:00,30168.75,30170.0,30163.75,30166.0,87
2026-06-25T03:47:00-04:00,30168.0,30174.0,30165.75,30172.25,73
2026-06-25T03:48:00-04:00,30170.0,30176.0,30167.75,30171.5,88
2026-06-25T03:49:00-04:00,30172.0,30172.75,30166.25,30168.5,72
2026-06-25T03:50:00-04:00,30167.75,30169.5,30164.25,30164.25,41
2026-06-25T03:51:00-04:00,30163.5,30164.5,30157.5,30158.75,68
2026-06-25T03:52:00-04:00,30158.75,30163.5,30157.25,30160.75,75
2026-06-25T03:53:00-04:00,30161.5,30167.5,30161.5,30165.25,83
2026-06-25T03:54:00-04:00,30165.75,30165.75,30161.25,30161.5,32
2026-06-25T03:55:00-04:00,30162.25,30162.5,30154.0,30154.5,47
2026-06-25T03:56:00-04:00,30156.25,30167.0,30156.25,30164.5,68
2026-06-25T03:57:00-04:00,30164.5,30173.25,30164.5,30172.75,84
2026-06-25T03:58:00-04:00,30172.75,30178.0,30171.75,30176.75,101
2026-06-25T03:59:00-04:00,30175.75,30181.75,30175.75,30181.75,77
2026-06-25T04:00:00-04:00,30182.0,30193.75,30165.0,30193.5,400
2026-06-25T04:01:00-04:00,30193.75,30198.25,30187.5,30194.5,224
2026-06-25T04:02:00-04:00,30195.5,30213.75,30192.0,30212.5,489
2026-06-25T04:03:00-04:00,30214.0,30219.0,30199.25,30203.0,278
2026-06-25T04:04:00-04:00,30202.5,30203.25,30190.0,30190.0,312
2026-06-25T04:05:00-04:00,30189.25,30194.5,30186.25,30189.5,408
2026-06-25T04:06:00-04:00,30191.75,30208.75,30191.25,30200.25,145
2026-06-25T04:07:00-04:00,30201.5,30205.0,30194.5,30198.5,250
2026-06-25T04:08:00-04:00,30199.5,30205.5,30198.25,30199.25,140
2026-06-25T04:09:00-04:00,30198.75,30208.5,30198.75,30205.75,165
2026-06-25T04:10:00-04:00,30203.25,30213.75,30200.5,30210.75,156
2026-06-25T04:11:00-04:00,30209.25,30214.25,30203.5,30212.5,95
2026-06-25T04:12:00-04:00,30213.0,30217.75,30205.5,30205.5,108
2026-06-25T04:13:00-04:00,30203.5,30204.75,30189.25,30190.5,87
2026-06-25T04:14:00-04:00,30190.5,30192.75,30182.25,30182.25,103
2026-06-25T04:15:00-04:00,30183.75,30185.0,30173.5,30173.5,179
2026-06-25T04:16:00-04:00,30174.25,30177.25,30167.25,30168.0,149
2026-06-25T04:17:00-04:00,30166.75,30169.75,30161.25,30167.25,125
2026-06-25T04:18:00-04:00,30167.0,30174.5,30164.75,30174.5,77
2026-06-25T04:19:00-04:00,30174.25,30176.25,30167.5,30170.5,62
2026-06-25T04:20:00-04:00,30170.75,30178.0,30161.75,30164.75,171
2026-06-25T04:21:00-04:00,30164.0,30174.0,30158.0,30173.5,100
2026-06-25T04:22:00-04:00,30174.25,30176.75,30168.0,30171.0,99
2026-06-25T04:23:00-04:00,30169.75,30171.75,30164.75,30168.5,50
2026-06-25T04:24:00-04:00,30169.25,30174.0,30167.0,30170.75,50
2026-06-25T04:25:00-04:00,30170.25,30173.75,30164.75,30165.0,113
2026-06-25T04:26:00-04:00,30165.0,30172.0,30160.25,30171.25,99
2026-06-25T04:27:00-04:00,30171.25,30174.0,30167.75,30171.5,66
2026-06-25T04:28:00-04:00,30173.5,30185.5,30173.5,30180.0,215
2026-06-25T04:29:00-04:00,30180.25,30180.25,30167.5,30172.0,180
2026-06-25T04:30:00-04:00,30171.25,30175.5,30163.0,30163.0,190
2026-06-25T04:31:00-04:00,30163.5,30169.25,30163.5,30169.25,65
2026-06-25T04:32:00-04:00,30168.5,30175.5,30165.5,30167.5,53
2026-06-25T04:33:00-04:00,30168.25,30178.5,30167.0,30173.75,69
2026-06-25T04:34:00-04:00,30169.75,30169.75,30160.0,30160.0,118
2026-06-25T04:35:00-04:00,30161.5,30169.25,30158.75,30164.25,71
2026-06-25T04:36:00-04:00,30165.0,30178.0,30165.0,30176.5,90
2026-06-25T04:37:00-04:00,30175.75,30177.25,30174.75,30177.25,26
2026-06-25T04:38:00-04:00,30181.0,30182.0,30174.25,30176.5,92
2026-06-25T04:39:00-04:00,30177.75,30183.75,30177.25,30179.75,50
2026-06-25T04:40:00-04:00,30180.25,30180.25,30174.75,30175.5,30
2026-06-25T04:41:00-04:00,30173.5,30173.75,30169.5,30172.0,35
2026-06-25T04:42:00-04:00,30170.5,30170.5,30162.0,30162.75,56
2026-06-25T04:43:00-04:00,30162.25,30164.75,30159.75,30160.75,59
2026-06-25T04:44:00-04:00,30161.25,30162.0,30154.0,30154.5,113
2026-06-25T04:45:00-04:00,30154.0,30156.5,30147.25,30147.25,151
2026-06-25T04:46:00-04:00,30147.75,30149.75,30140.0,30149.75,88
2026-06-25T04:47:00-04:00,30149.25,30150.5,30140.0,30142.5,89
2026-06-25T04:48:00-04:00,30141.75,30154.75,30141.25,30144.75,164
2026-06-25T04:49:00-04:00,30143.5,30146.75,30139.25,30145.5,120
2026-06-25T04:50:00-04:00,30146.25,30146.25,30133.75,30134.0,72
2026-06-25T04:51:00-04:00,30134.25,30136.0,30129.0,30132.75,108
2026-06-25T04:52:00-04:00,30132.25,30134.5,30119.25,30133.5,245
2026-06-25T04:53:00-04:00,30131.75,30137.5,30126.75,30130.5,96
2026-06-25T04:54:00-04:00,30129.5,30134.5,30127.25,30132.75,48
2026-06-25T04:55:00-04:00,30134.25,30138.75,30127.75,30130.5,73
2026-06-25T04:56:00-04:00,30130.5,30132.25,30122.75,30123.5,96
2026-06-25T04:57:00-04:00,30124.5,30126.5,30122.25,30125.25,73
2026-06-25T04:58:00-04:00,30125.75,30127.0,30111.0,30116.5,215
2026-06-25T04:59:00-04:00,30116.75,30123.25,30114.5,30119.5,94
2026-06-25T05:00:00-04:00,30121.0,30136.75,30119.75,30135.0,149
2026-06-25T05:01:00-04:00,30135.25,30136.0,30120.25,30120.75,72
2026-06-25T05:02:00-04:00,30119.5,30125.0,30114.0,30125.0,104
2026-06-25T05:03:00-04:00,30124.75,30139.75,30123.75,30139.75,98
2026-06-25T05:04:00-04:00,30139.25,30139.25,30133.25,30135.25,55
2026-06-25T05:05:00-04:00,30134.25,30144.5,30133.0,30143.75,105
2026-06-25T05:06:00-04:00,30144.25,30151.0,30142.75,30145.75,159
2026-06-25T05:07:00-04:00,30146.75,30150.5,30145.25,30145.25,77
2026-06-25T05:08:00-04:00,30147.25,30147.25,30141.25,30144.25,51
2026-06-25T05:09:00-04:00,30142.0,30146.25,30134.0,30134.0,69
2026-06-25T05:10:00-04:00,30134.5,30137.25,30130.25,30136.75,86
2026-06-25T05:11:00-04:00,30137.0,30140.25,30131.25,30139.0,73
2026-06-25T05:12:00-04:00,30140.75,30149.25,30140.75,30145.0,132
2026-06-25T05:13:00-04:00,30146.75,30150.75,30135.25,30139.25,173
2026-06-25T05:14:00-04:00,30138.5,30138.5,30133.75,30137.75,79
2026-06-25T05:15:00-04:00,30137.5,30142.75,30135.25,30138.0,117
2026-06-25T05:16:00-04:00,30134.75,30150.75,30131.75,30149.25,132
2026-06-25T05:17:00-04:00,30149.0,30149.0,30134.0,30137.0,137
2026-06-25T05:18:00-04:00,30136.25,30136.25,30122.25,30128.5,120
2026-06-25T05:19:00-04:00,30128.75,30131.25,30120.0,30122.5,115
2026-06-25T05:20:00-04:00,30121.25,30126.5,30118.25,30122.25,123
2026-06-25T05:21:00-04:00,30120.75,30127.5,30120.25,30124.5,104
2026-06-25T05:22:00-04:00,30125.25,30127.75,30123.25,30125.0,61
2026-06-25T05:23:00-04:00,30122.5,30133.75,30122.5,30131.75,76
2026-06-25T05:24:00-04:00,30133.25,30134.0,30129.0,30134.0,45
2026-06-25T05:25:00-04:00,30132.0,30132.0,30126.25,30130.75,43
2026-06-25T05:26:00-04:00,30129.75,30132.75,30128.25,30130.5,69
2026-06-25T05:27:00-04:00,30131.5,30134.5,30126.25,30130.5,76
2026-06-25T05:28:00-04:00,30131.0,30140.0,30129.5,30138.75,42
2026-06-25T05:29:00-04:00,30138.0,30143.25,30134.5,30137.25,110
2026-06-25T05:30:00-04:00,30137.25,30155.0,30135.75,30151.0,142
2026-06-25T05:31:00-04:00,30149.0,30149.0,30132.25,30134.25,135
2026-06-25T05:32:00-04:00,30134.5,30140.75,30133.25,30137.75,50
2026-06-25T05:33:00-04:00,30138.0,30144.25,30135.5,30144.0,84
2026-06-25T05:34:00-04:00,30143.5,30147.75,30140.5,30140.5,61
2026-06-25T05:35:00-04:00,30140.25,30144.25,30138.25,30142.25,77
2026-06-25T05:36:00-04:00,30142.25,30153.25,30140.0,30148.25,98
2026-06-25T05:37:00-04:00,30148.5,30156.75,30146.25,30155.25,81
2026-06-25T05:38:00-04:00,30153.25,30155.25,30151.5,30152.5,47
2026-06-25T05:39:00-04:00,30152.5,30156.25,30151.0,30156.0,44
2026-06-25T05:40:00-04:00,30155.25,30155.25,30144.5,30150.5,87
2026-06-25T05:41:00-04:00,30150.5,30155.5,30150.0,30152.25,36
2026-06-25T05:42:00-04:00,30152.5,30154.0,30147.5,30151.75,37
2026-06-25T05:43:00-04:00,30152.25,30156.0,30150.5,30152.5,86
2026-06-25T05:44:00-04:00,30151.5,30151.75,30148.25,30150.5,37
2026-06-25T05:45:00-04:00,30148.0,30149.0,30143.0,30144.75,55
2026-06-25T05:46:00-04:00,30143.5,30148.5,30141.25,30148.5,47
2026-06-25T05:47:00-04:00,30147.75,30150.5,30145.25,30146.75,31
2026-06-25T05:48:00-04:00,30148.0,30150.0,30145.5,30148.5,23
2026-06-25T05:49:00-04:00,30148.0,30151.25,30147.0,30150.5,53
2026-06-25T05:50:00-04:00,30149.5,30151.75,30146.5,30146.75,35
2026-06-25T05:51:00-04:00,30146.75,30154.0,30146.0,30152.75,28
2026-06-25T05:52:00-04:00,30150.0,30158.0,30148.75,30155.75,55
2026-06-25T05:53:00-04:00,30156.75,30157.75,30152.5,30155.0,48
2026-06-25T05:54:00-04:00,30155.75,30155.75,30144.5,30150.5,110
2026-06-25T05:55:00-04:00,30150.25,30150.5,30135.0,30135.5,85
2026-06-25T05:56:00-04:00,30136.0,30143.25,30136.0,30140.25,39
2026-06-25T05:57:00-04:00,30140.5,30144.0,30135.0,30136.5,46
2026-06-25T05:58:00-04:00,30138.0,30140.75,30135.75,30135.75,55
2026-06-25T05:59:00-04:00,30138.0,30138.0,30129.0,30131.0,82
2026-06-25T06:00:00-04:00,30131.75,30137.0,30128.5,30132.75,96
2026-06-25T06:01:00-04:00,30130.75,30140.0,30130.75,30136.5,73
2026-06-25T06:02:00-04:00,30137.5,30142.0,30137.5,30137.5,22
2026-06-25T06:03:00-04:00,30139.5,30139.5,30125.75,30128.0,65
2026-06-25T06:04:00-04:00,30127.75,30139.5,30127.5,30139.5,19
2026-06-25T06:05:00-04:00,30139.5,30140.5,30134.75,30137.5,75
2026-06-25T06:06:00-04:00,30137.25,30142.0,30132.25,30142.0,62
2026-06-25T06:07:00-04:00,30141.5,30149.75,30140.25,30145.0,120
2026-06-25T06:08:00-04:00,30144.5,30151.25,30143.25,30146.0,102
2026-06-25T06:09:00-04:00,30148.25,30151.5,30148.0,30151.5,20
2026-06-25T06:10:00-04:00,30152.0,30152.0,30144.5,30149.75,51
2026-06-25T06:11:00-04:00,30151.0,30153.25,30146.0,30149.25,33
2026-06-25T06:12:00-04:00,30150.0,30162.5,30147.0,30162.5,120
2026-06-25T06:13:00-04:00,30159.75,30160.75,30153.75,30154.0,44
2026-06-25T06:14:00-04:00,30154.0,30160.5,30153.25,30159.25,41
2026-06-25T06:15:00-04:00,30160.75,30165.25,30155.0,30165.25,62
2026-06-25T06:16:00-04:00,30166.0,30169.5,30161.75,30164.25,111
2026-06-25T06:17:00-04:00,30164.75,30164.75,30154.25,30154.25,47
2026-06-25T06:18:00-04:00,30156.25,30164.0,30156.25,30163.0,54
2026-06-25T06:19:00-04:00,30164.0,30165.25,30160.75,30162.0,83
2026-06-25T06:20:00-04:00,30159.75,30160.75,30143.0,30146.75,137
2026-06-25T06:21:00-04:00,30145.5,30151.5,30145.0,30151.5,55
2026-06-25T06:22:00-04:00,30152.25,30156.75,30151.75,30156.75,43
2026-06-25T06:23:00-04:00,30155.75,30156.5,30153.25,30155.0,10
2026-06-25T06:24:00-04:00,30157.75,30160.0,30155.75,30159.0,46
2026-06-25T06:25:00-04:00,30158.25,30167.0,30157.0,30167.0,46
2026-06-25T06:26:00-04:00,30167.0,30168.5,30160.0,30160.0,54
2026-06-25T06:27:00-04:00,30159.0,30159.5,30157.25,30157.75,27
2026-06-25T06:28:00-04:00,30159.75,30160.75,30153.25,30157.5,33
2026-06-25T06:29:00-04:00,30157.5,30164.25,30157.5,30164.25,52
2026-06-25T06:30:00-04:00,30164.75,30173.5,30164.75,30169.0,143
2026-06-25T06:31:00-04:00,30168.0,30175.0,30166.75,30169.75,181
2026-06-25T06:32:00-04:00,30167.75,30173.75,30163.5,30173.75,144
2026-06-25T06:33:00-04:00,30170.25,30171.0,30163.5,30167.0,70
2026-06-25T06:34:00-04:00,30166.0,30167.0,30160.75,30164.5,82
2026-06-25T06:35:00-04:00,30164.0,30164.25,30156.5,30159.25,90
2026-06-25T06:36:00-04:00,30161.0,30168.0,30157.0,30168.0,67
2026-06-25T06:37:00-04:00,30167.25,30181.0,30164.25,30181.0,139
2026-06-25T06:38:00-04:00,30180.5,30185.0,30179.5,30179.75,126
2026-06-25T06:39:00-04:00,30179.5,30179.5,30170.5,30173.25,77
2026-06-25T06:40:00-04:00,30172.0,30173.25,30166.0,30166.25,75
2026-06-25T06:41:00-04:00,30168.5,30168.5,30148.0,30155.5,276
2026-06-25T06:42:00-04:00,30156.25,30156.75,30152.0,30152.0,53
2026-06-25T06:43:00-04:00,30153.25,30156.75,30147.5,30155.25,85
2026-06-25T06:44:00-04:00,30153.75,30156.0,30148.5,30153.0,53
2026-06-25T06:45:00-04:00,30153.0,30153.0,30140.0,30145.75,89
2026-06-25T06:46:00-04:00,30144.75,30153.75,30144.25,30153.25,104
2026-06-25T06:47:00-04:00,30152.0,30155.0,30149.25,30154.75,69
2026-06-25T06:48:00-04:00,30155.0,30158.0,30152.5,30157.5,87
2026-06-25T06:49:00-04:00,30157.5,30162.0,30154.5,30162.0,178
2026-06-25T06:50:00-04:00,30161.25,30163.75,30156.75,30158.0,141
2026-06-25T06:51:00-04:00,30159.75,30167.5,30159.75,30167.5,40
2026-06-25T06:52:00-04:00,30167.5,30175.5,30167.25,30168.0,153
2026-06-25T06:53:00-04:00,30167.25,30167.25,30162.25,30166.75,54
2026-06-25T06:54:00-04:00,30168.0,30171.0,30167.75,30171.0,50
2026-06-25T06:55:00-04:00,30170.25,30176.0,30169.75,30173.5,49
2026-06-25T06:56:00-04:00,30174.0,30175.75,30168.75,30168.75,69
2026-06-25T06:57:00-04:00,30169.0,30169.75,30166.0,30168.25,30
2026-06-25T06:58:00-04:00,30167.0,30167.0,30152.0,30156.25,146
2026-06-25T06:59:00-04:00,30156.0,30161.5,30149.75,30160.5,129
2026-06-25T07:00:00-04:00,30160.25,30190.0,30160.0,30180.25,405
2026-06-25T07:01:00-04:00,30180.75,30190.0,30178.75,30188.5,105
2026-06-25T07:02:00-04:00,30187.25,30193.0,30181.0,30188.5,152
2026-06-25T07:03:00-04:00,30186.75,30189.5,30175.25,30178.5,156
2026-06-25T07:04:00-04:00,30179.5,30190.75,30174.75,30187.5,136
2026-06-25T07:05:00-04:00,30185.75,30187.5,30175.5,30176.0,93
2026-06-25T07:06:00-04:00,30175.5,30176.0,30160.0,30161.25,167
2026-06-25T07:07:00-04:00,30161.0,30165.25,30154.75,30160.5,227
2026-06-25T07:08:00-04:00,30159.75,30164.5,30155.75,30163.5,76
2026-06-25T07:09:00-04:00,30161.25,30165.0,30157.0,30164.0,137
2026-06-25T07:10:00-04:00,30164.5,30167.5,30161.5,30165.0,88
2026-06-25T07:11:00-04:00,30164.75,30175.25,30164.25,30171.25,192
2026-06-25T07:12:00-04:00,30171.5,30171.5,30157.0,30157.0,136
2026-06-25T07:13:00-04:00,30157.25,30159.5,30151.25,30155.75,256
2026-06-25T07:14:00-04:00,30155.75,30159.5,30152.5,30153.0,75
2026-06-25T07:15:00-04:00,30152.0,30156.75,30143.0,30152.75,201
2026-06-25T07:16:00-04:00,30151.5,30157.25,30149.5,30149.75,115
2026-06-25T07:17:00-04:00,30150.25,30158.5,30149.25,30156.25,70
2026-06-25T07:18:00-04:00,30153.25,30155.5,30146.0,30152.75,108
2026-06-25T07:19:00-04:00,30153.75,30156.5,30142.25,30144.0,132
2026-06-25T07:20:00-04:00,30143.25,30146.0,30135.25,30136.0,194
2026-06-25T07:21:00-04:00,30136.5,30136.5,30129.0,30134.0,167
2026-06-25T07:22:00-04:00,30132.5,30135.25,30120.5,30129.5,142
2026-06-25T07:23:00-04:00,30130.25,30131.25,30122.5,30122.5,96
2026-06-25T07:24:00-04:00,30122.5,30123.5,30115.25,30116.75,139
2026-06-25T07:25:00-04:00,30115.75,30121.5,30112.75,30121.0,184
2026-06-25T07:26:00-04:00,30120.75,30125.0,30115.75,30123.5,81
2026-06-25T07:27:00-04:00,30122.75,30125.75,30115.25,30120.5,124
2026-06-25T07:28:00-04:00,30121.25,30121.25,30108.25,30116.75,257
2026-06-25T07:29:00-04:00,30115.75,30120.75,30111.25,30117.75,124
2026-06-25T07:30:00-04:00,30118.75,30118.75,30099.0,30106.0,258
2026-06-25T07:31:00-04:00,30107.0,30118.0,30104.0,30113.75,139
2026-06-25T07:32:00-04:00,30114.25,30119.25,30110.25,30110.5,97
2026-06-25T07:33:00-04:00,30111.0,30124.5,30107.5,30122.5,105
2026-06-25T07:34:00-04:00,30122.75,30124.0,30109.25,30113.0,142
2026-06-25T07:35:00-04:00,30113.0,30122.5,30112.5,30119.25,106
2026-06-25T07:36:00-04:00,30120.0,30127.0,30120.0,30122.75,90
2026-06-25T07:37:00-04:00,30122.0,30122.0,30109.25,30112.75,88
2026-06-25T07:38:00-04:00,30109.5,30119.0,30109.0,30117.5,111
2026-06-25T07:39:00-04:00,30118.0,30127.25,30117.0,30123.0,104
2026-06-25T07:40:00-04:00,30123.75,30126.25,30119.75,30125.75,134
2026-06-25T07:41:00-04:00,30126.5,30129.5,30121.25,30126.75,67
2026-06-25T07:42:00-04:00,30127.75,30130.75,30123.5,30129.5,79
2026-06-25T07:43:00-04:00,30129.75,30135.0,30129.75,30133.25,80
2026-06-25T07:44:00-04:00,30133.75,30138.5,30130.0,30130.5,174
2026-06-25T07:45:00-04:00,30132.0,30155.0,30131.25,30150.0,226
2026-06-25T07:46:00-04:00,30148.75,30150.0,30142.5,30142.5,152
2026-06-25T07:47:00-04:00,30142.0,30142.25,30129.0,30134.75,202
2026-06-25T07:48:00-04:00,30135.0,30135.25,30128.5,30133.5,69
2026-06-25T07:49:00-04:00,30134.0,30138.0,30132.25,30132.25,64
2026-06-25T07:50:00-04:00,30132.5,30141.0,30130.25,30133.25,118
2026-06-25T07:51:00-04:00,30133.0,30141.0,30129.25,30137.25,126
2026-06-25T07:52:00-04:00,30137.5,30140.75,30136.75,30138.5,42
2026-06-25T07:53:00-04:00,30136.25,30136.25,30126.5,30127.25,79
2026-06-25T07:54:00-04:00,30126.5,30128.0,30118.5,30119.75,103
2026-06-25T07:55:00-04:00,30120.25,30121.75,30114.0,30117.5,127
2026-06-25T07:56:00-04:00,30118.0,30126.0,30116.5,30123.0,91
2026-06-25T07:57:00-04:00,30123.5,30131.75,30123.5,30131.25,109
2026-06-25T07:58:00-04:00,30130.75,30133.75,30122.75,30133.0,84
2026-06-25T07:59:00-04:00,30132.0,30134.75,30129.25,30131.25,132
2026-06-25T08:00:00-04:00,30130.25,30140.75,30126.75,30127.5,156
2026-06-25T08:01:00-04:00,30127.25,30130.5,30121.0,30126.75,160
2026-06-25T08:02:00-04:00,30125.5,30134.0,30125.5,30131.75,76
2026-06-25T08:03:00-04:00,30131.5,30137.75,30126.0,30133.0,167
2026-06-25T08:04:00-04:00,30132.25,30144.5,30131.0,30144.5,104
2026-06-25T08:05:00-04:00,30144.75,30161.75,30143.5,30159.0,339
2026-06-25T08:06:00-04:00,30159.75,30165.0,30154.5,30156.25,221
2026-06-25T08:07:00-04:00,30155.5,30160.25,30151.5,30157.5,100
2026-06-25T08:08:00-04:00,30159.5,30182.0,30159.5,30176.25,342
2026-06-25T08:09:00-04:00,30177.5,30178.25,30168.0,30168.25,134
2026-06-25T08:10:00-04:00,30167.25,30168.25,30161.0,30164.5,91
2026-06-25T08:11:00-04:00,30165.25,30169.25,30159.0,30163.75,150
2026-06-25T08:12:00-04:00,30163.5,30169.0,30161.75,30166.0,88
2026-06-25T08:13:00-04:00,30165.5,30167.25,30136.5,30137.5,516
2026-06-25T08:14:00-04:00,30136.0,30146.0,30132.5,30141.5,318
2026-06-25T08:15:00-04:00,30141.75,30150.0,30139.0,30144.5,166
2026-06-25T08:16:00-04:00,30144.0,30153.0,30141.25,30143.5,176
2026-06-25T08:17:00-04:00,30143.25,30143.25,30126.5,30135.75,189
2026-06-25T08:18:00-04:00,30133.75,30135.0,30127.75,30135.0,115
2026-06-25T08:19:00-04:00,30134.5,30139.25,30129.0,30133.75,105
2026-06-25T08:20:00-04:00,30132.5,30136.5,30122.25,30135.25,110
2026-06-25T08:21:00-04:00,30135.0,30139.25,30129.5,30130.25,86
2026-06-25T08:22:00-04:00,30130.5,30130.5,30122.0,30124.5,69
2026-06-25T08:23:00-04:00,30122.5,30125.5,30117.0,30122.5,124
2026-06-25T08:24:00-04:00,30122.5,30138.75,30122.0,30137.0,191
2026-06-25T08:25:00-04:00,30137.5,30146.25,30137.25,30137.75,264
2026-06-25T08:26:00-04:00,30137.75,30140.75,30131.0,30132.5,145
2026-06-25T08:27:00-04:00,30131.5,30140.75,30129.5,30139.75,83
2026-06-25T08:28:00-04:00,30139.5,30140.25,30132.5,30138.0,78
2026-06-25T08:29:00-04:00,30137.0,30139.0,30127.0,30131.0,129
2026-06-25T08:30:00-04:00,30130.75,30263.75,30126.0,30242.75,1956
2026-06-25T08:31:00-04:00,30245.25,30247.5,30205.25,30206.0,1072
2026-06-25T08:32:00-04:00,30207.0,30221.25,30177.5,30192.25,886
2026-06-25T08:33:00-04:00,30193.0,30202.5,30174.5,30176.25,499
2026-06-25T08:34:00-04:00,30176.25,30208.0,30176.25,30205.75,376
2026-06-25T08:35:00-04:00,30206.75,30214.25,30193.25,30205.5,471
2026-06-25T08:36:00-04:00,30204.75,30227.5,30204.75,30225.0,425
2026-06-25T08:37:00-04:00,30224.75,30234.75,30201.75,30204.75,524
2026-06-25T08:38:00-04:00,30203.75,30210.5,30186.75,30203.75,336
2026-06-25T08:39:00-04:00,30204.25,30209.0,30184.75,30197.75,424
2026-06-25T08:40:00-04:00,30198.25,30209.75,30183.5,30185.0,246
2026-06-25T08:41:00-04:00,30184.0,30201.25,30175.5,30192.75,337
2026-06-25T08:42:00-04:00,30194.25,30215.5,30188.0,30204.25,448
2026-06-25T08:43:00-04:00,30204.0,30206.75,30188.25,30190.25,296
2026-06-25T08:44:00-04:00,30189.75,30199.0,30186.5,30192.75,222
2026-06-25T08:45:00-04:00,30193.75,30200.5,30187.75,30198.5,155
2026-06-25T08:46:00-04:00,30197.75,30210.5,30190.75,30205.75,259
2026-06-25T08:47:00-04:00,30205.25,30222.25,30199.5,30221.75,362
2026-06-25T08:48:00-04:00,30220.75,30227.25,30213.0,30223.0,276
2026-06-25T08:49:00-04:00,30223.0,30224.5,30205.75,30207.5,200
2026-06-25T08:50:00-04:00,30208.0,30213.75,30204.5,30207.5,229
2026-06-25T08:51:00-04:00,30208.25,30221.75,30205.5,30216.0,262
2026-06-25T08:52:00-04:00,30215.75,30221.25,30211.0,30214.5,198
2026-06-25T08:53:00-04:00,30212.0,30220.0,30205.75,30211.0,141
2026-06-25T08:54:00-04:00,30210.5,30215.0,30206.0,30213.75,192
2026-06-25T08:55:00-04:00,30213.75,30214.25,30202.0,30210.25,162
2026-06-25T08:56:00-04:00,30210.75,30211.5,30198.25,30203.5,153
2026-06-25T08:57:00-04:00,30205.0,30211.5,30202.25,30202.25,100
2026-06-25T08:58:00-04:00,30201.5,30201.5,30190.75,30193.25,147
2026-06-25T08:59:00-04:00,30194.0,30206.5,30193.0,30201.25,233
2026-06-25T09:00:00-04:00,30202.75,30214.75,30192.75,30194.25,359
2026-06-25T09:01:00-04:00,30193.5,30196.75,30188.25,30190.75,308
2026-06-25T09:02:00-04:00,30192.0,30199.75,30186.5,30196.25,299
2026-06-25T09:03:00-04:00,30198.0,30201.75,30178.5,30182.5,254
2026-06-25T09:04:00-04:00,30183.5,30188.0,30172.0,30179.5,239
2026-06-25T09:05:00-04:00,30177.25,30179.25,30165.0,30171.5,452
2026-06-25T09:06:00-04:00,30171.75,30180.5,30168.25,30169.75,174
2026-06-25T09:07:00-04:00,30169.0,30176.0,30160.75,30163.25,201
2026-06-25T09:08:00-04:00,30161.5,30167.75,30160.25,30167.5,199
2026-06-25T09:09:00-04:00,30167.5,30172.0,30152.75,30155.0,347
2026-06-25T09:10:00-04:00,30156.5,30161.5,30151.75,30159.0,214
2026-06-25T09:11:00-04:00,30159.0,30165.25,30144.25,30162.5,419
2026-06-25T09:12:00-04:00,30161.5,30168.25,30157.75,30163.25,156
2026-06-25T09:13:00-04:00,30163.75,30165.0,30143.5,30160.0,599
2026-06-25T09:14:00-04:00,30158.75,30165.0,30153.75,30163.5,200
2026-06-25T09:15:00-04:00,30165.0,30165.0,30148.75,30153.5,280
2026-06-25T09:16:00-04:00,30152.5,30152.5,30141.5,30145.0,201
2026-06-25T09:17:00-04:00,30144.25,30149.0,30138.25,30147.0,166
2026-06-25T09:18:00-04:00,30147.5,30147.5,30137.0,30141.5,185
2026-06-25T09:19:00-04:00,30141.5,30149.25,30136.75,30144.0,259
2026-06-25T09:20:00-04:00,30143.5,30153.0,30141.75,30149.25,300
2026-06-25T09:21:00-04:00,30147.25,30151.75,30138.5,30143.75,308
2026-06-25T09:22:00-04:00,30142.75,30153.0,30135.75,30151.25,284
2026-06-25T09:23:00-04:00,30150.0,30152.75,30141.5,30146.0,213
2026-06-25T09:24:00-04:00,30147.0,30147.25,30130.0,30141.75,364
2026-06-25T09:25:00-04:00,30142.75,30166.75,30142.75,30161.75,717
2026-06-25T09:26:00-04:00,30160.5,30169.5,30159.75,30169.5,337
2026-06-25T09:27:00-04:00,30168.75,30179.25,30167.0,30177.5,620
2026-06-25T09:28:00-04:00,30178.25,30179.25,30153.5,30161.75,834
2026-06-25T09:29:00-04:00,30161.0,30163.5,30149.0,30151.0,1157
2026-06-25T09:30:00-04:00,30153.25,30193.0,30108.0,30122.0,6626
2026-06-25T09:31:00-04:00,30122.5,30126.75,30065.25,30081.25,4137
2026-06-25T09:32:00-04:00,30081.0,30092.5,30060.0,30070.0,2883
2026-06-25T09:33:00-04:00,30070.5,30070.5,30040.0,30050.25,2653
2026-06-25T09:34:00-04:00,30049.75,30075.5,30045.0,30057.75,2502
2026-06-25T09:35:00-04:00,30057.75,30088.25,30057.5,30087.0,2142
2026-06-25T09:36:00-04:00,30085.5,30090.5,30047.0,30064.0,1828
2026-06-25T09:37:00-04:00,30064.0,30084.0,30026.75,30029.25,2163
2026-06-25T09:38:00-04:00,30029.5,30035.75,29991.75,30009.0,2727
2026-06-25T09:39:00-04:00,30008.25,30031.5,29994.75,29995.5,2021
2026-06-25T09:40:00-04:00,29995.75,30010.5,29944.5,29946.75,3189
2026-06-25T09:41:00-04:00,29947.75,29961.75,29904.0,29906.0,2904
2026-06-25T09:42:00-04:00,29906.5,29913.0,29844.5,29846.25,3887
2026-06-25T09:43:00-04:00,29846.0,29853.75,29758.25,29769.25,4004
2026-06-25T09:44:00-04:00,29771.25,29806.0,29747.0,29768.25,4238
2026-06-25T09:45:00-04:00,29768.25,29817.0,29690.0,29702.25,5393
2026-06-25T09:46:00-04:00,29702.25,29716.75,29587.5,29618.25,5309
2026-06-25T09:47:00-04:00,29620.5,29657.75,29572.5,29600.0,3781
2026-06-25T09:48:00-04:00,29601.25,29636.75,29530.25,29532.75,4286
2026-06-25T09:49:00-04:00,29532.75,29653.0,29528.75,29637.5,3401
2026-06-25T09:50:00-04:00,29638.25,29683.0,29600.0,29646.25,4017
2026-06-25T09:51:00-04:00,29646.25,29655.75,29535.25,29540.25,3537
2026-06-25T09:52:00-04:00,29538.75,29556.25,29486.0,29520.0,3997
2026-06-25T09:53:00-04:00,29519.25,29565.0,29444.0,29453.0,3664
2026-06-25T09:54:00-04:00,29453.5,29486.5,29405.75,29421.5,3474
2026-06-25T09:55:00-04:00,29421.75,29447.25,29335.25,29384.75,4278
2026-06-25T09:56:00-04:00,29384.75,29435.75,29364.75,29398.5,3543
2026-06-25T09:57:00-04:00,29396.75,29464.0,29380.0,29419.25,3264
2026-06-25T09:58:00-04:00,29419.0,29432.0,29355.25,29357.75,2548
2026-06-25T09:59:00-04:00,29356.5,29385.0,29295.75,29316.0,3093
2026-06-25T10:00:00-04:00,29316.75,29414.75,29306.5,29379.0,3562
2026-06-25T10:01:00-04:00,29379.5,29460.75,29349.0,29424.0,2715
2026-06-25T10:02:00-04:00,29429.0,29490.0,29401.5,29483.5,2819
2026-06-25T10:03:00-04:00,29483.5,29546.25,29465.75,29510.0,3745
2026-06-25T10:04:00-04:00,29511.25,29518.5,29464.0,29487.0,2410
2026-06-25T10:05:00-04:00,29487.5,29566.0,29484.75,29505.5,3067
2026-06-25T10:06:00-04:00,29502.25,29556.5,29489.5,29544.5,2657
2026-06-25T10:07:00-04:00,29545.5,29581.5,29540.0,29574.5,2488
2026-06-25T10:08:00-04:00,29575.0,29610.25,29543.5,29588.5,2513
2026-06-25T10:09:00-04:00,29590.75,29615.25,29576.5,29604.0,1881
2026-06-25T10:10:00-04:00,29605.25,29677.5,29593.75,29650.5,3010
2026-06-25T10:11:00-04:00,29649.75,29690.0,29635.75,29664.0,2555
2026-06-25T10:12:00-04:00,29663.75,29677.75,29618.25,29622.0,2290
2026-06-25T10:13:00-04:00,29623.0,29643.5,29553.25,29578.75,2541
2026-06-25T10:14:00-04:00,29579.75,29597.5,29542.75,29548.25,2184
2026-06-25T10:15:00-04:00,29547.25,29610.5,29528.75,29538.75,2599
2026-06-25T10:16:00-04:00,29540.5,29560.75,29477.25,29501.0,2356
2026-06-25T10:17:00-04:00,29500.75,29568.5,29485.0,29537.0,2132
2026-06-25T10:18:00-04:00,29535.25,29562.75,29508.0,29522.0,1842
2026-06-25T10:19:00-04:00,29518.75,29618.75,29488.0,29612.25,2231
2026-06-25T10:20:00-04:00,29609.0,29673.25,29593.75,29651.75,2725
2026-06-25T10:21:00-04:00,29650.25,29682.25,29635.5,29674.5,1883
2026-06-25T10:22:00-04:00,29674.0,29685.5,29590.0,29592.75,2440
2026-06-25T10:23:00-04:00,29593.25,29614.75,29559.75,29588.0,2033
2026-06-25T10:24:00-04:00,29588.25,29590.25,29524.0,29569.75,1732
2026-06-25T10:25:00-04:00,29570.0,29614.5,29570.0,29591.75,1745
2026-06-25T10:26:00-04:00,29592.5,29627.75,29562.0,29608.5,1390
2026-06-25T10:27:00-04:00,29609.0,29638.25,29562.5,29575.25,1421
2026-06-25T10:28:00-04:00,29575.25,29614.5,29551.0,29587.0,1385
2026-06-25T10:29:00-04:00,29590.0,29608.25,29566.25,29586.25,1486
2026-06-25T10:30:00-04:00,29586.0,29622.5,29584.0,29601.25,1283
2026-06-25T10:31:00-04:00,29603.75,29638.0,29599.25,29600.25,1472
2026-06-25T10:32:00-04:00,29603.0,29666.5,29584.25,29658.5,1986
2026-06-25T10:33:00-04:00,29656.75,29716.25,29647.0,29689.5,2190
2026-06-25T10:34:00-04:00,29689.75,29695.0,29618.75,29670.25,1995
2026-06-25T10:35:00-04:00,29666.5,29694.0,29661.0,29670.0,1249
2026-06-25T10:36:00-04:00,29671.0,29687.25,29654.0,29670.0,1210
2026-06-25T10:37:00-04:00,29671.25,29691.25,29607.75,29631.75,1687
2026-06-25T10:38:00-04:00,29630.75,29658.5,29623.0,29639.5,951
2026-06-25T10:39:00-04:00,29639.25,29709.75,29637.5,29698.0,1459
2026-06-25T10:40:00-04:00,29697.5,29711.5,29672.0,29696.5,1194
2026-06-25T10:41:00-04:00,29697.75,29703.5,29657.25,29668.75,1120
2026-06-25T10:42:00-04:00,29669.0,29669.5,29629.75,29636.25,1139
2026-06-25T10:43:00-04:00,29635.25,29648.75,29595.0,29599.5,1377
2026-06-25T10:44:00-04:00,29600.25,29620.75,29564.25,29603.75,2048
2026-06-25T10:45:00-04:00,29604.0,29622.25,29562.0,29597.25,1481
2026-06-25T10:46:00-04:00,29596.25,29613.25,29576.75,29581.75,881
2026-06-25T10:47:00-04:00,29583.0,29611.0,29573.0,29595.75,842
2026-06-25T10:48:00-04:00,29597.5,29654.25,29594.75,29654.25,1297
2026-06-25T10:49:00-04:00,29654.0,29685.25,29652.0,29672.0,1235
2026-06-25T10:50:00-04:00,29670.75,29700.0,29646.25,29657.25,1593
2026-06-25T10:51:00-04:00,29655.5,29738.25,29646.5,29729.0,1936
2026-06-25T10:52:00-04:00,29728.75,29774.0,29722.5,29765.25,1809
2026-06-25T10:53:00-04:00,29766.25,29771.0,29726.0,29741.75,1522
2026-06-25T10:54:00-04:00,29741.75,29776.75,29738.5,29772.25,1230
2026-06-25T10:55:00-04:00,29772.0,29772.5,29735.5,29746.75,1472
2026-06-25T10:56:00-04:00,29745.0,29752.5,29716.0,29718.25,1341
2026-06-25T10:57:00-04:00,29719.5,29721.0,29616.25,29621.75,3025
2026-06-25T10:58:00-04:00,29623.0,29659.75,29611.75,29615.5,2152
2026-06-25T10:59:00-04:00,29617.5,29665.0,29612.0,29633.25,2604
2026-06-25T11:00:00-04:00,29633.25,29649.0,29607.25,29648.75,1387
2026-06-25T11:01:00-04:00,29646.0,29687.25,29641.25,29654.25,1482
2026-06-25T11:02:00-04:00,29657.0,29698.0,29642.0,29696.75,1003
2026-06-25T11:03:00-04:00,29696.75,29697.25,29656.5,29676.25,744
2026-06-25T11:04:00-04:00,29676.75,29733.25,29673.75,29726.5,1121
2026-06-25T11:05:00-04:00,29727.25,29746.25,29660.0,29672.0,2723
2026-06-25T11:06:00-04:00,29670.5,29687.25,29631.0,29652.75,2068
2026-06-25T11:07:00-04:00,29655.75,29665.0,29633.25,29651.5,931
2026-06-25T11:08:00-04:00,29652.75,29677.25,29640.5,29649.5,727
2026-06-25T11:09:00-04:00,29650.75,29663.75,29624.75,29643.5,841
2026-06-25T11:10:00-04:00,29642.75,29661.0,29630.0,29650.0,748
2026-06-25T11:11:00-04:00,29652.25,29652.75,29581.0,29595.5,2233
2026-06-25T11:12:00-04:00,29596.5,29608.0,29541.0,29551.0,2059
2026-06-25T11:13:00-04:00,29550.25,29563.5,29527.75,29539.25,1507
2026-06-25T11:14:00-04:00,29539.5,29550.0,29509.75,29534.25,1191
2026-06-25T11:15:00-04:00,29534.0,29535.25,29462.5,29488.5,2492
2026-06-25T11:16:00-04:00,29488.75,29503.0,29469.0,29501.5,1309
2026-06-25T11:17:00-04:00,29499.75,29545.0,29495.0,29533.0,1508
2026-06-25T11:18:00-04:00,29532.5,29584.0,29526.0,29560.0,1444
2026-06-25T11:19:00-04:00,29560.5,29608.75,29552.25,29591.25,1172
2026-06-25T11:20:00-04:00,29591.0,29593.75,29542.5,29558.75,1965
2026-06-25T11:21:00-04:00,29558.25,29621.25,29558.0,29618.5,1097
2026-06-25T11:22:00-04:00,29618.75,29628.25,29597.5,29614.75,804
2026-06-25T11:23:00-04:00,29615.0,29639.0,29606.25,29618.75,844
2026-06-25T11:24:00-04:00,29619.0,29666.75,29618.25,29645.5,1834
2026-06-25T11:25:00-04:00,29644.5,29644.5,29609.0,29609.0,1084
2026-06-25T11:26:00-04:00,29610.75,29622.0,29583.25,29615.0,821
2026-06-25T11:27:00-04:00,29617.25,29644.75,29603.75,29627.25,761
2026-06-25T11:28:00-04:00,29630.25,29633.25,29593.5,29619.5,606
2026-06-25T11:29:00-04:00,29617.25,29624.25,29592.5,29612.75,947
2026-06-25T11:30:00-04:00,29614.5,29636.75,29605.5,29631.0,865
2026-06-25T11:31:00-04:00,29628.0,29668.5,29622.75,29647.5,1199
2026-06-25T11:32:00-04:00,29650.5,29693.0,29644.0,29682.75,943
2026-06-25T11:33:00-04:00,29682.75,29686.25,29653.25,29669.75,1254
2026-06-25T11:34:00-04:00,29669.0,29677.5,29616.25,29620.25,1497
2026-06-25T11:35:00-04:00,29621.75,29656.0,29620.5,29644.0,673
2026-06-25T11:36:00-04:00,29644.0,29672.75,29641.25,29665.0,662
2026-06-25T11:37:00-04:00,29665.0,29680.25,29649.5,29654.0,607
2026-06-25T11:38:00-04:00,29654.25,29672.25,29643.0,29657.75,418
2026-06-25T11:39:00-04:00,29657.0,29657.0,29636.25,29641.0,485
2026-06-25T11:40:00-04:00,29639.75,29665.0,29631.5,29657.0,571
2026-06-25T11:41:00-04:00,29656.25,29670.25,29632.25,29655.25,604
2026-06-25T11:42:00-04:00,29654.75,29661.25,29639.25,29656.75,343
2026-06-25T11:43:00-04:00,29656.25,29686.0,29654.25,29665.25,642
2026-06-25T11:44:00-04:00,29667.5,29702.0,29664.25,29695.75,980
2026-06-25T11:45:00-04:00,29695.5,29745.0,29683.75,29735.5,1699
2026-06-25T11:46:00-04:00,29736.0,29761.5,29730.75,29739.5,1344
2026-06-25T11:47:00-04:00,29739.25,29752.0,29733.25,29743.5,668
2026-06-25T11:48:00-04:00,29744.75,29747.0,29691.5,29700.25,1118
2026-06-25T11:49:00-04:00,29700.75,29707.0,29668.5,29678.25,816
2026-06-25T11:50:00-04:00,29678.25,29690.5,29652.25,29674.5,936
2026-06-25T11:51:00-04:00,29674.0,29714.25,29671.75,29688.25,844
2026-06-25T11:52:00-04:00,29686.25,29694.5,29674.5,29683.75,448
2026-06-25T11:53:00-04:00,29685.0,29691.0,29664.5,29680.25,625
2026-06-25T11:54:00-04:00,29678.5,29711.25,29678.5,29698.75,555
2026-06-25T11:55:00-04:00,29698.0,29707.0,29683.75,29689.0,447
2026-06-25T11:56:00-04:00,29689.25,29700.25,29678.5,29686.0,496
2026-06-25T11:57:00-04:00,29686.0,29714.5,29676.0,29692.25,550
2026-06-25T11:58:00-04:00,29692.75,29694.0,29666.0,29673.25,506
2026-06-25T11:59:00-04:00,29671.25,29675.25,29652.0,29659.75,691
2026-06-25T12:00:00-04:00,29661.75,29675.5,29643.75,29671.25,922
2026-06-25T12:01:00-04:00,29672.5,29684.5,29644.5,29672.25,917
2026-06-25T12:02:00-04:00,29671.0,29676.75,29655.0,29659.5,663
2026-06-25T12:03:00-04:00,29657.5,29670.25,29647.75,29657.5,726
2026-06-25T12:04:00-04:00,29659.0,29689.0,29658.25,29684.5,661
2026-06-25T12:05:00-04:00,29686.0,29718.25,29677.0,29711.0,709
2026-06-25T12:06:00-04:00,29711.5,29765.75,29703.0,29763.25,1401
2026-06-25T12:07:00-04:00,29764.5,29765.5,29743.25,29745.75,886
2026-06-25T12:08:00-04:00,29746.5,29773.0,29734.75,29770.0,796
2026-06-25T12:09:00-04:00,29770.75,29797.25,29759.75,29790.5,1262
2026-06-25T12:10:00-04:00,29791.25,29828.5,29781.75,29823.0,1634
2026-06-25T12:11:00-04:00,29823.25,29843.0,29802.0,29811.25,1252
2026-06-25T12:12:00-04:00,29811.75,29818.25,29791.75,29809.75,899
2026-06-25T12:13:00-04:00,29811.5,29844.25,29809.5,29841.0,1006
2026-06-25T12:14:00-04:00,29839.5,29839.5,29819.0,29825.5,779
2026-06-25T12:15:00-04:00,29826.5,29855.25,29825.0,29850.5,1385
2026-06-25T12:16:00-04:00,29849.5,29865.25,29843.0,29863.25,1622
2026-06-25T12:17:00-04:00,29863.0,29872.0,29843.0,29855.75,1298
2026-06-25T12:18:00-04:00,29856.0,29865.0,29837.0,29841.75,854
2026-06-25T12:19:00-04:00,29842.5,29843.0,29810.75,29819.75,1589
2026-06-25T12:20:00-04:00,29819.25,29837.25,29807.5,29807.5,1049
2026-06-25T12:21:00-04:00,29807.25,29821.5,29796.5,29818.25,1069
2026-06-25T12:22:00-04:00,29818.25,29825.5,29787.5,29789.5,730
2026-06-25T12:23:00-04:00,29789.25,29798.5,29753.75,29756.5,1210
2026-06-25T12:24:00-04:00,29756.0,29774.25,29743.25,29760.75,1106
2026-06-25T12:25:00-04:00,29760.25,29771.5,29732.0,29743.0,1057
2026-06-25T12:26:00-04:00,29743.0,29765.75,29742.25,29756.5,630
2026-06-25T12:27:00-04:00,29755.5,29760.5,29742.5,29756.25,436
2026-06-25T12:28:00-04:00,29756.5,29771.25,29748.5,29753.5,767
2026-06-25T12:29:00-04:00,29753.5,29769.5,29741.75,29763.0,602
2026-06-25T12:30:00-04:00,29765.0,29768.5,29727.25,29739.25,878
2026-06-25T12:31:00-04:00,29739.5,29750.25,29712.75,29717.25,923
2026-06-25T12:32:00-04:00,29716.5,29733.25,29708.0,29708.25,847
2026-06-25T12:33:00-04:00,29707.5,29713.5,29673.25,29705.5,1388
2026-06-25T12:34:00-04:00,29705.0,29710.75,29685.5,29710.75,741
2026-06-25T12:35:00-04:00,29710.0,29721.5,29684.75,29713.75,796
2026-06-25T12:36:00-04:00,29713.0,29735.25,29702.0,29711.25,975
2026-06-25T12:37:00-04:00,29710.0,29710.5,29691.75,29704.75,724
2026-06-25T12:38:00-04:00,29703.25,29703.25,29682.5,29697.0,569
2026-06-25T12:39:00-04:00,29696.75,29705.25,29672.75,29683.75,780
2026-06-25T12:40:00-04:00,29683.75,29689.5,29667.75,29680.0,736
2026-06-25T12:41:00-04:00,29678.75,29697.25,29661.25,29664.5,799
2026-06-25T12:42:00-04:00,29663.5,29686.75,29660.0,29669.25,627
2026-06-25T12:43:00-04:00,29668.5,29683.25,29646.75,29647.5,918
2026-06-25T12:44:00-04:00,29648.25,29655.75,29638.0,29651.0,939
2026-06-25T12:45:00-04:00,29650.0,29651.5,29586.5,29592.0,2214
2026-06-25T12:46:00-04:00,29591.75,29645.25,29589.25,29639.5,1441
2026-06-25T12:47:00-04:00,29639.75,29681.25,29633.25,29666.0,1339
2026-06-25T12:48:00-04:00,29665.75,29697.25,29664.25,29685.0,1049
2026-06-25T12:49:00-04:00,29685.0,29706.75,29677.5,29698.5,934
2026-06-25T12:50:00-04:00,29698.75,29710.25,29679.5,29701.5,840
2026-06-25T12:51:00-04:00,29700.0,29708.0,29676.25,29681.0,668
2026-06-25T12:52:00-04:00,29680.25,29694.75,29662.5,29693.25,748
2026-06-25T12:53:00-04:00,29693.25,29715.75,29687.5,29695.5,806
2026-06-25T12:54:00-04:00,29696.75,29713.0,29688.0,29688.75,432
2026-06-25T12:55:00-04:00,29690.0,29693.0,29654.5,29666.25,848
2026-06-25T12:56:00-04:00,29666.5,29682.5,29648.0,29657.0,859
2026-06-25T12:57:00-04:00,29654.75,29675.25,29649.0,29653.75,490
2026-06-25T12:58:00-04:00,29653.75,29678.25,29653.75,29676.0,431
2026-06-25T12:59:00-04:00,29675.75,29684.25,29668.5,29682.0,351
2026-06-25T13:00:00-04:00,29681.5,29717.5,29680.25,29702.5,822
2026-06-25T13:01:00-04:00,29705.75,29710.0,29685.25,29699.5,471
2026-06-25T13:02:00-04:00,29699.25,29710.25,29678.75,29692.75,563
2026-06-25T13:03:00-04:00,29691.5,29709.0,29684.5,29700.75,524
2026-06-25T13:04:00-04:00,29704.5,29709.75,29687.0,29687.75,502
2026-06-25T13:05:00-04:00,29688.5,29698.25,29678.25,29691.25,414
2026-06-25T13:06:00-04:00,29689.5,29692.25,29674.75,29675.5,352
2026-06-25T13:07:00-04:00,29674.75,29699.0,29671.75,29697.25,460
2026-06-25T13:08:00-04:00,29697.5,29715.5,29692.5,29694.75,572
2026-06-25T13:09:00-04:00,29694.0,29711.75,29693.0,29705.25,342
2026-06-25T13:10:00-04:00,29706.75,29750.0,29706.75,29745.25,1141
2026-06-25T13:11:00-04:00,29744.0,29778.75,29742.0,29756.0,1272
2026-06-25T13:12:00-04:00,29755.75,29758.25,29729.5,29748.0,595
2026-06-25T13:13:00-04:00,29746.5,29767.25,29742.0,29763.25,674
2026-06-25T13:14:00-04:00,29762.5,29771.0,29743.75,29748.5,1068
2026-06-25T13:15:00-04:00,29747.75,29803.75,29747.75,29798.75,1374
2026-06-25T13:16:00-04:00,29798.25,29811.0,29785.0,29789.75,826
2026-06-25T13:17:00-04:00,29788.75,29799.5,29763.75,29775.75,824
2026-06-25T13:18:00-04:00,29776.5,29776.75,29734.25,29735.75,1043
2026-06-25T13:19:00-04:00,29735.0,29746.0,29700.0,29702.0,1069
2026-06-25T13:20:00-04:00,29701.0,29720.5,29674.0,29710.25,1217
2026-06-25T13:21:00-04:00,29711.25,29730.5,29704.75,29719.5,548
2026-06-25T13:22:00-04:00,29719.0,29730.0,29706.75,29714.25,408
2026-06-25T13:23:00-04:00,29715.0,29722.25,29699.0,29720.5,1126
2026-06-25T13:24:00-04:00,29720.5,29744.0,29717.25,29734.5,524
2026-06-25T13:25:00-04:00,29734.5,29749.75,29725.25,29738.0,524
2026-06-25T13:26:00-04:00,29739.25,29774.0,29739.25,29771.0,632
2026-06-25T13:27:00-04:00,29772.25,29779.75,29764.5,29772.0,553
2026-06-25T13:28:00-04:00,29772.0,29772.0,29740.25,29746.25,1197
2026-06-25T13:29:00-04:00,29746.75,29767.25,29745.75,29764.5,434
2026-06-25T13:30:00-04:00,29764.75,29779.25,29756.25,29772.0,670
2026-06-25T13:31:00-04:00,29770.75,29771.5,29746.25,29751.25,450
2026-06-25T13:32:00-04:00,29751.0,29760.75,29732.75,29735.0,451
2026-06-25T13:33:00-04:00,29735.5,29747.0,29720.0,29737.25,580
2026-06-25T13:34:00-04:00,29737.0,29742.75,29726.75,29732.75,276
2026-06-25T13:35:00-04:00,29733.25,29756.0,29729.75,29745.5,455
2026-06-25T13:36:00-04:00,29745.5,29773.25,29744.5,29760.75,451
2026-06-25T13:37:00-04:00,29761.75,29761.75,29743.5,29751.0,344
2026-06-25T13:38:00-04:00,29751.75,29771.75,29747.75,29769.0,308
2026-06-25T13:39:00-04:00,29770.0,29773.25,29754.5,29768.0,391
2026-06-25T13:40:00-04:00,29768.0,29795.25,29766.0,29787.75,640
2026-06-25T13:41:00-04:00,29788.75,29798.25,29765.0,29769.0,889
2026-06-25T13:42:00-04:00,29770.0,29776.5,29758.5,29762.25,402
2026-06-25T13:43:00-04:00,29763.0,29775.75,29743.5,29744.25,518
2026-06-25T13:44:00-04:00,29742.75,29745.75,29726.5,29735.25,684
2026-06-25T13:45:00-04:00,29735.5,29737.5,29694.75,29702.0,1016
2026-06-25T13:46:00-04:00,29702.25,29724.5,29698.25,29709.75,548
2026-06-25T13:47:00-04:00,29709.5,29711.5,29686.25,29703.0,750
2026-06-25T13:48:00-04:00,29701.75,29706.75,29683.75,29696.5,518
2026-06-25T13:49:00-04:00,29695.75,29698.5,29681.75,29695.75,588
2026-06-25T13:50:00-04:00,29694.0,29710.5,29681.25,29700.0,743
2026-06-25T13:51:00-04:00,29700.25,29709.25,29688.75,29694.0,410
2026-06-25T13:52:00-04:00,29694.25,29717.5,29693.75,29707.0,547
2026-06-25T13:53:00-04:00,29707.5,29753.0,29702.0,29743.25,953
2026-06-25T13:54:00-04:00,29744.25,29760.5,29738.5,29746.75,846
2026-06-25T13:55:00-04:00,29745.75,29757.0,29733.0,29756.0,664
2026-06-25T13:56:00-04:00,29755.0,29758.5,29725.25,29757.5,1146
2026-06-25T13:57:00-04:00,29758.25,29780.0,29757.0,29771.0,919
2026-06-25T13:58:00-04:00,29771.25,29797.25,29769.25,29793.5,736
2026-06-25T13:59:00-04:00,29793.0,29804.0,29782.25,29794.5,992
2026-06-25T14:00:00-04:00,29793.75,29802.0,29772.5,29782.75,1044
2026-06-25T14:01:00-04:00,29784.25,29800.0,29777.5,29782.75,794
2026-06-25T14:02:00-04:00,29781.75,29783.0,29689.5,29695.5,2386
2026-06-25T14:03:00-04:00,29698.75,29728.5,29680.75,29683.25,3101
2026-06-25T14:04:00-04:00,29683.5,29722.5,29678.75,29708.75,1582
2026-06-25T14:05:00-04:00,29709.75,29721.0,29692.0,29715.5,1019
2026-06-25T14:06:00-04:00,29715.25,29763.75,29713.0,29761.75,1268
2026-06-25T14:07:00-04:00,29761.5,29786.5,29749.0,29774.25,975
2026-06-25T14:08:00-04:00,29776.0,29789.0,29769.0,29774.25,863
2026-06-25T14:09:00-04:00,29774.5,29811.5,29773.0,29798.5,2302
2026-06-25T14:10:00-04:00,29797.75,29813.75,29780.75,29787.0,1056
2026-06-25T14:11:00-04:00,29787.75,29805.75,29786.0,29799.5,606
2026-06-25T14:12:00-04:00,29800.5,29818.0,29791.0,29793.25,776
2026-06-25T14:13:00-04:00,29792.75,29793.75,29757.75,29763.5,1220
2026-06-25T14:14:00-04:00,29763.25,29781.25,29751.5,29773.0,892
2026-06-25T14:15:00-04:00,29772.5,29775.5,29747.5,29758.75,594
2026-06-25T14:16:00-04:00,29759.0,29795.75,29759.0,29791.0,800
2026-06-25T14:17:00-04:00,29790.75,29801.75,29785.0,29789.5,689
2026-06-25T14:18:00-04:00,29788.75,29830.75,29782.75,29828.25,1519
2026-06-25T14:19:00-04:00,29827.5,29869.75,29825.75,29838.25,2425
2026-06-25T14:20:00-04:00,29836.5,29858.75,29823.0,29826.25,1046
2026-06-25T14:21:00-04:00,29826.5,29826.5,29790.5,29805.5,1022
2026-06-25T14:22:00-04:00,29804.75,29832.5,29803.0,29811.25,1327
2026-06-25T14:23:00-04:00,29811.5,29824.25,29806.25,29824.25,480
2026-06-25T14:24:00-04:00,29823.25,29843.25,29817.75,29824.75,1197
2026-06-25T14:25:00-04:00,29824.25,29862.0,29824.0,29859.0,1319
2026-06-25T14:26:00-04:00,29858.75,29872.75,29852.0,29868.25,731
2026-06-25T14:27:00-04:00,29868.25,29871.5,29848.75,29871.5,633
2026-06-25T14:28:00-04:00,29870.25,29891.25,29866.5,29870.75,983
2026-06-25T14:29:00-04:00,29871.5,29885.5,29866.0,29877.25,426
2026-06-25T14:30:00-04:00,29877.25,29878.0,29827.25,29827.25,1054
2026-06-25T14:31:00-04:00,29829.25,29834.25,29808.0,29823.25,990
2026-06-25T14:32:00-04:00,29823.0,29828.25,29796.75,29799.25,751
2026-06-25T14:33:00-04:00,29799.0,29799.5,29769.5,29774.5,1028
2026-06-25T14:34:00-04:00,29773.75,29786.75,29765.5,29769.75,672
2026-06-25T14:35:00-04:00,29768.5,29778.75,29739.25,29768.75,1179
2026-06-25T14:36:00-04:00,29767.25,29790.25,29764.25,29777.75,873
2026-06-25T14:37:00-04:00,29776.75,29793.75,29761.5,29791.75,1269
2026-06-25T14:38:00-04:00,29790.5,29806.5,29781.75,29791.75,548
2026-06-25T14:39:00-04:00,29791.0,29801.25,29764.25,29789.0,793
2026-06-25T14:40:00-04:00,29789.0,29794.75,29772.0,29782.5,590
2026-06-25T14:41:00-04:00,29784.25,29784.75,29754.25,29761.25,663
2026-06-25T14:42:00-04:00,29761.0,29781.25,29757.25,29778.5,566
2026-06-25T14:43:00-04:00,29779.25,29795.75,29776.0,29794.0,525
2026-06-25T14:44:00-04:00,29793.25,29801.0,29785.75,29789.0,485
2026-06-25T14:45:00-04:00,29789.25,29789.25,29745.0,29757.25,966
2026-06-25T14:46:00-04:00,29757.0,29766.0,29722.0,29723.5,789
2026-06-25T14:47:00-04:00,29722.0,29732.0,29703.25,29729.5,889
2026-06-25T14:48:00-04:00,29728.0,29742.5,29724.0,29740.0,547
2026-06-25T14:49:00-04:00,29741.0,29766.75,29741.0,29765.75,666
2026-06-25T14:50:00-04:00,29764.75,29781.5,29761.0,29774.5,813
2026-06-25T14:51:00-04:00,29776.0,29784.75,29752.25,29756.75,565
2026-06-25T14:52:00-04:00,29755.75,29812.0,29751.0,29811.5,858
2026-06-25T14:53:00-04:00,29809.0,29811.25,29783.5,29785.5,507
2026-06-25T14:54:00-04:00,29786.25,29793.0,29761.75,29771.0,509
2026-06-25T14:55:00-04:00,29770.25,29794.5,29769.5,29781.75,500
2026-06-25T14:56:00-04:00,29783.0,29786.25,29761.75,29777.25,393
2026-06-25T14:57:00-04:00,29777.5,29780.75,29752.0,29764.75,465
2026-06-25T14:58:00-04:00,29765.5,29775.75,29754.0,29755.75,439
2026-06-25T14:59:00-04:00,29755.75,29773.5,29750.5,29773.5,438
2026-06-25T15:00:00-04:00,29773.75,29777.5,29754.75,29760.75,540
2026-06-25T15:01:00-04:00,29760.25,29766.5,29740.25,29741.5,594
2026-06-25T15:02:00-04:00,29742.0,29743.5,29717.25,29719.0,924
2026-06-25T15:03:00-04:00,29719.25,29723.0,29690.5,29712.5,897
2026-06-25T15:04:00-04:00,29711.25,29718.5,29690.0,29694.0,793
2026-06-25T15:05:00-04:00,29693.25,29711.75,29680.0,29680.0,751
2026-06-25T15:06:00-04:00,29681.0,29703.75,29676.0,29695.25,710
2026-06-25T15:07:00-04:00,29696.75,29713.5,29691.5,29708.25,606
2026-06-25T15:08:00-04:00,29709.0,29720.25,29698.0,29703.25,617
2026-06-25T15:09:00-04:00,29703.25,29712.75,29690.5,29705.75,578
2026-06-25T15:10:00-04:00,29706.75,29714.5,29688.5,29701.25,654
2026-06-25T15:11:00-04:00,29705.0,29713.75,29695.25,29696.0,485
2026-06-25T15:12:00-04:00,29696.5,29703.25,29687.25,29697.25,425
2026-06-25T15:13:00-04:00,29698.25,29710.75,29671.5,29680.0,722
2026-06-25T15:14:00-04:00,29678.5,29687.0,29661.0,29672.25,749
2026-06-25T15:15:00-04:00,29670.25,29671.25,29640.0,29655.25,1248
2026-06-25T15:16:00-04:00,29654.0,29682.0,29653.75,29670.75,1045
2026-06-25T15:17:00-04:00,29671.5,29672.75,29630.75,29632.0,835
2026-06-25T15:18:00-04:00,29633.0,29655.5,29626.5,29631.75,773
2026-06-25T15:19:00-04:00,29631.25,29655.0,29626.0,29651.75,1104
2026-06-25T15:20:00-04:00,29651.5,29665.75,29638.5,29642.75,761
2026-06-25T15:21:00-04:00,29642.25,29665.0,29635.25,29646.25,914
2026-06-25T15:22:00-04:00,29647.25,29669.25,29640.75,29662.5,662
2026-06-25T15:23:00-04:00,29662.75,29677.25,29651.25,29659.25,969
2026-06-25T15:24:00-04:00,29657.5,29673.5,29652.5,29672.5,492
2026-06-25T15:25:00-04:00,29673.25,29692.75,29668.75,29677.5,843
2026-06-25T15:26:00-04:00,29677.25,29692.75,29667.0,29688.75,642
2026-06-25T15:27:00-04:00,29688.75,29693.25,29670.0,29670.0,620
2026-06-25T15:28:00-04:00,29671.75,29672.25,29652.75,29660.25,765
2026-06-25T15:29:00-04:00,29658.75,29699.25,29656.25,29682.75,867
2026-06-25T15:30:00-04:00,29682.75,29688.75,29658.25,29661.5,951
2026-06-25T15:31:00-04:00,29660.75,29662.0,29629.5,29640.25,933
2026-06-25T15:32:00-04:00,29640.25,29657.5,29631.5,29631.5,580
2026-06-25T15:33:00-04:00,29631.75,29650.5,29630.5,29646.5,409
2026-06-25T15:34:00-04:00,29645.75,29674.0,29643.75,29667.5,718
2026-06-25T15:35:00-04:00,29667.0,29667.5,29645.0,29650.75,488
2026-06-25T15:36:00-04:00,29650.75,29664.5,29635.75,29638.5,672
2026-06-25T15:37:00-04:00,29638.75,29648.25,29623.75,29642.75,857
2026-06-25T15:38:00-04:00,29644.0,29644.0,29624.75,29628.5,417
2026-06-25T15:39:00-04:00,29628.0,29648.0,29620.5,29646.25,550
2026-06-25T15:40:00-04:00,29648.75,29674.75,29642.75,29647.0,1001
2026-06-25T15:41:00-04:00,29647.25,29677.25,29629.0,29671.25,1018
2026-06-25T15:42:00-04:00,29669.5,29685.0,29665.75,29672.5,654
2026-06-25T15:43:00-04:00,29672.75,29683.0,29663.5,29680.75,626
2026-06-25T15:44:00-04:00,29680.5,29687.5,29668.25,29673.0,558
2026-06-25T15:45:00-04:00,29672.75,29678.25,29654.25,29661.25,783
2026-06-25T15:46:00-04:00,29660.75,29665.0,29635.5,29649.25,651
2026-06-25T15:47:00-04:00,29649.25,29680.25,29649.0,29659.0,836
2026-06-25T15:48:00-04:00,29659.5,29659.75,29642.25,29644.0,509
2026-06-25T15:49:00-04:00,29644.0,29655.25,29634.75,29654.25,629
2026-06-25T15:50:00-04:00,29652.5,29663.25,29616.25,29639.5,1362
2026-06-25T15:51:00-04:00,29640.75,29671.25,29631.0,29666.5,1058
2026-06-25T15:52:00-04:00,29664.75,29689.25,29661.5,29689.25,900
2026-06-25T15:53:00-04:00,29689.0,29709.5,29680.0,29685.25,1367
2026-06-25T15:54:00-04:00,29684.25,29695.0,29669.25,29692.75,1054
2026-06-25T15:55:00-04:00,29693.5,29717.5,29684.5,29704.25,1255
2026-06-25T15:56:00-04:00,29704.25,29710.25,29687.5,29689.75,1037
2026-06-25T15:57:00-04:00,29689.75,29711.25,29689.0,29692.25,905
2026-06-25T15:58:00-04:00,29693.0,29696.75,29681.0,29685.75,1172
2026-06-25T15:59:00-04:00,29686.5,29751.5,29683.25,29749.25,7110
2026-06-25T16:00:00-04:00,29750.0,29836.0,29747.75,29833.25,5029
2026-06-25T16:01:00-04:00,29834.5,29922.5,29832.25,29896.75,3907
2026-06-25T16:02:00-04:00,29896.25,29899.75,29853.25,29853.25,2310
2026-06-25T16:03:00-04:00,29852.25,29853.75,29825.0,29826.25,1168
2026-06-25T16:04:00-04:00,29828.0,29842.5,29826.25,29838.25,667
2026-06-25T16:05:00-04:00,29837.25,29850.0,29820.0,29827.25,868
2026-06-25T16:06:00-04:00,29827.75,29836.25,29820.75,29824.0,608
2026-06-25T16:07:00-04:00,29823.75,29832.0,29813.0,29819.5,627
2026-06-25T16:08:00-04:00,29819.75,29825.25,29813.75,29825.25,280
2026-06-25T16:09:00-04:00,29825.0,29831.5,29806.0,29808.75,566
2026-06-25T16:10:00-04:00,29808.75,29809.0,29797.5,29798.75,334
2026-06-25T16:11:00-04:00,29797.5,29808.75,29795.75,29807.0,711
2026-06-25T16:12:00-04:00,29808.0,29814.0,29803.75,29806.25,197
2026-06-25T16:13:00-04:00,29805.25,29807.5,29795.0,29803.5,224
2026-06-25T16:14:00-04:00,29803.75,29807.5,29802.0,29806.75,258
2026-06-25T16:15:00-04:00,29806.5,29821.75,29804.0,29815.75,392
2026-06-25T16:16:00-04:00,29817.25,29822.5,29812.75,29822.5,333
2026-06-25T16:17:00-04:00,29821.5,29834.0,29814.0,29823.5,651
2026-06-25T16:18:00-04:00,29823.5,29838.0,29822.5,29829.0,314
2026-06-25T16:19:00-04:00,29828.75,29839.0,29824.5,29834.5,331
2026-06-25T16:20:00-04:00,29834.25,29837.0,29830.25,29837.0,219
2026-06-25T16:21:00-04:00,29837.5,29858.0,29833.0,29856.0,449
2026-06-25T16:22:00-04:00,29857.0,29857.0,29841.0,29848.75,325
2026-06-25T16:23:00-04:00,29848.0,29868.25,29847.75,29856.0,640
2026-06-25T16:24:00-04:00,29855.0,29856.0,29843.0,29843.0,216
2026-06-25T16:25:00-04:00,29843.5,29846.0,29825.5,29827.5,257
2026-06-25T16:26:00-04:00,29827.0,29833.25,29823.5,29830.25,255
2026-06-25T16:27:00-04:00,29829.75,29834.5,29827.25,29829.0,263
2026-06-25T16:28:00-04:00,29828.25,29828.25,29814.25,29821.25,432
2026-06-25T16:29:00-04:00,29822.5,29824.25,29816.5,29818.5,119
2026-06-25T16:30:00-04:00,29820.5,29823.5,29805.0,29808.5,191
2026-06-25T16:31:00-04:00,29808.75,29815.25,29786.0,29790.25,434
2026-06-25T16:32:00-04:00,29791.0,29792.5,29780.0,29786.75,280
2026-06-25T16:33:00-04:00,29787.5,29798.0,29785.25,29798.0,181
2026-06-25T16:34:00-04:00,29796.75,29806.0,29794.75,29801.5,154
2026-06-25T16:35:00-04:00,29801.25,29806.0,29798.5,29800.75,96
2026-06-25T16:36:00-04:00,29799.25,29804.25,29791.5,29800.0,112
2026-06-25T16:37:00-04:00,29802.25,29802.25,29789.5,29791.0,57
2026-06-25T16:38:00-04:00,29792.25,29792.25,29781.5,29783.0,80
2026-06-25T16:39:00-04:00,29784.0,29787.5,29772.0,29776.5,120
2026-06-25T16:40:00-04:00,29776.5,29781.0,29770.0,29779.0,152
2026-06-25T16:41:00-04:00,29777.25,29783.0,29775.75,29781.75,53
2026-06-25T16:42:00-04:00,29782.25,29789.0,29780.25,29781.75,110
2026-06-25T16:43:00-04:00,29780.75,29782.5,29775.5,29778.25,48
2026-06-25T16:44:00-04:00,29776.5,29779.25,29774.75,29777.75,95
2026-06-25T16:45:00-04:00,29778.75,29780.5,29774.0,29775.5,85
2026-06-25T16:46:00-04:00,29777.25,29779.75,29770.0,29772.0,60
2026-06-25T16:47:00-04:00,29771.25,29775.5,29766.75,29772.0,83
2026-06-25T16:48:00-04:00,29772.0,29772.5,29761.25,29763.5,87
2026-06-25T16:49:00-04:00,29763.0,29771.5,29762.25,29767.25,85
2026-06-25T16:50:00-04:00,29768.75,29770.5,29764.5,29766.0,43
2026-06-25T16:51:00-04:00,29767.0,29767.0,29761.25,29766.0,38
2026-06-25T16:52:00-04:00,29768.0,29769.75,29764.25,29764.5,38
2026-06-25T16:53:00-04:00,29761.0,29763.5,29753.0,29761.75,110
2026-06-25T16:54:00-04:00,29759.75,29763.0,29759.0,29759.0,61
2026-06-25T16:55:00-04:00,29759.75,29763.5,29756.0,29762.25,69
2026-06-25T16:56:00-04:00,29761.5,29763.0,29757.0,29761.5,50
2026-06-25T16:57:00-04:00,29761.5,29767.25,29759.0,29762.0,56
2026-06-25T16:58:00-04:00,29761.5,29762.25,29753.75,29758.5,49
2026-06-25T16:59:00-04:00,29761.0,29763.75,29750.25,29759.25,273
2026-06-25T18:00:00-04:00,29742.0,29761.25,29715.5,29722.5,0
2026-06-25T18:01:00-04:00,29722.25,29730.0,29703.75,29705.75,255
2026-06-25T18:02:00-04:00,29707.25,29722.0,29702.25,29719.75,172
2026-06-25T18:03:00-04:00,29719.5,29733.75,29705.25,29706.75,178
2026-06-25T18:04:00-04:00,29705.5,29707.75,29696.75,29699.5,189
2026-06-25T18:05:00-04:00,29698.5,29699.25,29681.75,29692.5,236
2026-06-25T18:06:00-04:00,29690.75,29691.5,29679.25,29684.0,252
2026-06-25T18:07:00-04:00,29682.0,29690.75,29679.75,29690.25,119
2026-06-25T18:08:00-04:00,29689.5,29689.5,29672.0,29674.75,340
2026-06-25T18:09:00-04:00,29674.5,29678.0,29664.75,29665.75,192
2026-06-25T18:10:00-04:00,29667.25,29667.5,29635.0,29649.0,386
2026-06-25T18:11:00-04:00,29647.0,29649.75,29630.0,29638.25,247
2026-06-25T18:12:00-04:00,29637.75,29647.75,29637.5,29643.5,81
2026-06-25T18:13:00-04:00,29640.25,29642.25,29624.5,29636.75,329
2026-06-25T18:14:00-04:00,29636.25,29663.75,29634.5,29646.0,505
2026-06-25T18:15:00-04:00,29646.0,29663.5,29645.0,29659.5,289
2026-06-25T18:16:00-04:00,29657.25,29672.75,29656.5,29667.75,218
2026-06-25T18:17:00-04:00,29667.5,29680.25,29667.5,29674.25,133
2026-06-25T18:18:00-04:00,29673.75,29684.5,29670.25,29670.75,80
2026-06-25T18:19:00-04:00,29670.5,29670.5,29636.5,29644.25,384
2026-06-25T18:20:00-04:00,29644.25,29645.5,29628.0,29634.75,173
2026-06-25T18:21:00-04:00,29635.0,29637.25,29626.5,29634.5,105
2026-06-25T18:22:00-04:00,29637.0,29661.5,29637.0,29651.5,293
2026-06-25T18:23:00-04:00,29651.75,29665.25,29651.25,29659.75,143
2026-06-25T18:24:00-04:00,29658.75,29659.25,29646.5,29658.75,135
2026-06-25T18:25:00-04:00,29659.0,29659.0,29641.0,29643.25,95
2026-06-25T18:26:00-04:00,29640.25,29654.5,29632.0,29632.5,330
2026-06-25T18:27:00-04:00,29631.5,29636.0,29619.0,29628.5,216
2026-06-25T18:28:00-04:00,29629.0,29639.0,29623.75,29623.75,145
2026-06-25T18:29:00-04:00,29623.0,29629.5,29614.0,29616.0,192
2026-06-25T18:30:00-04:00,29617.75,29636.5,29605.5,29628.25,316
2026-06-25T18:31:00-04:00,29630.5,29639.0,29628.5,29634.5,119
2026-06-25T18:32:00-04:00,29637.25,29638.25,29622.0,29629.5,109
2026-06-25T18:33:00-04:00,29629.5,29634.25,29620.0,29627.25,134
2026-06-25T18:34:00-04:00,29630.0,29647.0,29627.75,29644.0,186
2026-06-25T18:35:00-04:00,29643.75,29652.0,29639.5,29651.75,151
2026-06-25T18:36:00-04:00,29648.5,29658.0,29648.25,29657.0,99
2026-06-25T18:37:00-04:00,29656.0,29666.0,29652.5,29657.0,170
2026-06-25T18:38:00-04:00,29655.0,29661.0,29650.5,29660.75,111
2026-06-25T18:39:00-04:00,29660.75,29661.5,29648.75,29650.0,85
2026-06-25T18:40:00-04:00,29650.0,29657.5,29647.5,29653.0,86
2026-06-25T18:41:00-04:00,29652.25,29658.5,29651.0,29654.25,89
2026-06-25T18:42:00-04:00,29652.5,29654.5,29645.0,29653.0,113
2026-06-25T18:43:00-04:00,29653.0,29659.75,29653.0,29657.75,57
2026-06-25T18:44:00-04:00,29659.0,29667.75,29657.0,29662.0,122
2026-06-25T18:45:00-04:00,29661.75,29665.0,29655.0,29664.5,49
2026-06-25T18:46:00-04:00,29662.75,29667.0,29655.75,29658.0,64
2026-06-25T18:47:00-04:00,29656.5,29656.5,29645.0,29651.5,129
2026-06-25T18:48:00-04:00,29649.25,29656.0,29643.25,29645.75,103
2026-06-25T18:49:00-04:00,29645.75,29651.25,29640.75,29650.0,147
2026-06-25T18:50:00-04:00,29653.5,29660.75,29648.5,29655.75,91
2026-06-25T18:51:00-04:00,29653.0,29653.0,29645.5,29652.5,71
2026-06-25T18:52:00-04:00,29653.25,29673.75,29653.25,29669.75,176
2026-06-25T18:53:00-04:00,29669.0,29670.5,29666.25,29668.75,62
2026-06-25T18:54:00-04:00,29670.0,29684.0,29667.25,29684.0,197
2026-06-25T18:55:00-04:00,29684.0,29685.25,29676.75,29678.25,66
2026-06-25T18:56:00-04:00,29678.75,29688.0,29668.5,29686.25,255
2026-06-25T18:57:00-04:00,29686.0,29686.25,29677.5,29680.0,67
2026-06-25T18:58:00-04:00,29678.0,29687.0,29678.0,29686.25,76
2026-06-25T18:59:00-04:00,29685.0,29687.75,29678.25,29678.25,126
2026-06-25T19:00:00-04:00,29678.75,29686.5,29675.5,29684.5,53
2026-06-25T19:01:00-04:00,29684.75,29688.0,29677.75,29681.0,95
2026-06-25T19:02:00-04:00,29684.25,29686.0,29679.5,29685.0,71
2026-06-25T19:03:00-04:00,29685.75,29686.0,29680.0,29680.0,36
2026-06-25T19:04:00-04:00,29679.25,29687.0,29676.5,29684.75,92
2026-06-25T19:05:00-04:00,29683.5,29687.5,29682.25,29686.75,42
2026-06-25T19:06:00-04:00,29684.0,29687.0,29680.25,29681.5,33
2026-06-25T19:07:00-04:00,29681.5,29685.25,29678.75,29684.25,72
2026-06-25T19:08:00-04:00,29683.5,29685.25,29672.5,29678.0,110
2026-06-25T19:09:00-04:00,29678.0,29678.0,29668.0,29675.25,117
2026-06-25T19:10:00-04:00,29676.0,29689.5,29674.75,29686.5,109
2026-06-25T19:11:00-04:00,29687.0,29693.25,29684.75,29691.25,208
2026-06-25T19:12:00-04:00,29691.0,29707.25,29688.0,29705.25,278
2026-06-25T19:13:00-04:00,29704.5,29722.5,29702.0,29719.75,293
2026-06-25T19:14:00-04:00,29717.25,29744.75,29716.75,29742.0,403
2026-06-25T19:15:00-04:00,29743.0,29743.75,29733.5,29738.25,181
2026-06-25T19:16:00-04:00,29739.0,29770.0,29735.75,29765.75,523
2026-06-25T19:17:00-04:00,29767.5,29801.75,29764.0,29799.75,569
2026-06-25T19:18:00-04:00,29802.0,29835.75,29802.0,29821.25,565
2026-06-25T19:19:00-04:00,29824.0,29847.0,29820.25,29836.0,436
2026-06-25T19:20:00-04:00,29836.0,29870.5,29830.0,29858.5,472
2026-06-25T19:21:00-04:00,29858.75,29878.25,29846.75,29868.0,499
2026-06-25T19:22:00-04:00,29870.0,29873.5,29849.0,29856.75,346
2026-06-25T19:23:00-04:00,29856.75,29877.5,29848.75,29871.25,372
2026-06-25T19:24:00-04:00,29870.0,29879.75,29859.25,29860.75,197
2026-06-25T19:25:00-04:00,29860.25,29892.75,29858.75,29887.0,428
2026-06-25T19:26:00-04:00,29886.25,29886.25,29874.0,29875.5,119
2026-06-25T19:27:00-04:00,29875.75,29881.25,29863.5,29872.5,271
2026-06-25T19:28:00-04:00,29869.75,29881.0,29869.75,29878.5,71
2026-06-25T19:29:00-04:00,29875.0,29890.75,29866.0,29868.75,258
2026-06-25T19:30:00-04:00,29868.5,29878.25,29850.25,29850.75,382
2026-06-25T19:31:00-04:00,29851.75,29878.0,29850.75,29873.25,372
2026-06-25T19:32:00-04:00,29871.25,29878.5,29865.0,29872.0,182
2026-06-25T19:33:00-04:00,29873.5,29875.25,29855.0,29858.75,156
2026-06-25T19:34:00-04:00,29859.5,29860.0,29843.75,29846.0,149
2026-06-25T19:35:00-04:00,29845.0,29849.0,29837.0,29843.75,166
2026-06-25T19:36:00-04:00,29841.75,29842.75,29826.5,29833.25,266
2026-06-25T19:37:00-04:00,29833.5,29849.0,29831.5,29841.5,192
2026-06-25T19:38:00-04:00,29842.5,29846.75,29821.75,29829.5,298
2026-06-25T19:39:00-04:00,29828.5,29832.0,29810.0,29813.25,387
2026-06-25T19:40:00-04:00,29813.25,29813.25,29801.5,29803.5,239
2026-06-25T19:41:00-04:00,29801.5,29812.0,29791.0,29791.75,254
2026-06-25T19:42:00-04:00,29791.75,29793.5,29777.5,29777.5,224
2026-06-25T19:43:00-04:00,29777.25,29788.0,29771.25,29783.5,243
2026-06-25T19:44:00-04:00,29781.75,29781.75,29763.0,29763.5,301
2026-06-25T19:45:00-04:00,29763.5,29763.5,29731.0,29736.75,391
2026-06-25T19:46:00-04:00,29735.75,29744.75,29731.25,29734.0,418
2026-06-25T19:47:00-04:00,29733.5,29733.5,29714.5,29724.25,361
2026-06-25T19:48:00-04:00,29722.25,29731.25,29717.0,29723.25,234
2026-06-25T19:49:00-04:00,29723.25,29726.0,29709.75,29711.25,200
2026-06-25T19:50:00-04:00,29711.0,29712.25,29683.0,29684.25,567
2026-06-25T19:51:00-04:00,29685.75,29700.25,29679.5,29688.0,462
2026-06-25T19:52:00-04:00,29692.0,29701.75,29688.0,29694.25,162
2026-06-25T19:53:00-04:00,29690.75,29694.0,29683.25,29689.5,160
2026-06-25T19:54:00-04:00,29690.75,29698.0,29678.0,29697.0,295
2026-06-25T19:55:00-04:00,29695.5,29699.5,29688.25,29689.75,130
2026-06-25T19:56:00-04:00,29689.75,29694.0,29666.25,29685.75,395
2026-06-25T19:57:00-04:00,29686.5,29702.0,29686.0,29697.0,136
2026-06-25T19:58:00-04:00,29697.0,29704.75,29687.25,29694.75,154
2026-06-25T19:59:00-04:00,29692.0,29707.0,29689.5,29707.0,140
2026-06-25T20:00:00-04:00,29704.25,29723.0,29703.0,29718.75,454
2026-06-25T20:01:00-04:00,29719.25,29727.5,29690.5,29691.5,469
2026-06-25T20:02:00-04:00,29691.75,29729.25,29683.0,29726.75,380
2026-06-25T20:03:00-04:00,29723.5,29736.75,29720.25,29731.0,354
2026-06-25T20:04:00-04:00,29730.75,29750.0,29730.75,29737.0,303
2026-06-25T20:05:00-04:00,29739.0,29754.5,29731.25,29751.75,206
2026-06-25T20:06:00-04:00,29752.0,29770.0,29746.25,29766.0,409
2026-06-25T20:07:00-04:00,29767.0,29768.25,29743.0,29759.75,293
2026-06-25T20:08:00-04:00,29761.5,29765.25,29740.5,29741.75,219
2026-06-25T20:09:00-04:00,29743.25,29772.75,29737.0,29766.75,212
2026-06-25T20:10:00-04:00,29766.25,29768.0,29754.5,29754.5,98
2026-06-25T20:11:00-04:00,29758.25,29758.75,29737.75,29741.75,125
2026-06-25T20:12:00-04:00,29741.75,29748.0,29727.25,29732.75,175
2026-06-25T20:13:00-04:00,29730.0,29747.0,29721.0,29746.0,336
2026-06-25T20:14:00-04:00,29747.25,29762.25,29742.25,29751.25,239
2026-06-25T20:15:00-04:00,29752.25,29760.75,29731.25,29758.75,306
2026-06-25T20:16:00-04:00,29759.25,29763.25,29731.25,29732.5,140
2026-06-25T20:17:00-04:00,29730.0,29766.0,29729.0,29758.0,190
2026-06-25T20:18:00-04:00,29759.0,29767.0,29732.75,29736.5,208
2026-06-25T20:19:00-04:00,29734.75,29742.5,29721.75,29721.75,254
2026-06-25T20:20:00-04:00,29724.0,29740.25,29711.0,29737.75,264
2026-06-25T20:21:00-04:00,29736.25,29736.25,29720.0,29731.5,102
2026-06-25T20:22:00-04:00,29728.25,29728.5,29712.25,29721.5,131
2026-06-25T20:23:00-04:00,29720.75,29736.0,29720.75,29725.25,102
2026-06-25T20:24:00-04:00,29723.5,29723.5,29704.0,29704.25,124
2026-06-25T20:25:00-04:00,29704.0,29710.25,29696.0,29700.5,184
2026-06-25T20:26:00-04:00,29705.0,29706.75,29667.75,29668.75,364
2026-06-25T20:27:00-04:00,29669.75,29683.0,29650.25,29665.75,375
2026-06-25T20:28:00-04:00,29665.75,29697.0,29662.75,29690.0,283
2026-06-25T20:29:00-04:00,29690.75,29712.0,29678.25,29709.75,290
2026-06-25T20:30:00-04:00,29707.75,29714.75,29683.5,29689.0,214
2026-06-25T20:31:00-04:00,29690.0,29694.75,29673.0,29685.5,197
2026-06-25T20:32:00-04:00,29687.25,29703.75,29666.75,29673.25,206
2026-06-25T20:33:00-04:00,29671.75,29676.0,29659.5,29664.5,177
2026-06-25T20:34:00-04:00,29663.25,29669.75,29648.25,29660.0,311
2026-06-25T20:35:00-04:00,29661.5,29666.5,29644.75,29646.75,219
2026-06-25T20:36:00-04:00,29649.25,29682.0,29644.25,29676.5,240
2026-06-25T20:37:00-04:00,29674.25,29682.25,29666.0,29680.5,151
2026-06-25T20:38:00-04:00,29679.0,29679.0,29662.75,29666.5,76
2026-06-25T20:39:00-04:00,29665.0,29673.0,29649.0,29671.25,147
2026-06-25T20:40:00-04:00,29674.0,29696.0,29674.0,29689.0,253
2026-06-25T20:41:00-04:00,29687.5,29687.75,29661.5,29672.25,179
2026-06-25T20:42:00-04:00,29673.0,29695.5,29672.0,29673.75,171
2026-06-25T20:43:00-04:00,29674.25,29691.5,29671.75,29680.75,65
2026-06-25T20:44:00-04:00,29680.0,29681.0,29666.0,29667.75,77
2026-06-25T20:45:00-04:00,29669.0,29678.25,29665.0,29665.5,93
2026-06-25T20:46:00-04:00,29673.25,29678.0,29666.0,29674.25,66
2026-06-25T20:47:00-04:00,29668.75,29693.0,29663.25,29685.5,104
2026-06-25T20:48:00-04:00,29687.5,29694.75,29684.25,29690.0,90
2026-06-25T20:49:00-04:00,29691.0,29694.0,29669.75,29669.75,110
2026-06-25T20:50:00-04:00,29669.75,29670.5,29655.5,29660.0,119
2026-06-25T20:51:00-04:00,29662.75,29692.25,29662.75,29683.25,108
2026-06-25T20:52:00-04:00,29684.5,29694.0,29681.25,29683.5,91
2026-06-25T20:53:00-04:00,29682.25,29689.0,29669.0,29673.5,48
2026-06-25T20:54:00-04:00,29678.25,29678.5,29646.5,29651.0,138
2026-06-25T20:55:00-04:00,29650.5,29652.25,29642.0,29645.75,128
2026-06-25T20:56:00-04:00,29649.25,29660.0,29629.75,29634.5,334
2026-06-25T20:57:00-04:00,29633.5,29645.5,29615.75,29643.75,344
2026-06-25T20:58:00-04:00,29641.75,29657.5,29632.75,29653.25,154
2026-06-25T20:59:00-04:00,29652.0,29653.0,29635.0,29636.0,97
2026-06-25T21:00:00-04:00,29638.0,29652.25,29632.5,29652.25,227
2026-06-25T21:01:00-04:00,29649.75,29676.75,29649.25,29657.0,328
2026-06-25T21:02:00-04:00,29657.75,29659.5,29645.0,29649.25,127
2026-06-25T21:03:00-04:00,29651.5,29657.75,29634.25,29640.75,163
2026-06-25T21:04:00-04:00,29641.25,29646.25,29609.0,29610.25,233
2026-06-25T21:05:00-04:00,29611.5,29613.0,29574.5,29575.25,530
2026-06-25T21:06:00-04:00,29576.5,29593.25,29565.75,29588.25,559
2026-06-25T21:07:00-04:00,29590.0,29604.75,29585.75,29588.75,255
2026-06-25T21:08:00-04:00,29588.75,29621.5,29588.0,29617.75,224
2026-06-25T21:09:00-04:00,29617.75,29620.25,29605.0,29611.5,136
2026-06-25T21:10:00-04:00,29613.0,29629.0,29613.0,29628.0,204
2026-06-25T21:11:00-04:00,29627.5,29653.5,29625.5,29645.25,227
2026-06-25T21:12:00-04:00,29644.0,29654.75,29637.5,29650.25,115
2026-06-25T21:13:00-04:00,29651.25,29655.0,29633.0,29633.0,115
2026-06-25T21:14:00-04:00,29632.25,29637.5,29622.25,29637.5,82
2026-06-25T21:15:00-04:00,29637.0,29656.75,29630.5,29650.5,206
2026-06-25T21:16:00-04:00,29647.5,29669.25,29645.75,29669.25,181
2026-06-25T21:17:00-04:00,29666.75,29673.75,29654.5,29657.25,168
2026-06-25T21:18:00-04:00,29658.75,29659.75,29643.5,29651.75,63
2026-06-25T21:19:00-04:00,29650.25,29665.0,29649.5,29662.5,65
2026-06-25T21:20:00-04:00,29665.75,29674.0,29663.5,29669.25,92
2026-06-25T21:21:00-04:00,29669.75,29670.0,29652.25,29656.75,53
2026-06-25T21:22:00-04:00,29656.75,29664.75,29648.5,29662.75,56
2026-06-25T21:23:00-04:00,29664.75,29667.25,29651.0,29652.0,73
2026-06-25T21:24:00-04:00,29648.5,29655.0,29645.0,29650.75,73
2026-06-25T21:25:00-04:00,29650.25,29651.0,29626.25,29626.5,131
2026-06-25T21:26:00-04:00,29627.75,29633.5,29617.75,29617.75,96
2026-06-25T21:27:00-04:00,29617.75,29631.25,29614.5,29625.0,106
2026-06-25T21:28:00-04:00,29623.0,29624.75,29607.75,29613.25,121
2026-06-25T21:29:00-04:00,29613.25,29619.75,29603.75,29612.25,155
2026-06-25T21:30:00-04:00,29614.75,29620.75,29595.75,29608.0,141
2026-06-25T21:31:00-04:00,29605.75,29612.0,29601.25,29602.0,62
2026-06-25T21:32:00-04:00,29600.75,29601.25,29571.0,29576.25,189
2026-06-25T21:33:00-04:00,29574.25,29592.25,29562.0,29563.5,186
2026-06-25T21:34:00-04:00,29562.0,29564.0,29540.75,29554.0,397
2026-06-25T21:35:00-04:00,29552.5,29562.25,29537.0,29543.5,216
2026-06-25T21:36:00-04:00,29542.25,29556.5,29541.0,29551.0,113
2026-06-25T21:37:00-04:00,29553.25,29566.5,29541.25,29548.25,217
2026-06-25T21:38:00-04:00,29547.25,29550.75,29534.0,29539.75,150
2026-06-25T21:39:00-04:00,29539.75,29557.25,29532.5,29552.0,186
2026-06-25T21:40:00-04:00,29552.75,29554.5,29536.0,29546.75,148
2026-06-25T21:41:00-04:00,29547.0,29553.0,29531.25,29534.5,152
2026-06-25T21:42:00-04:00,29534.5,29542.0,29520.0,29520.75,264
2026-06-25T21:43:00-04:00,29520.0,29532.25,29516.75,29526.0,256
2026-06-25T21:44:00-04:00,29528.5,29534.25,29505.25,29509.0,238
2026-06-25T21:45:00-04:00,29507.0,29510.0,29483.0,29509.0,488
2026-06-25T21:46:00-04:00,29510.0,29513.75,29495.25,29504.0,205
2026-06-25T21:47:00-04:00,29502.25,29523.0,29498.5,29516.0,179
2026-06-25T21:48:00-04:00,29517.75,29535.0,29515.5,29530.75,204
2026-06-25T21:49:00-04:00,29528.5,29537.0,29525.75,29531.75,132
2026-06-25T21:50:00-04:00,29535.0,29537.5,29523.0,29528.0,89
2026-06-25T21:51:00-04:00,29528.25,29534.75,29517.75,29521.0,118
2026-06-25T21:52:00-04:00,29522.25,29525.75,29512.5,29515.25,134
2026-06-25T21:53:00-04:00,29516.75,29521.5,29501.25,29507.25,126
2026-06-25T21:54:00-04:00,29509.75,29512.5,29492.5,29495.0,127
2026-06-25T21:55:00-04:00,29497.0,29499.0,29484.0,29498.75,173
2026-06-25T21:56:00-04:00,29494.75,29503.75,29485.0,29492.0,201
2026-06-25T21:57:00-04:00,29491.75,29491.75,29479.25,29482.75,142
2026-06-25T21:58:00-04:00,29480.5,29492.0,29463.25,29464.75,234
2026-06-25T21:59:00-04:00,29464.0,29494.25,29461.75,29494.25,208
2026-06-25T22:00:00-04:00,29494.0,29505.75,29479.75,29493.5,292
2026-06-25T22:01:00-04:00,29494.25,29497.0,29481.25,29482.5,150
2026-06-25T22:02:00-04:00,29482.0,29489.5,29469.25,29489.5,171
2026-06-25T22:03:00-04:00,29490.0,29497.0,29484.5,29487.25,110
2026-06-25T22:04:00-04:00,29487.25,29494.75,29470.5,29472.0,114
2026-06-25T22:05:00-04:00,29473.75,29485.75,29473.75,29478.75,128
2026-06-25T22:06:00-04:00,29477.25,29492.5,29473.5,29491.5,157
2026-06-25T22:07:00-04:00,29488.75,29506.0,29487.25,29501.25,140
2026-06-25T22:08:00-04:00,29500.5,29501.75,29489.0,29489.0,66
2026-06-25T22:09:00-04:00,29491.75,29492.75,29473.0,29480.25,132
2026-06-25T22:10:00-04:00,29480.75,29480.75,29466.0,29474.5,112
2026-06-25T22:11:00-04:00,29476.0,29476.0,29458.25,29462.5,138
2026-06-25T22:12:00-04:00,29463.0,29469.75,29450.0,29452.0,235
2026-06-25T22:13:00-04:00,29453.0,29462.5,29443.0,29460.0,222
2026-06-25T22:14:00-04:00,29460.5,29462.25,29451.0,29452.25,102
2026-06-25T22:15:00-04:00,29453.75,29457.0,29440.0,29446.5,210
2026-06-25T22:16:00-04:00,29448.75,29461.0,29440.75,29455.0,199
2026-06-25T22:17:00-04:00,29457.5,29466.75,29450.5,29458.25,181
2026-06-25T22:18:00-04:00,29457.75,29460.5,29437.5,29447.25,203
2026-06-25T22:19:00-04:00,29447.75,29448.75,29428.25,29429.25,134
2026-06-25T22:20:00-04:00,29429.25,29435.0,29421.5,29434.25,151
2026-06-25T22:21:00-04:00,29435.25,29441.5,29422.0,29423.25,230
2026-06-25T22:22:00-04:00,29425.25,29430.25,29423.25,29426.75,195
2026-06-25T22:23:00-04:00,29428.0,29428.5,29416.5,29417.5,170
2026-06-25T22:24:00-04:00,29417.0,29418.25,29400.0,29400.0,403
2026-06-25T22:25:00-04:00,29400.5,29411.75,29393.75,29408.75,383
2026-06-25T22:26:00-04:00,29408.75,29419.75,29407.0,29413.5,278
2026-06-25T22:27:00-04:00,29417.0,29417.0,29394.25,29400.75,179
2026-06-25T22:28:00-04:00,29401.0,29413.75,29396.75,29410.75,173
2026-06-25T22:29:00-04:00,29413.25,29424.75,29412.0,29417.0,203
2026-06-25T22:30:00-04:00,29417.0,29427.5,29411.75,29415.25,204
2026-06-25T22:31:00-04:00,29418.0,29432.0,29418.0,29419.75,152
2026-06-25T22:32:00-04:00,29418.25,29418.75,29386.0,29389.25,241
2026-06-25T22:33:00-04:00,29391.0,29393.5,29375.0,29391.0,323
2026-06-25T22:34:00-04:00,29390.75,29400.5,29389.75,29391.25,139
2026-06-25T22:35:00-04:00,29391.5,29396.75,29383.0,29386.5,130
2026-06-25T22:36:00-04:00,29388.0,29388.0,29374.0,29377.25,187
2026-06-25T22:37:00-04:00,29374.25,29374.25,29350.0,29352.0,393
2026-06-25T22:38:00-04:00,29354.5,29355.0,29341.0,29343.5,377
2026-06-25T22:39:00-04:00,29343.75,29373.75,29343.75,29371.5,201
2026-06-25T22:40:00-04:00,29364.5,29366.5,29340.75,29346.0,184
2026-06-25T22:41:00-04:00,29347.0,29347.0,29330.0,29337.75,194
2026-06-25T22:42:00-04:00,29336.5,29365.5,29334.0,29357.75,139
2026-06-25T22:43:00-04:00,29359.5,29366.5,29343.5,29349.0,183
2026-06-25T22:44:00-04:00,29349.5,29360.75,29343.75,29346.0,123
2026-06-25T22:45:00-04:00,29347.0,29349.0,29317.0,29317.5,412
2026-06-25T22:46:00-04:00,29318.25,29341.25,29312.75,29337.75,407
2026-06-25T22:47:00-04:00,29337.5,29338.25,29321.75,29322.0,177
2026-06-25T22:48:00-04:00,29322.25,29326.75,29308.0,29311.75,283
2026-06-25T22:49:00-04:00,29309.5,29310.75,29296.0,29302.75,427
2026-06-25T22:50:00-04:00,29305.25,29324.75,29305.25,29318.75,315
2026-06-25T22:51:00-04:00,29318.75,29319.0,29297.0,29297.25,207
2026-06-25T22:52:00-04:00,29296.75,29298.25,29284.75,29290.75,333
2026-06-25T22:53:00-04:00,29289.25,29291.5,29277.25,29277.5,404
2026-06-25T22:54:00-04:00,29279.5,29285.0,29260.25,29261.75,680
2026-06-25T22:55:00-04:00,29262.5,29267.25,29243.0,29245.75,625
2026-06-25T22:56:00-04:00,29245.75,29253.5,29230.0,29240.5,456
2026-06-25T22:57:00-04:00,29242.5,29257.0,29239.25,29245.25,287
2026-06-25T22:58:00-04:00,29247.5,29258.0,29241.25,29254.75,191
2026-06-25T22:59:00-04:00,29255.25,29273.0,29254.5,29265.25,393
2026-06-25T23:00:00-04:00,29267.25,29268.25,29251.25,29256.25,228
2026-06-25T23:01:00-04:00,29255.0,29255.5,29227.25,29227.25,359
2026-06-25T23:02:00-04:00,29229.75,29245.5,29220.0,29240.0,366
2026-06-25T23:03:00-04:00,29239.75,29247.75,29233.0,29235.0,172
2026-06-25T23:04:00-04:00,29235.5,29258.0,29229.5,29240.75,258
2026-06-25T23:05:00-04:00,29240.75,29248.5,29231.0,29244.5,202
2026-06-25T23:06:00-04:00,29244.5,29244.5,29221.5,29237.5,313
2026-06-25T23:07:00-04:00,29237.75,29240.75,29220.5,29230.25,220
2026-06-25T23:08:00-04:00,29233.25,29244.75,29225.75,29237.25,203
2026-06-25T23:09:00-04:00,29237.25,29239.5,29224.75,29227.75,167
2026-06-25T23:10:00-04:00,29226.5,29252.0,29215.25,29251.75,343
2026-06-25T23:11:00-04:00,29253.5,29261.5,29245.0,29261.25,362
2026-06-25T23:12:00-04:00,29259.75,29268.0,29245.25,29266.5,508
2026-06-25T23:13:00-04:00,29266.25,29270.0,29248.25,29252.5,235
2026-06-25T23:14:00-04:00,29253.75,29258.0,29239.0,29252.75,209
2026-06-25T23:15:00-04:00,29252.0,29267.5,29251.0,29258.5,137
2026-06-25T23:16:00-04:00,29257.25,29261.25,29248.5,29252.5,90
2026-06-25T23:17:00-04:00,29256.5,29266.5,29255.25,29261.0,188
2026-06-25T23:18:00-04:00,29259.75,29262.75,29245.75,29251.5,111
2026-06-25T23:19:00-04:00,29251.5,29268.0,29249.0,29262.25,151
2026-06-25T23:20:00-04:00,29261.75,29266.5,29251.25,29256.5,59
2026-06-25T23:21:00-04:00,29256.75,29260.75,29250.25,29251.25,157
2026-06-25T23:22:00-04:00,29250.0,29254.5,29237.5,29240.0,125
2026-06-25T23:23:00-04:00,29241.0,29243.75,29228.75,29242.5,207
2026-06-25T23:24:00-04:00,29241.75,29249.5,29237.75,29243.75,67
2026-06-25T23:25:00-04:00,29243.25,29252.5,29239.25,29250.25,140
2026-06-25T23:26:00-04:00,29249.25,29253.5,29242.25,29253.5,58
2026-06-25T23:27:00-04:00,29250.75,29263.5,29246.5,29254.5,187
2026-06-25T23:28:00-04:00,29252.0,29252.0,29237.5,29240.0,140
2026-06-25T23:29:00-04:00,29244.0,29252.25,29244.0,29249.75,53
2026-06-25T23:30:00-04:00,29247.5,29251.0,29223.0,29227.5,228
2026-06-25T23:31:00-04:00,29229.0,29231.75,29217.75,29231.75,223
2026-06-25T23:32:00-04:00,29232.75,29242.0,29221.75,29224.25,233
2026-06-25T23:33:00-04:00,29224.5,29241.0,29223.0,29229.5,125
2026-06-25T23:34:00-04:00,29229.25,29230.25,29214.0,29221.5,215
2026-06-25T23:35:00-04:00,29218.0,29220.75,29203.0,29207.0,301
2026-06-25T23:36:00-04:00,29209.0,29218.5,29202.0,29202.5,199
2026-06-25T23:37:00-04:00,29204.75,29207.5,29161.5,29170.25,1014
2026-06-25T23:38:00-04:00,29171.75,29204.0,29160.5,29202.0,472
2026-06-25T23:39:00-04:00,29203.0,29218.5,29198.5,29208.25,300
2026-06-25T23:40:00-04:00,29210.0,29240.0,29199.0,29216.5,511
2026-06-25T23:41:00-04:00,29216.75,29244.5,29214.0,29234.75,244
2026-06-25T23:42:00-04:00,29235.25,29245.75,29226.75,29231.75,203
2026-06-25T23:43:00-04:00,29232.0,29244.5,29229.0,29238.5,168
2026-06-25T23:44:00-04:00,29235.75,29255.5,29235.75,29254.25,189
2026-06-25T23:45:00-04:00,29255.5,29265.0,29251.25,29259.25,212
2026-06-25T23:46:00-04:00,29258.25,29265.5,29246.75,29255.75,257
2026-06-25T23:47:00-04:00,29250.75,29266.75,29240.25,29263.0,269
2026-06-25T23:48:00-04:00,29261.75,29264.25,29253.5,29260.5,193
2026-06-25T23:49:00-04:00,29261.0,29267.75,29239.75,29244.75,200
2026-06-25T23:50:00-04:00,29244.25,29260.5,29244.0,29250.5,112
2026-06-25T23:51:00-04:00,29251.75,29284.0,29251.75,29274.0,609
2026-06-25T23:52:00-04:00,29273.25,29292.75,29272.0,29284.25,611
2026-06-25T23:53:00-04:00,29284.0,29294.0,29281.25,29291.75,193
2026-06-25T23:54:00-04:00,29291.5,29324.0,29291.0,29322.25,538
2026-06-25T23:55:00-04:00,29322.0,29334.25,29314.0,29329.75,407
2026-06-25T23:56:00-04:00,29328.5,29339.0,29325.25,29331.25,205
2026-06-25T23:57:00-04:00,29330.5,29346.75,29325.0,29342.75,310
2026-06-25T23:58:00-04:00,29345.0,29356.5,29338.25,29356.5,245
2026-06-26T00:09:00-04:00,29365.5,29373.5,29353.25,29356.0,143
2026-06-26T00:10:00-04:00,29353.75,29368.75,29353.75,29368.75,124
2026-06-26T00:11:00-04:00,29366.75,29376.5,29363.0,29373.0,220
2026-06-26T00:12:00-04:00,29373.5,29373.75,29356.25,29365.25,141
2026-06-26T00:13:00-04:00,29364.25,29365.75,29353.0,29362.75,68
2026-06-26T00:14:00-04:00,29361.0,29365.5,29352.25,29357.25,88
2026-06-26T00:15:00-04:00,29357.5,29371.75,29355.75,29371.5,111
2026-06-26T00:16:00-04:00,29369.75,29386.75,29369.75,29372.25,220
2026-06-26T00:17:00-04:00,29371.0,29381.5,29371.0,29380.5,66
2026-06-26T00:18:00-04:00,29383.25,29383.25,29355.0,29357.75,114
2026-06-26T00:19:00-04:00,29359.25,29366.0,29353.25,29360.0,82
2026-06-26T00:20:00-04:00,29361.5,29366.25,29353.0,29354.5,114
2026-06-26T00:21:00-04:00,29355.5,29360.0,29349.0,29352.5,130
2026-06-26T00:22:00-04:00,29350.5,29356.5,29340.5,29344.25,183
2026-06-26T00:23:00-04:00,29344.25,29349.0,29333.5,29336.5,177
2026-06-26T00:24:00-04:00,29336.25,29336.75,29311.25,29311.5,332
2026-06-26T00:25:00-04:00,29310.5,29314.25,29287.25,29288.5,609
2026-06-26T00:26:00-04:00,29288.5,29298.0,29277.5,29286.5,383
2026-06-26T00:27:00-04:00,29285.75,29314.75,29285.25,29309.75,282
2026-06-26T00:28:00-04:00,29312.0,29321.0,29307.75,29314.5,136
2026-06-26T00:29:00-04:00,29311.5,29330.25,29301.5,29322.0,258
2026-06-26T00:30:00-04:00,29322.5,29346.5,29316.5,29331.25,519
2026-06-26T00:31:00-04:00,29330.5,29333.5,29313.75,29317.75,204
2026-06-26T00:32:00-04:00,29315.25,29317.0,29301.25,29302.25,156
2026-06-26T00:33:00-04:00,29301.75,29317.0,29299.0,29300.25,255
2026-06-26T00:34:00-04:00,29300.75,29310.5,29290.0,29292.25,161
2026-06-26T00:35:00-04:00,29294.25,29300.0,29284.25,29298.75,198
2026-06-26T00:36:00-04:00,29298.0,29300.25,29285.75,29290.25,104
2026-06-26T00:37:00-04:00,29292.25,29302.75,29286.0,29287.5,176
2026-06-26T00:38:00-04:00,29285.0,29298.25,29281.5,29293.0,155
2026-06-26T00:39:00-04:00,29295.5,29296.25,29281.75,29286.25,88
2026-06-26T00:40:00-04:00,29284.0,29301.25,29278.0,29297.75,153
2026-06-26T00:41:00-04:00,29296.25,29310.0,29294.25,29305.25,237
2026-06-26T00:42:00-04:00,29304.0,29304.5,29284.25,29288.5,198
2026-06-26T00:43:00-04:00,29287.5,29293.5,29284.0,29287.75,77
2026-06-26T00:44:00-04:00,29287.5,29308.25,29284.75,29304.0,100
2026-06-26T00:45:00-04:00,29304.75,29304.75,29292.25,29294.75,73
2026-06-26T00:46:00-04:00,29296.0,29297.75,29285.0,29290.75,51
2026-06-26T00:47:00-04:00,29290.0,29290.0,29278.5,29281.0,90
2026-06-26T00:48:00-04:00,29281.75,29286.75,29269.25,29273.25,138
2026-06-26T00:49:00-04:00,29274.0,29282.5,29269.25,29274.25,148
2026-06-26T00:50:00-04:00,29274.5,29284.25,29269.25,29273.0,152
2026-06-26T00:51:00-04:00,29272.0,29279.75,29260.5,29272.75,193
2026-06-26T00:52:00-04:00,29273.25,29274.0,29263.75,29265.5,86
2026-06-26T00:53:00-04:00,29266.5,29266.5,29252.25,29262.0,189
2026-06-26T00:54:00-04:00,29262.25,29279.0,29258.25,29275.25,177
2026-06-26T00:55:00-04:00,29274.75,29274.75,29257.0,29264.5,140
2026-06-26T00:56:00-04:00,29261.5,29272.5,29258.5,29262.5,296
2026-06-26T00:57:00-04:00,29263.75,29264.75,29255.75,29262.75,89
2026-06-26T00:58:00-04:00,29260.75,29270.5,29257.75,29263.75,74
2026-06-26T00:59:00-04:00,29264.25,29271.75,29260.75,29270.0,62
2026-06-26T01:00:00-04:00,29270.75,29280.25,29266.25,29276.0,147
2026-06-26T01:01:00-04:00,29275.25,29286.5,29265.0,29286.5,123
2026-06-26T01:02:00-04:00,29284.0,29302.0,29276.5,29280.0,329
2026-06-26T01:03:00-04:00,29280.75,29294.25,29264.25,29269.0,207
2026-06-26T01:04:00-04:00,29267.5,29271.75,29259.25,29268.5,64
2026-06-26T01:05:00-04:00,29264.5,29281.5,29255.5,29263.0,113
2026-06-26T01:06:00-04:00,29258.5,29280.0,29257.5,29280.0,66
2026-06-26T01:07:00-04:00,29279.75,29299.75,29277.25,29299.75,190
2026-06-26T01:08:00-04:00,29297.5,29304.0,29289.75,29297.5,217
2026-06-26T01:09:00-04:00,29298.25,29303.25,29284.75,29284.75,102
2026-06-26T01:10:00-04:00,29284.75,29309.75,29284.25,29302.75,136
2026-06-26T01:11:00-04:00,29301.5,29308.75,29296.25,29299.0,113
2026-06-26T01:12:00-04:00,29300.75,29317.5,29295.0,29312.25,193
2026-06-26T01:13:00-04:00,29312.0,29333.0,29312.0,29332.75,233
2026-06-26T01:14:00-04:00,29333.0,29352.25,29331.0,29349.5,278
2026-06-26T01:15:00-04:00,29349.25,29363.25,29341.0,29360.0,265
2026-06-26T01:16:00-04:00,29360.5,29364.25,29340.75,29340.75,125
2026-06-26T01:17:00-04:00,29340.5,29346.75,29331.5,29345.75,273
2026-06-26T01:18:00-04:00,29344.5,29353.0,29343.75,29351.0,87
2026-06-26T01:19:00-04:00,29350.0,29360.0,29340.5,29340.5,101
2026-06-26T01:20:00-04:00,29342.0,29343.0,29332.0,29340.0,89
2026-06-26T01:21:00-04:00,29339.25,29347.0,29332.25,29333.25,65
2026-06-26T01:22:00-04:00,29332.5,29334.5,29324.0,29326.5,84
2026-06-26T01:23:00-04:00,29326.5,29327.25,29314.75,29323.5,86
2026-06-26T01:24:00-04:00,29322.0,29333.75,29318.25,29328.75,66
2026-06-26T01:25:00-04:00,29329.25,29345.5,29326.25,29345.5,96
2026-06-26T01:26:00-04:00,29346.0,29361.25,29346.0,29359.5,75
2026-06-26T01:27:00-04:00,29359.75,29370.25,29356.0,29366.75,146
2026-06-26T01:28:00-04:00,29367.0,29371.25,29354.25,29368.5,126
2026-06-26T01:29:00-04:00,29370.75,29381.5,29367.0,29367.75,293
2026-06-26T01:30:00-04:00,29370.25,29389.5,29368.25,29387.75,148
2026-06-26T01:31:00-04:00,29386.0,29393.5,29380.75,29380.75,115
2026-06-26T01:32:00-04:00,29380.0,29398.25,29379.25,29395.75,129
2026-06-26T01:33:00-04:00,29396.0,29403.0,29389.75,29399.5,162
2026-06-26T01:34:00-04:00,29398.25,29410.0,29395.5,29399.25,228
2026-06-26T01:35:00-04:00,29399.75,29403.0,29386.75,29402.0,188
2026-06-26T01:36:00-04:00,29405.25,29409.0,29387.75,29387.75,77
2026-06-26T01:37:00-04:00,29388.25,29392.0,29380.5,29385.0,137
2026-06-26T01:38:00-04:00,29386.25,29390.5,29369.0,29371.75,169
2026-06-26T01:39:00-04:00,29372.0,29373.5,29357.5,29362.0,261
2026-06-26T01:40:00-04:00,29362.5,29362.5,29342.25,29345.25,304
2026-06-26T01:41:00-04:00,29345.0,29347.0,29332.0,29339.0,178
2026-06-26T01:42:00-04:00,29339.75,29342.25,29320.25,29323.25,209
2026-06-26T01:43:00-04:00,29322.0,29331.25,29312.25,29328.5,229
2026-06-26T01:44:00-04:00,29327.5,29327.5,29315.25,29315.25,85
2026-06-26T01:45:00-04:00,29317.5,29320.75,29300.0,29300.0,164
2026-06-26T01:46:00-04:00,29300.0,29313.0,29300.0,29308.25,98
2026-06-26T01:47:00-04:00,29310.75,29313.5,29305.5,29310.75,66
2026-06-26T01:48:00-04:00,29305.0,29310.0,29300.0,29306.75,128
2026-06-26T01:49:00-04:00,29305.25,29332.75,29305.25,29331.5,263
2026-06-26T01:50:00-04:00,29333.75,29349.0,29328.75,29339.75,213
2026-06-26T01:51:00-04:00,29339.25,29359.0,29337.25,29351.25,229
2026-06-26T01:52:00-04:00,29350.25,29365.0,29344.0,29352.5,262
2026-06-26T01:53:00-04:00,29352.5,29364.0,29348.75,29358.75,147
2026-06-26T01:54:00-04:00,29360.25,29360.5,29349.75,29350.75,74
2026-06-26T01:55:00-04:00,29351.0,29354.0,29336.5,29339.75,101
2026-06-26T01:56:00-04:00,29340.0,29351.75,29330.75,29351.75,103
2026-06-26T01:57:00-04:00,29351.5,29351.5,29335.0,29337.25,104
2026-06-26T01:58:00-04:00,29336.0,29350.0,29335.5,29344.0,71
2026-06-26T01:59:00-04:00,29344.5,29344.5,29325.25,29325.25,94
2026-06-26T02:00:00-04:00,29326.5,29342.0,29324.5,29324.5,193
2026-06-26T02:01:00-04:00,29321.0,29329.25,29316.75,29321.5,134
2026-06-26T02:02:00-04:00,29322.0,29340.0,29317.75,29334.0,134
2026-06-26T02:03:00-04:00,29334.5,29335.75,29319.25,29323.25,100
2026-06-26T02:04:00-04:00,29322.0,29333.0,29316.5,29318.5,128
2026-06-26T02:05:00-04:00,29320.25,29320.25,29311.0,29312.5,107
2026-06-26T02:06:00-04:00,29312.75,29322.75,29312.0,29313.75,66
2026-06-26T02:07:00-04:00,29314.0,29315.5,29305.5,29312.0,103
2026-06-26T02:08:00-04:00,29312.0,29319.75,29292.75,29292.75,237
2026-06-26T02:09:00-04:00,29294.25,29302.5,29290.5,29294.75,147
2026-06-26T02:10:00-04:00,29293.5,29303.5,29289.0,29299.25,156
2026-06-26T02:11:00-04:00,29300.75,29313.75,29295.75,29305.0,232
2026-06-26T02:12:00-04:00,29306.25,29323.75,29306.25,29312.25,248
2026-06-26T02:13:00-04:00,29313.0,29326.25,29309.75,29315.5,185
2026-06-26T02:14:00-04:00,29312.0,29331.0,29312.0,29323.5,209
2026-06-26T02:15:00-04:00,29326.0,29343.25,29324.5,29342.5,239
2026-06-26T02:16:00-04:00,29343.0,29350.0,29337.75,29348.0,183
2026-06-26T02:17:00-04:00,29348.0,29353.5,29339.75,29343.75,149
2026-06-26T02:18:00-04:00,29342.5,29343.75,29334.75,29335.0,196
2026-06-26T02:19:00-04:00,29334.75,29334.75,29323.75,29325.0,129
2026-06-26T02:20:00-04:00,29323.5,29354.0,29322.5,29342.5,190
2026-06-26T02:21:00-04:00,29343.75,29362.0,29342.0,29362.0,155
2026-06-26T02:22:00-04:00,29363.25,29372.0,29355.0,29356.75,174
2026-06-26T02:23:00-04:00,29355.0,29366.75,29349.5,29365.0,172
2026-06-26T02:24:00-04:00,29366.75,29370.5,29358.75,29366.0,79
2026-06-26T02:25:00-04:00,29366.5,29384.5,29365.25,29374.5,139
2026-06-26T02:26:00-04:00,29373.0,29379.75,29364.25,29366.0,118
2026-06-26T02:27:00-04:00,29365.25,29379.5,29364.0,29375.5,153
2026-06-26T02:28:00-04:00,29376.5,29376.75,29352.25,29363.25,177
2026-06-26T02:29:00-04:00,29364.5,29399.0,29364.5,29394.5,301
2026-06-26T02:30:00-04:00,29395.5,29397.75,29381.5,29384.75,195
2026-06-26T02:31:00-04:00,29384.25,29396.75,29380.0,29394.25,99
2026-06-26T02:32:00-04:00,29394.5,29415.0,29387.75,29412.75,270
2026-06-26T02:33:00-04:00,29411.0,29417.75,29401.5,29403.0,172
2026-06-26T02:34:00-04:00,29401.0,29409.0,29398.5,29408.5,110
2026-06-26T02:35:00-04:00,29407.75,29421.0,29407.5,29419.25,141
2026-06-26T02:36:00-04:00,29418.75,29427.75,29406.75,29419.5,244
2026-06-26T02:37:00-04:00,29419.75,29423.0,29410.5,29413.25,112
2026-06-26T02:38:00-04:00,29413.0,29416.75,29411.0,29415.75,96
2026-06-26T02:39:00-04:00,29413.5,29423.0,29412.75,29418.0,116
2026-06-26T02:40:00-04:00,29418.75,29419.5,29403.5,29403.5,141
2026-06-26T02:41:00-04:00,29405.0,29427.25,29403.75,29426.5,118
2026-06-26T02:42:00-04:00,29426.75,29438.25,29420.25,29433.25,134
2026-06-26T02:43:00-04:00,29434.75,29445.5,29425.25,29445.5,267
2026-06-26T02:44:00-04:00,29446.0,29458.25,29433.5,29455.25,343
2026-06-26T02:45:00-04:00,29454.0,29461.0,29447.25,29454.75,254
2026-06-26T02:46:00-04:00,29455.25,29489.75,29454.5,29484.25,409
2026-06-26T02:47:00-04:00,29482.0,29483.75,29466.0,29467.5,164
2026-06-26T02:48:00-04:00,29467.25,29473.25,29460.25,29467.25,154
2026-06-26T02:49:00-04:00,29467.75,29479.75,29465.0,29474.25,145
2026-06-26T02:50:00-04:00,29473.5,29475.5,29462.75,29462.75,144
2026-06-26T02:51:00-04:00,29464.0,29465.5,29453.0,29456.0,213
2026-06-26T02:52:00-04:00,29456.75,29469.25,29454.5,29457.25,180
2026-06-26T02:53:00-04:00,29456.75,29480.0,29450.25,29477.5,242
2026-06-26T02:54:00-04:00,29479.0,29524.5,29478.0,29518.5,442
2026-06-26T02:55:00-04:00,29519.25,29535.25,29515.5,29523.5,413
2026-06-26T02:56:00-04:00,29523.5,29525.0,29506.25,29507.75,230
2026-06-26T02:57:00-04:00,29507.0,29514.25,29501.75,29514.0,140
2026-06-26T02:58:00-04:00,29515.0,29518.0,29498.0,29509.0,224
2026-06-26T02:59:00-04:00,29506.5,29510.0,29490.75,29503.75,290
2026-06-26T03:00:00-04:00,29502.25,29517.5,29496.75,29501.0,271
2026-06-26T03:01:00-04:00,29500.0,29500.0,29473.5,29479.5,306
2026-06-26T03:02:00-04:00,29479.25,29488.25,29468.5,29473.0,290
2026-06-26T03:03:00-04:00,29472.5,29482.5,29466.5,29473.0,129
2026-06-26T03:04:00-04:00,29474.0,29474.25,29453.75,29455.5,276
2026-06-26T03:05:00-04:00,29456.0,29469.25,29443.75,29446.0,291
2026-06-26T03:06:00-04:00,29445.25,29453.75,29442.25,29447.0,136
2026-06-26T03:07:00-04:00,29449.25,29461.0,29436.25,29461.0,207
2026-06-26T03:08:00-04:00,29460.75,29460.75,29445.25,29451.0,99
2026-06-26T03:09:00-04:00,29452.5,29454.75,29435.0,29435.0,255
2026-06-26T03:10:00-04:00,29436.0,29454.5,29436.0,29453.25,108
2026-06-26T03:11:00-04:00,29454.75,29474.25,29446.5,29471.0,165
2026-06-26T03:12:00-04:00,29473.0,29482.5,29467.75,29467.75,210
2026-06-26T03:13:00-04:00,29470.0,29480.75,29468.25,29478.0,102
2026-06-26T03:14:00-04:00,29478.25,29489.0,29475.5,29486.5,179
2026-06-26T03:15:00-04:00,29484.75,29491.75,29478.0,29490.0,177
2026-06-26T03:16:00-04:00,29490.5,29511.5,29488.75,29509.5,509
2026-06-26T03:17:00-04:00,29509.5,29530.5,29501.5,29530.0,601
2026-06-26T03:18:00-04:00,29528.5,29531.5,29487.75,29491.25,403
2026-06-26T03:19:00-04:00,29493.25,29511.25,29488.75,29506.25,245
2026-06-26T03:20:00-04:00,29507.5,29507.75,29487.5,29489.0,73
2026-06-26T03:21:00-04:00,29490.5,29509.0,29489.25,29501.0,91
2026-06-26T03:22:00-04:00,29500.0,29524.0,29491.75,29520.75,175
2026-06-26T03:23:00-04:00,29521.25,29521.25,29504.75,29509.0,87
2026-06-26T03:24:00-04:00,29507.25,29525.5,29506.75,29524.25,125
2026-06-26T03:25:00-04:00,29525.25,29526.0,29496.25,29500.25,187
2026-06-26T03:26:00-04:00,29505.5,29515.25,29498.5,29510.75,99
2026-06-26T03:27:00-04:00,29511.75,29525.5,29505.5,29521.75,91
2026-06-26T03:28:00-04:00,29522.0,29536.25,29519.5,29524.0,228
2026-06-26T03:29:00-04:00,29520.5,29539.25,29517.0,29535.5,179
2026-06-26T03:30:00-04:00,29538.5,29553.5,29534.25,29551.5,231
2026-06-26T03:31:00-04:00,29553.5,29557.5,29545.75,29549.25,181
2026-06-26T03:32:00-04:00,29547.0,29562.75,29545.75,29551.75,330
2026-06-26T03:33:00-04:00,29548.75,29553.25,29543.75,29553.25,92
2026-06-26T03:34:00-04:00,29551.25,29553.75,29540.0,29542.5,110
2026-06-26T03:35:00-04:00,29541.75,29553.5,29524.25,29527.75,228
2026-06-26T03:36:00-04:00,29527.5,29541.75,29524.0,29533.0,151
2026-06-26T03:37:00-04:00,29531.5,29542.0,29528.5,29540.0,80
2026-06-26T03:38:00-04:00,29546.0,29548.25,29536.5,29537.5,49
2026-06-26T03:39:00-04:00,29537.5,29549.25,29529.0,29547.5,104
2026-06-26T03:40:00-04:00,29547.25,29547.25,29526.0,29526.0,111
2026-06-26T03:41:00-04:00,29527.5,29531.25,29512.0,29517.0,169
2026-06-26T03:42:00-04:00,29518.5,29523.75,29512.0,29519.5,130
2026-06-26T03:43:00-04:00,29520.75,29521.25,29513.5,29516.5,120
2026-06-26T03:44:00-04:00,29517.5,29518.0,29506.0,29507.0,210
2026-06-26T03:45:00-04:00,29508.0,29508.5,29499.0,29499.5,211
2026-06-26T03:46:00-04:00,29500.5,29514.75,29496.75,29513.5,169
2026-06-26T03:47:00-04:00,29515.25,29515.5,29501.75,29505.75,59
2026-06-26T03:48:00-04:00,29505.5,29519.25,29503.0,29506.25,108
2026-06-26T03:49:00-04:00,29510.0,29512.0,29495.25,29511.0,156
2026-06-26T03:50:00-04:00,29510.5,29523.25,29507.5,29518.25,141
2026-06-26T03:51:00-04:00,29520.25,29532.5,29512.0,29520.5,134
2026-06-26T03:52:00-04:00,29519.0,29522.5,29508.0,29522.5,102
2026-06-26T03:53:00-04:00,29523.0,29532.75,29518.75,29531.75,85
2026-06-26T03:54:00-04:00,29534.0,29544.0,29529.0,29539.25,109
2026-06-26T03:55:00-04:00,29540.0,29540.0,29529.5,29533.0,72
2026-06-26T03:56:00-04:00,29532.0,29535.75,29526.25,29535.5,70
2026-06-26T03:57:00-04:00,29533.5,29533.5,29524.75,29530.0,86
2026-06-26T03:58:00-04:00,29531.25,29536.5,29521.0,29534.5,112
2026-06-26T03:59:00-04:00,29532.75,29542.0,29524.0,29527.75,98
2026-06-26T04:00:00-04:00,29528.25,29557.75,29527.5,29528.25,393
2026-06-26T04:01:00-04:00,29528.25,29534.25,29502.25,29502.5,224
2026-06-26T04:02:00-04:00,29505.75,29510.0,29490.25,29498.75,284
2026-06-26T04:03:00-04:00,29500.75,29511.5,29498.25,29504.25,209
2026-06-26T04:04:00-04:00,29503.75,29504.0,29482.25,29484.25,169
2026-06-26T04:05:00-04:00,29484.5,29489.75,29474.25,29477.25,248
2026-06-26T04:06:00-04:00,29474.75,29479.5,29457.25,29477.0,277
2026-06-26T04:07:00-04:00,29477.75,29502.75,29476.5,29496.75,184
2026-06-26T04:08:00-04:00,29498.5,29514.0,29488.0,29505.75,235
2026-06-26T04:09:00-04:00,29505.25,29506.0,29492.25,29492.25,155
2026-06-26T04:10:00-04:00,29493.0,29498.0,29483.25,29488.0,167
2026-06-26T04:11:00-04:00,29487.5,29490.75,29479.25,29485.5,80
2026-06-26T04:12:00-04:00,29487.75,29499.75,29483.5,29483.5,137
2026-06-26T04:13:00-04:00,29483.5,29487.5,29467.25,29471.75,102
2026-06-26T04:14:00-04:00,29469.5,29471.0,29462.75,29467.0,81
2026-06-26T04:15:00-04:00,29469.25,29480.75,29460.75,29478.0,197
2026-06-26T04:16:00-04:00,29476.25,29489.5,29475.75,29486.75,92
2026-06-26T04:17:00-04:00,29491.75,29493.5,29483.25,29493.5,75
2026-06-26T04:18:00-04:00,29493.25,29499.0,29466.75,29468.25,135
2026-06-26T04:19:00-04:00,29468.5,29472.5,29463.25,29468.25,64
2026-06-26T04:20:00-04:00,29466.25,29469.0,29456.75,29467.5,86
2026-06-26T04:21:00-04:00,29467.5,29480.0,29464.0,29476.25,72
2026-06-26T04:22:00-04:00,29481.25,29488.0,29474.0,29486.5,59
2026-06-26T04:23:00-04:00,29485.75,29486.5,29478.75,29483.5,68
2026-06-26T04:24:00-04:00,29483.75,29498.0,29483.75,29496.5,119
2026-06-26T04:25:00-04:00,29494.25,29506.75,29487.0,29492.25,283
2026-06-26T04:26:00-04:00,29491.5,29497.0,29485.75,29490.25,88
2026-06-26T04:27:00-04:00,29487.75,29500.5,29486.0,29500.5,86
2026-06-26T04:28:00-04:00,29501.0,29514.0,29500.5,29507.25,93
2026-06-26T04:29:00-04:00,29510.25,29511.0,29499.25,29504.5,88
2026-06-26T04:30:00-04:00,29504.5,29504.5,29482.25,29486.5,68
2026-06-26T04:31:00-04:00,29489.0,29501.0,29486.0,29493.0,112
2026-06-26T04:32:00-04:00,29491.25,29491.25,29477.0,29484.5,88
2026-06-26T04:33:00-04:00,29483.5,29483.75,29468.75,29470.25,85
2026-06-26T04:34:00-04:00,29470.75,29470.75,29456.5,29464.0,175
2026-06-26T04:35:00-04:00,29463.5,29466.25,29453.5,29460.75,86
2026-06-26T04:36:00-04:00,29463.5,29469.25,29458.0,29469.25,105
2026-06-26T04:37:00-04:00,29469.0,29471.25,29463.75,29469.0,48
2026-06-26T04:38:00-04:00,29466.0,29479.25,29465.0,29474.5,104
2026-06-26T04:39:00-04:00,29474.0,29480.0,29459.75,29465.5,160
2026-06-26T04:40:00-04:00,29467.25,29475.0,29467.0,29469.5,88
2026-06-26T04:41:00-04:00,29468.0,29473.0,29467.75,29471.75,48
2026-06-26T04:42:00-04:00,29470.25,29481.5,29468.25,29469.75,86
2026-06-26T04:43:00-04:00,29472.5,29475.0,29455.0,29455.0,196
2026-06-26T04:44:00-04:00,29453.75,29457.25,29444.25,29448.0,194
2026-06-26T04:45:00-04:00,29445.75,29449.25,29438.5,29439.75,147
2026-06-26T04:46:00-04:00,29441.25,29444.25,29430.5,29443.0,134
2026-06-26T04:47:00-04:00,29442.0,29446.75,29421.0,29429.75,171
2026-06-26T04:48:00-04:00,29432.25,29438.0,29426.0,29430.75,99
2026-06-26T04:49:00-04:00,29431.0,29431.0,29411.0,29412.5,303
2026-06-26T04:50:00-04:00,29413.0,29421.5,29410.5,29417.75,110
2026-06-26T04:51:00-04:00,29416.5,29416.5,29387.5,29394.0,291
2026-06-26T04:52:00-04:00,29393.0,29403.0,29391.5,29393.0,180
2026-06-26T04:53:00-04:00,29395.75,29398.25,29390.0,29396.5,89
2026-06-26T04:54:00-04:00,29396.25,29402.75,29383.75,29385.0,206
2026-06-26T04:55:00-04:00,29385.0,29385.75,29364.0,29370.25,387
2026-06-26T04:56:00-04:00,29372.75,29389.75,29369.0,29385.5,211
2026-06-26T04:57:00-04:00,29385.25,29396.0,29378.75,29392.5,182
2026-06-26T04:58:00-04:00,29393.75,29403.75,29389.5,29397.5,125
2026-06-26T04:59:00-04:00,29397.75,29401.0,29389.0,29399.5,89
2026-06-26T05:00:00-04:00,29400.75,29404.5,29382.75,29384.25,163
2026-06-26T05:01:00-04:00,29382.5,29392.75,29380.5,29380.75,143
2026-06-26T05:02:00-04:00,29380.5,29388.0,29372.75,29388.0,171
2026-06-26T05:03:00-04:00,29386.75,29396.75,29376.75,29384.0,151
2026-06-26T05:04:00-04:00,29382.25,29386.25,29376.0,29381.0,105
2026-06-26T05:05:00-04:00,29381.25,29396.0,29381.25,29390.5,80
2026-06-26T05:06:00-04:00,29390.0,29399.5,29376.75,29382.0,197
2026-06-26T05:07:00-04:00,29383.75,29393.0,29381.25,29388.0,84
2026-06-26T05:08:00-04:00,29389.0,29405.75,29389.0,29400.5,198
2026-06-26T05:09:00-04:00,29400.0,29400.75,29383.25,29383.25,170
2026-06-26T05:10:00-04:00,29384.0,29384.0,29369.0,29375.75,152
2026-06-26T05:11:00-04:00,29375.25,29385.75,29375.25,29381.5,103
2026-06-26T05:12:00-04:00,29380.75,29382.5,29370.5,29373.0,134
2026-06-26T05:13:00-04:00,29371.75,29391.75,29364.0,29382.25,316
2026-06-26T05:14:00-04:00,29384.25,29408.75,29384.25,29400.25,223
2026-06-26T05:15:00-04:00,29397.5,29412.5,29396.5,29402.75,213
2026-06-26T05:16:00-04:00,29400.0,29403.5,29383.25,29386.5,223
2026-06-26T05:17:00-04:00,29385.5,29398.25,29385.25,29398.25,88
2026-06-26T05:18:00-04:00,29399.5,29409.0,29395.25,29395.75,111
2026-06-26T05:19:00-04:00,29394.75,29395.5,29368.0,29384.5,503
2026-06-26T05:20:00-04:00,29385.0,29386.0,29353.5,29362.0,399
2026-06-26T05:21:00-04:00,29361.25,29374.0,29345.75,29351.25,297
2026-06-26T05:22:00-04:00,29352.5,29357.5,29344.0,29357.25,232
2026-06-26T05:23:00-04:00,29358.0,29374.25,29357.5,29368.5,175
2026-06-26T05:24:00-04:00,29369.75,29369.75,29355.0,29356.5,63
2026-06-26T05:25:00-04:00,29357.0,29370.5,29357.0,29367.25,133
2026-06-26T05:26:00-04:00,29366.0,29369.0,29352.75,29365.0,83
2026-06-26T05:27:00-04:00,29365.75,29379.0,29357.75,29368.75,376
2026-06-26T05:28:00-04:00,29370.0,29373.0,29362.5,29371.5,54
2026-06-26T05:29:00-04:00,29373.5,29383.75,29371.5,29378.75,311
2026-06-26T05:30:00-04:00,29379.25,29379.25,29363.25,29366.75,150
2026-06-26T05:31:00-04:00,29370.0,29372.0,29355.75,29358.0,91
2026-06-26T05:32:00-04:00,29356.75,29369.0,29356.0,29368.0,94
2026-06-26T05:33:00-04:00,29368.5,29375.0,29359.25,29362.75,135
2026-06-26T05:34:00-04:00,29361.75,29385.0,29360.75,29382.75,150
2026-06-26T05:35:00-04:00,29384.5,29398.75,29384.5,29391.75,159
2026-06-26T05:36:00-04:00,29389.0,29389.0,29379.75,29385.5,113
2026-06-26T05:37:00-04:00,29385.25,29396.0,29377.75,29395.75,132
2026-06-26T05:38:00-04:00,29394.25,29407.5,29390.75,29399.0,160
2026-06-26T05:39:00-04:00,29397.75,29407.75,29392.75,29396.5,114
2026-06-26T05:40:00-04:00,29397.0,29429.75,29396.25,29428.0,195
2026-06-26T05:41:00-04:00,29430.0,29435.75,29429.75,29432.25,197
2026-06-26T05:42:00-04:00,29433.25,29443.5,29430.75,29431.25,184
2026-06-26T05:43:00-04:00,29430.5,29434.25,29424.25,29433.5,95
2026-06-26T05:44:00-04:00,29434.75,29434.75,29421.25,29421.75,93
2026-06-26T05:45:00-04:00,29422.0,29431.0,29416.0,29430.0,151
2026-06-26T05:46:00-04:00,29432.5,29444.25,29431.0,29436.5,177
2026-06-26T05:47:00-04:00,29434.75,29436.75,29429.25,29429.25,71
2026-06-26T05:48:00-04:00,29431.0,29441.25,29423.5,29432.5,111
2026-06-26T05:49:00-04:00,29433.5,29436.25,29422.5,29429.25,91
2026-06-26T05:50:00-04:00,29431.0,29431.0,29421.5,29429.5,49
2026-06-26T05:51:00-04:00,29430.5,29433.25,29417.0,29420.0,126
2026-06-26T05:52:00-04:00,29419.0,29424.75,29409.25,29413.25,129
2026-06-26T05:53:00-04:00,29413.75,29416.25,29408.0,29411.25,77
2026-06-26T05:54:00-04:00,29408.75,29410.25,29389.0,29390.75,264
2026-06-26T05:55:00-04:00,29390.25,29392.0,29381.0,29382.0,127
2026-06-26T05:56:00-04:00,29380.75,29384.25,29376.0,29378.0,80
2026-06-26T05:57:00-04:00,29378.0,29378.0,29365.5,29371.0,93
2026-06-26T05:58:00-04:00,29370.75,29379.0,29369.75,29379.0,72
2026-06-26T05:59:00-04:00,29379.0,29381.5,29366.75,29370.75,88
2026-06-26T06:00:00-04:00,29372.5,29377.0,29342.25,29357.75,351
2026-06-26T06:01:00-04:00,29357.75,29360.0,29322.5,29324.0,298
2026-06-26T06:02:00-04:00,29324.0,29327.25,29317.75,29321.75,191
2026-06-26T06:03:00-04:00,29322.25,29336.0,29322.0,29329.0,149
2026-06-26T06:04:00-04:00,29329.0,29335.75,29324.25,29334.25,100
2026-06-26T06:05:00-04:00,29335.0,29349.25,29330.5,29348.0,210
2026-06-26T06:06:00-04:00,29348.0,29364.75,29347.25,29364.75,136
2026-06-26T06:07:00-04:00,29367.25,29376.5,29364.0,29372.5,89
2026-06-26T06:08:00-04:00,29373.25,29374.0,29358.25,29361.25,79
2026-06-26T06:09:00-04:00,29360.5,29377.5,29360.5,29377.25,96
2026-06-26T06:10:00-04:00,29379.0,29388.0,29378.0,29380.25,145
2026-06-26T06:11:00-04:00,29381.0,29386.25,29370.25,29373.75,95
2026-06-26T06:12:00-04:00,29375.0,29378.5,29367.5,29378.5,54
2026-06-26T06:13:00-04:00,29379.5,29397.25,29377.0,29391.5,101
2026-06-26T06:14:00-04:00,29392.75,29394.0,29382.25,29387.25,46
2026-06-26T06:15:00-04:00,29386.5,29400.25,29384.25,29391.75,114
2026-06-26T06:16:00-04:00,29391.0,29395.0,29385.25,29386.5,39
2026-06-26T06:17:00-04:00,29387.0,29390.25,29384.25,29389.5,68
2026-06-26T06:18:00-04:00,29387.75,29391.0,29373.5,29378.25,81
2026-06-26T06:19:00-04:00,29378.25,29381.0,29361.5,29361.5,247
2026-06-26T06:20:00-04:00,29363.5,29369.0,29354.75,29356.5,243
2026-06-26T06:21:00-04:00,29356.0,29357.5,29346.5,29347.0,73
2026-06-26T06:22:00-04:00,29346.75,29358.5,29344.5,29358.25,77
2026-06-26T06:23:00-04:00,29353.75,29356.75,29346.25,29347.0,74
2026-06-26T06:24:00-04:00,29346.25,29355.75,29345.5,29347.75,40
2026-06-26T06:25:00-04:00,29347.5,29356.5,29347.25,29353.0,53
2026-06-26T06:26:00-04:00,29353.75,29367.25,29352.0,29367.25,78
2026-06-26T06:27:00-04:00,29364.0,29372.25,29362.5,29371.0,53
2026-06-26T06:28:00-04:00,29369.5,29376.5,29367.0,29369.75,66
2026-06-26T06:29:00-04:00,29370.75,29376.25,29367.25,29374.0,44
2026-06-26T06:30:00-04:00,29372.25,29374.0,29361.5,29368.0,59
2026-06-26T06:31:00-04:00,29368.5,29377.0,29366.25,29374.0,39
2026-06-26T06:32:00-04:00,29377.5,29387.0,29373.5,29380.0,106
2026-06-26T06:33:00-04:00,29380.0,29386.25,29369.25,29371.25,62
2026-06-26T06:34:00-04:00,29368.75,29378.5,29368.75,29374.25,57
2026-06-26T06:35:00-04:00,29374.0,29375.25,29364.0,29373.0,49
2026-06-26T06:36:00-04:00,29375.0,29375.25,29354.25,29359.0,164
2026-06-26T06:37:00-04:00,29357.0,29359.0,29341.25,29350.25,241
2026-06-26T06:38:00-04:00,29350.25,29356.0,29347.5,29355.25,54
2026-06-26T06:39:00-04:00,29354.5,29360.75,29342.75,29344.0,98
2026-06-26T06:40:00-04:00,29342.25,29352.0,29340.25,29352.0,61
2026-06-26T06:41:00-04:00,29351.25,29354.5,29346.75,29354.5,57
2026-06-26T06:42:00-04:00,29354.5,29359.0,29343.5,29355.25,136
2026-06-26T06:43:00-04:00,29357.75,29365.0,29355.25,29355.25,73
2026-06-26T06:44:00-04:00,29358.5,29358.5,29347.5,29352.25,62
2026-06-26T06:45:00-04:00,29354.25,29363.5,29348.5,29362.5,82
2026-06-26T06:46:00-04:00,29362.5,29372.5,29362.25,29363.25,80
2026-06-26T06:47:00-04:00,29363.0,29367.75,29358.0,29362.75,33
2026-06-26T06:48:00-04:00,29361.0,29368.0,29351.5,29355.0,69
2026-06-26T06:49:00-04:00,29358.25,29363.5,29357.75,29360.75,18
2026-06-26T06:50:00-04:00,29362.5,29370.5,29360.25,29366.25,30
2026-06-26T06:51:00-04:00,29365.5,29367.5,29342.5,29346.5,184
2026-06-26T06:52:00-04:00,29346.75,29361.25,29346.75,29361.0,31
2026-06-26T06:53:00-04:00,29362.25,29368.25,29356.0,29365.5,59
2026-06-26T06:54:00-04:00,29365.75,29371.5,29361.5,29367.25,48
2026-06-26T06:55:00-04:00,29365.75,29370.5,29361.5,29366.0,37
2026-06-26T06:56:00-04:00,29365.5,29374.75,29362.25,29367.75,81
2026-06-26T06:57:00-04:00,29368.25,29370.0,29352.0,29357.5,142
2026-06-26T06:58:00-04:00,29354.0,29356.25,29348.25,29354.25,119
2026-06-26T06:59:00-04:00,29352.25,29362.5,29349.0,29361.5,55
2026-06-26T07:00:00-04:00,29363.25,29374.25,29351.75,29365.25,508
2026-06-26T07:01:00-04:00,29366.25,29378.25,29364.0,29368.25,97
2026-06-26T07:02:00-04:00,29369.75,29385.0,29368.5,29377.0,117
2026-06-26T07:03:00-04:00,29379.0,29404.25,29377.5,29402.75,193
2026-06-26T07:04:00-04:00,29400.75,29401.0,29389.0,29390.5,228
2026-06-26T07:05:00-04:00,29390.75,29407.25,29389.75,29392.75,181
2026-06-26T07:06:00-04:00,29389.0,29393.5,29377.25,29389.75,95
2026-06-26T07:07:00-04:00,29393.75,29394.75,29385.75,29392.75,54
2026-06-26T07:08:00-04:00,29392.0,29397.0,29386.0,29394.0,44
2026-06-26T07:09:00-04:00,29392.25,29398.75,29388.5,29398.0,43
2026-06-26T07:10:00-04:00,29396.5,29397.25,29389.5,29391.75,61
2026-06-26T07:11:00-04:00,29394.25,29413.0,29393.75,29411.75,157
2026-06-26T07:12:00-04:00,29411.25,29425.5,29411.25,29419.25,271
2026-06-26T07:13:00-04:00,29418.75,29419.5,29407.25,29408.25,175
2026-06-26T07:14:00-04:00,29408.0,29411.25,29396.5,29402.25,153
2026-06-26T07:15:00-04:00,29402.25,29402.25,29378.5,29381.25,129
2026-06-26T07:16:00-04:00,29382.25,29389.75,29380.5,29384.5,81
2026-06-26T07:17:00-04:00,29381.25,29391.25,29377.5,29385.5,92
2026-06-26T07:18:00-04:00,29387.25,29392.0,29383.25,29391.5,101
2026-06-26T07:19:00-04:00,29391.25,29392.0,29379.0,29383.0,189
2026-06-26T07:20:00-04:00,29379.0,29379.0,29365.0,29367.75,270
2026-06-26T07:21:00-04:00,29369.25,29372.5,29363.75,29365.0,110
2026-06-26T07:22:00-04:00,29363.75,29392.0,29357.0,29385.75,255
2026-06-26T07:23:00-04:00,29386.25,29387.25,29370.25,29374.75,132
2026-06-26T07:24:00-04:00,29373.75,29377.5,29367.5,29374.0,136
2026-06-26T07:25:00-04:00,29375.75,29383.5,29367.0,29382.75,154
2026-06-26T07:26:00-04:00,29381.5,29382.0,29369.75,29373.75,94
2026-06-26T07:27:00-04:00,29373.25,29380.0,29371.0,29373.5,82
2026-06-26T07:28:00-04:00,29374.5,29377.25,29364.75,29364.75,73
2026-06-26T07:29:00-04:00,29365.0,29373.75,29362.25,29370.5,118
2026-06-26T07:30:00-04:00,29370.5,29379.0,29368.25,29376.5,84
2026-06-26T07:31:00-04:00,29377.5,29378.75,29363.5,29374.5,94
2026-06-26T07:32:00-04:00,29373.25,29374.5,29360.0,29363.0,156
2026-06-26T07:33:00-04:00,29362.5,29377.5,29362.5,29365.5,209
2026-06-26T07:34:00-04:00,29368.75,29371.25,29363.25,29368.5,95
2026-06-26T07:35:00-04:00,29365.25,29380.0,29362.0,29380.0,71
2026-06-26T07:36:00-04:00,29378.0,29389.25,29376.75,29383.0,124
2026-06-26T07:37:00-04:00,29385.25,29398.25,29376.25,29383.75,234
2026-06-26T07:38:00-04:00,29385.5,29387.0,29373.0,29380.75,127
2026-06-26T07:39:00-04:00,29382.0,29382.0,29373.75,29379.5,78
2026-06-26T07:40:00-04:00,29380.5,29394.75,29377.0,29391.25,121
2026-06-26T07:41:00-04:00,29390.25,29394.0,29382.5,29387.0,198
2026-06-26T07:42:00-04:00,29387.75,29398.25,29386.25,29393.0,114
2026-06-26T07:43:00-04:00,29389.0,29389.0,29363.25,29365.25,129
2026-06-26T07:44:00-04:00,29366.75,29371.25,29363.0,29363.0,124
2026-06-26T07:45:00-04:00,29363.5,29372.0,29354.5,29363.5,224
2026-06-26T07:46:00-04:00,29365.75,29373.75,29363.25,29368.75,75
2026-06-26T07:47:00-04:00,29369.5,29376.0,29367.0,29367.0,62
2026-06-26T07:48:00-04:00,29367.0,29379.5,29365.75,29371.25,153
2026-06-26T07:49:00-04:00,29372.5,29376.75,29366.75,29370.0,48
2026-06-26T07:50:00-04:00,29368.25,29369.5,29358.0,29361.0,167
2026-06-26T07:51:00-04:00,29362.25,29362.25,29350.0,29350.5,126
2026-06-26T07:52:00-04:00,29349.5,29353.5,29322.25,29324.5,398
2026-06-26T07:53:00-04:00,29324.75,29333.0,29309.25,29314.75,267
2026-06-26T07:54:00-04:00,29312.25,29316.0,29304.75,29309.5,213
2026-06-26T07:55:00-04:00,29311.0,29324.75,29309.0,29324.0,192
2026-06-26T07:56:00-04:00,29325.0,29339.25,29325.0,29337.0,244
2026-06-26T07:57:00-04:00,29334.5,29339.5,29326.0,29335.25,195
2026-06-26T07:58:00-04:00,29334.5,29344.5,29331.0,29341.5,166
2026-06-26T07:59:00-04:00,29341.5,29356.5,29336.75,29351.0,205
2026-06-26T08:00:00-04:00,29350.0,29357.25,29336.25,29352.75,163
2026-06-26T08:01:00-04:00,29353.0,29364.75,29353.0,29364.75,152
2026-06-26T08:02:00-04:00,29365.5,29384.0,29364.0,29375.5,266
2026-06-26T08:03:00-04:00,29375.5,29384.0,29368.75,29379.75,127
2026-06-26T08:04:00-04:00,29381.5,29386.75,29379.25,29382.0,98
2026-06-26T08:05:00-04:00,29381.5,29420.5,29379.5,29414.0,490
2026-06-26T08:06:00-04:00,29413.25,29413.75,29398.75,29401.25,213
2026-06-26T08:07:00-04:00,29399.75,29402.0,29394.0,29397.0,138
2026-06-26T08:08:00-04:00,29397.5,29412.75,29394.25,29409.25,166
2026-06-26T08:09:00-04:00,29409.75,29416.75,29402.25,29414.25,214
2026-06-26T08:10:00-04:00,29414.25,29416.0,29396.5,29401.75,130
2026-06-26T08:11:00-04:00,29401.75,29410.0,29397.75,29408.5,103
2026-06-26T08:12:00-04:00,29406.25,29422.25,29403.5,29417.75,160
2026-06-26T08:13:00-04:00,29417.25,29437.75,29417.25,29435.25,256
2026-06-26T08:14:00-04:00,29430.75,29435.75,29418.25,29420.5,209
2026-06-26T08:15:00-04:00,29420.5,29444.0,29420.25,29443.25,218
2026-06-26T08:16:00-04:00,29442.25,29450.0,29432.5,29438.25,256
2026-06-26T08:17:00-04:00,29439.0,29441.25,29429.75,29441.25,157
2026-06-26T08:18:00-04:00,29441.0,29444.0,29415.0,29418.25,269
2026-06-26T08:19:00-04:00,29419.0,29422.5,29403.5,29410.25,282
2026-06-26T08:20:00-04:00,29412.0,29419.25,29407.25,29408.0,194
2026-06-26T08:21:00-04:00,29407.75,29408.25,29384.5,29390.0,364
2026-06-26T08:22:00-04:00,29390.75,29396.25,29380.0,29394.0,147
2026-06-26T08:23:00-04:00,29395.0,29404.0,29389.5,29390.75,159
2026-06-26T08:24:00-04:00,29390.75,29393.0,29375.5,29375.75,262
2026-06-26T08:25:00-04:00,29375.5,29387.0,29374.0,29377.25,194
2026-06-26T08:26:00-04:00,29376.5,29386.0,29374.75,29381.0,117
2026-06-26T08:27:00-04:00,29380.0,29388.75,29373.25,29386.0,160
2026-06-26T08:28:00-04:00,29386.25,29396.25,29383.5,29392.75,117
2026-06-26T08:29:00-04:00,29391.25,29399.5,29390.25,29396.75,122
2026-06-26T08:30:00-04:00,29392.0,29402.75,29381.75,29383.5,309
2026-06-26T08:31:00-04:00,29385.25,29406.5,29373.5,29404.5,447
2026-06-26T08:32:00-04:00,29402.5,29404.25,29386.0,29400.25,182
2026-06-26T08:33:00-04:00,29399.0,29401.0,29378.0,29379.5,151
2026-06-26T08:34:00-04:00,29379.75,29384.0,29367.75,29372.75,151
2026-06-26T08:35:00-04:00,29370.5,29370.5,29358.0,29360.25,200
2026-06-26T08:36:00-04:00,29359.25,29374.0,29359.25,29370.25,329
2026-06-26T08:37:00-04:00,29369.5,29373.75,29359.25,29373.25,238
2026-06-26T08:38:00-04:00,29374.0,29377.0,29358.0,29360.75,272
2026-06-26T08:39:00-04:00,29359.5,29361.5,29336.0,29342.75,429
2026-06-26T08:40:00-04:00,29342.0,29349.5,29338.75,29346.5,163
2026-06-26T08:41:00-04:00,29345.75,29349.75,29334.0,29335.0,169
2026-06-26T08:42:00-04:00,29334.75,29340.75,29325.75,29332.75,260
2026-06-26T08:43:00-04:00,29332.5,29332.75,29320.5,29324.25,165
2026-06-26T08:44:00-04:00,29324.75,29330.5,29320.0,29322.75,151
2026-06-26T08:45:00-04:00,29324.25,29328.0,29310.75,29321.25,292
2026-06-26T08:46:00-04:00,29322.0,29338.75,29318.75,29336.5,307
2026-06-26T08:47:00-04:00,29335.5,29335.75,29327.5,29330.5,176
2026-06-26T08:48:00-04:00,29330.5,29334.0,29322.0,29323.5,199
2026-06-26T08:49:00-04:00,29323.0,29329.0,29316.5,29328.0,157
2026-06-26T08:50:00-04:00,29326.5,29347.25,29316.5,29317.0,308
2026-06-26T08:51:00-04:00,29317.0,29325.0,29310.0,29313.75,298
2026-06-26T08:52:00-04:00,29311.25,29322.75,29298.25,29319.25,545
2026-06-26T08:53:00-04:00,29321.75,29340.0,29320.25,29339.25,298
2026-06-26T08:54:00-04:00,29340.0,29344.25,29330.0,29336.75,175
2026-06-26T08:55:00-04:00,29338.75,29343.5,29325.0,29327.25,169
2026-06-26T08:56:00-04:00,29327.75,29337.25,29323.5,29328.5,116
2026-06-26T08:57:00-04:00,29328.25,29336.0,29327.0,29327.5,90
2026-06-26T08:58:00-04:00,29326.75,29330.25,29318.75,29319.75,268
2026-06-26T08:59:00-04:00,29321.0,29324.75,29312.25,29315.25,244
2026-06-26T09:00:00-04:00,29317.25,29322.0,29289.0,29291.75,440
2026-06-26T09:01:00-04:00,29288.75,29295.0,29283.25,29294.25,372
2026-06-26T09:02:00-04:00,29293.5,29305.5,29291.5,29296.25,241
2026-06-26T09:03:00-04:00,29296.25,29305.0,29282.0,29282.75,233
2026-06-26T09:04:00-04:00,29282.0,29286.0,29275.0,29286.0,369
2026-06-26T09:05:00-04:00,29285.0,29294.0,29279.25,29289.25,268
2026-06-26T09:06:00-04:00,29288.25,29292.0,29278.75,29282.75,172
2026-06-26T09:07:00-04:00,29282.0,29288.25,29261.5,29272.0,404
2026-06-26T09:08:00-04:00,29270.75,29276.5,29265.0,29272.75,244
2026-06-26T09:09:00-04:00,29273.25,29274.0,29259.5,29262.5,236
2026-06-26T09:10:00-04:00,29262.25,29271.25,29253.5,29256.75,279
2026-06-26T09:11:00-04:00,29256.0,29268.25,29249.0,29263.5,327
2026-06-26T09:12:00-04:00,29265.0,29282.0,29264.5,29277.0,290
2026-06-26T09:13:00-04:00,29276.75,29283.25,29270.75,29278.0,204
2026-06-26T09:14:00-04:00,29280.5,29290.25,29277.0,29279.0,378
2026-06-26T09:15:00-04:00,29278.25,29285.25,29270.75,29278.25,208
2026-06-26T09:16:00-04:00,29277.75,29281.75,29271.25,29272.0,121
2026-06-26T09:17:00-04:00,29273.25,29286.75,29265.25,29281.0,260
2026-06-26T09:18:00-04:00,29281.25,29283.75,29211.25,29232.25,1575
2026-06-26T09:19:00-04:00,29231.0,29261.0,29223.0,29256.25,981
2026-06-26T09:20:00-04:00,29256.75,29291.75,29248.5,29278.0,1030
2026-06-26T09:21:00-04:00,29275.75,29305.5,29269.25,29305.25,510
2026-06-26T09:22:00-04:00,29304.75,29307.75,29275.75,29276.75,489
2026-06-26T09:23:00-04:00,29277.5,29299.0,29275.5,29294.0,231
2026-06-26T09:24:00-04:00,29291.5,29303.0,29284.0,29300.75,305
2026-06-26T09:25:00-04:00,29298.5,29316.5,29295.0,29309.5,544
2026-06-26T09:26:00-04:00,29309.25,29321.75,29304.5,29307.0,349
2026-06-26T09:27:00-04:00,29308.75,29337.75,29301.75,29337.75,613
2026-06-26T09:28:00-04:00,29338.0,29345.0,29317.75,29321.25,627
2026-06-26T09:29:00-04:00,29321.25,29367.25,29320.75,29360.75,1224
2026-06-26T09:30:00-04:00,29362.5,29362.5,29292.0,29335.25,4294
2026-06-26T09:31:00-04:00,29335.25,29371.75,29303.25,29356.5,2473
2026-06-26T09:32:00-04:00,29356.5,29369.0,29283.75,29289.75,2238
2026-06-26T09:33:00-04:00,29291.0,29296.25,29197.5,29199.75,2999
2026-06-26T09:34:00-04:00,29199.75,29254.0,29181.5,29231.25,2853
2026-06-26T09:35:00-04:00,29231.5,29333.0,29228.25,29319.25,3088
2026-06-26T09:36:00-04:00,29318.5,29349.5,29295.75,29317.5,2077
2026-06-26T09:37:00-04:00,29315.5,29338.25,29260.75,29286.5,2144
2026-06-26T09:38:00-04:00,29288.75,29308.5,29267.5,29278.5,1399
2026-06-26T09:39:00-04:00,29280.5,29286.25,29238.75,29240.75,1571
2026-06-26T09:40:00-04:00,29239.25,29277.75,29217.75,29234.75,1903
2026-06-26T09:41:00-04:00,29233.25,29259.0,29221.75,29251.5,1162
2026-06-26T09:42:00-04:00,29252.5,29296.75,29251.25,29260.5,1775
2026-06-26T09:43:00-04:00,29264.25,29360.5,29261.25,29327.0,2277
2026-06-26T09:44:00-04:00,29327.0,29365.25,29305.75,29342.25,1471
2026-06-26T09:45:00-04:00,29343.5,29344.25,29247.0,29252.0,2784
2026-06-26T09:46:00-04:00,29250.75,29322.75,29235.5,29306.5,2193
2026-06-26T09:47:00-04:00,29307.75,29350.5,29306.25,29318.0,1548
2026-06-26T09:48:00-04:00,29319.25,29347.25,29276.75,29278.25,1686
2026-06-26T09:49:00-04:00,29280.0,29294.5,29241.0,29267.75,1352
2026-06-26T09:50:00-04:00,29267.25,29303.75,29260.0,29292.25,1379
2026-06-26T09:51:00-04:00,29294.25,29348.0,29280.25,29323.25,1182
2026-06-26T09:52:00-04:00,29323.25,29338.75,29259.75,29264.75,1284
2026-06-26T09:53:00-04:00,29267.25,29303.5,29264.0,29284.75,1068
2026-06-26T09:54:00-04:00,29285.75,29328.5,29278.25,29323.0,807
2026-06-26T09:55:00-04:00,29326.0,29349.0,29300.0,29325.25,1405
2026-06-26T09:56:00-04:00,29322.75,29420.75,29311.75,29414.0,2591
2026-06-26T09:57:00-04:00,29413.25,29454.0,29392.0,29443.0,2657
2026-06-26T09:58:00-04:00,29444.0,29464.5,29422.0,29455.0,1347
2026-06-26T09:59:00-04:00,29454.0,29458.25,29410.25,29440.5,1177
2026-06-26T10:00:00-04:00,29444.0,29520.0,29414.0,29506.75,2946
2026-06-26T10:01:00-04:00,29510.25,29529.0,29482.75,29501.5,1456
2026-06-26T10:02:00-04:00,29500.25,29505.25,29458.5,29497.75,1658
2026-06-26T10:03:00-04:00,29496.75,29517.25,29473.0,29494.75,1264
2026-06-26T10:04:00-04:00,29490.75,29541.25,29483.5,29534.75,1345
2026-06-26T10:05:00-04:00,29534.25,29557.0,29508.5,29527.0,1768
2026-06-26T10:06:00-04:00,29528.25,29577.25,29523.5,29547.25,1984
2026-06-26T10:07:00-04:00,29547.0,29559.75,29518.75,29553.75,1560
2026-06-26T10:08:00-04:00,29556.0,29585.25,29548.5,29553.0,1495
2026-06-26T10:09:00-04:00,29553.75,29586.0,29552.0,29571.5,1029
2026-06-26T10:10:00-04:00,29569.25,29576.5,29524.0,29535.25,1802
2026-06-26T10:11:00-04:00,29535.0,29535.75,29505.25,29524.25,1390
2026-06-26T10:12:00-04:00,29524.75,29578.25,29515.5,29576.5,1624
2026-06-26T10:13:00-04:00,29576.5,29604.5,29572.75,29591.5,1731
2026-06-26T10:14:00-04:00,29591.5,29600.0,29560.75,29589.5,1189
2026-06-26T10:15:00-04:00,29588.25,29598.5,29561.0,29575.5,1378
2026-06-26T10:16:00-04:00,29576.25,29605.5,29566.75,29573.25,947
2026-06-26T10:17:00-04:00,29574.0,29575.0,29523.0,29530.25,1830
2026-06-26T10:18:00-04:00,29532.0,29558.75,29524.75,29555.5,1126
2026-06-26T10:19:00-04:00,29554.0,29569.75,29527.0,29527.25,1087
2026-06-26T10:20:00-04:00,29528.5,29665.25,29520.5,29624.75,3239
2026-06-26T10:21:00-04:00,29623.25,29640.25,29614.0,29616.25,1425
2026-06-26T10:22:00-04:00,29618.75,29635.5,29604.0,29615.5,977
2026-06-26T10:23:00-04:00,29615.5,29629.0,29595.75,29598.5,1082
2026-06-26T10:24:00-04:00,29599.75,29615.0,29585.25,29605.75,951
2026-06-26T10:25:00-04:00,29605.75,29631.5,29596.75,29622.0,1002
2026-06-26T10:26:00-04:00,29623.5,29637.25,29574.0,29579.25,1476
2026-06-26T10:27:00-04:00,29581.0,29615.25,29567.5,29604.5,1027
2026-06-26T10:28:00-04:00,29604.0,29622.0,29596.75,29602.0,711
2026-06-26T10:29:00-04:00,29603.75,29604.75,29579.75,29592.0,718
2026-06-26T10:30:00-04:00,29593.5,29618.25,29564.25,29582.25,1502
2026-06-26T10:31:00-04:00,29582.0,29595.75,29567.0,29575.75,745
2026-06-26T10:32:00-04:00,29576.75,29585.5,29532.0,29544.25,1364
2026-06-26T10:33:00-04:00,29546.5,29580.5,29535.0,29566.5,1302
2026-06-26T10:34:00-04:00,29567.25,29607.75,29564.5,29584.25,1058
2026-06-26T10:35:00-04:00,29585.0,29588.5,29547.0,29551.25,860
2026-06-26T10:36:00-04:00,29551.5,29557.5,29517.5,29520.5,1182
2026-06-26T10:37:00-04:00,29520.75,29535.5,29497.5,29506.5,1190
2026-06-26T10:38:00-04:00,29509.0,29526.25,29503.5,29504.0,844
2026-06-26T10:39:00-04:00,29505.25,29508.5,29481.5,29488.25,1263
2026-06-26T10:40:00-04:00,29489.0,29493.0,29455.5,29461.25,1633
2026-06-26T10:41:00-04:00,29463.25,29523.75,29456.25,29506.75,1824
2026-06-26T10:42:00-04:00,29504.75,29555.5,29503.75,29540.0,1525
2026-06-26T10:43:00-04:00,29540.0,29542.25,29496.75,29509.25,1111
2026-06-26T10:44:00-04:00,29508.75,29519.0,29482.0,29493.5,909
2026-06-26T10:45:00-04:00,29493.75,29517.5,29486.5,29493.75,845
2026-06-26T10:46:00-04:00,29494.75,29534.0,29488.75,29512.75,872
2026-06-26T10:47:00-04:00,29512.0,29538.0,29499.5,29524.75,681
2026-06-26T10:48:00-04:00,29522.75,29558.5,29506.25,29555.25,1043
2026-06-26T10:49:00-04:00,29552.25,29567.5,29522.0,29530.0,1186
2026-06-26T10:50:00-04:00,29531.75,29558.0,29524.0,29557.75,924
2026-06-26T10:51:00-04:00,29556.25,29580.0,29537.5,29547.5,1218
2026-06-26T10:52:00-04:00,29548.0,29549.5,29504.5,29513.75,931
2026-06-26T10:53:00-04:00,29515.5,29521.5,29492.25,29494.75,910
2026-06-26T10:54:00-04:00,29493.0,29521.0,29490.5,29521.0,635
2026-06-26T10:55:00-04:00,29521.25,29522.5,29484.0,29488.5,801
2026-06-26T10:56:00-04:00,29492.0,29529.5,29466.0,29520.0,1090
2026-06-26T10:57:00-04:00,29518.75,29543.5,29507.0,29521.75,813
2026-06-26T10:58:00-04:00,29520.75,29536.5,29498.75,29507.25,608
2026-06-26T10:59:00-04:00,29505.0,29538.75,29492.0,29501.75,618
2026-06-26T11:00:00-04:00,29505.25,29535.75,29504.75,29522.0,567
2026-06-26T11:01:00-04:00,29520.0,29544.5,29506.5,29523.75,625
2026-06-26T11:02:00-04:00,29524.0,29543.0,29513.0,29533.5,543
2026-06-26T11:03:00-04:00,29531.75,29553.25,29528.25,29540.25,827
2026-06-26T11:04:00-04:00,29541.25,29543.0,29501.0,29511.25,719
2026-06-26T11:05:00-04:00,29511.0,29515.75,29482.75,29489.25,717
2026-06-26T11:06:00-04:00,29489.75,29495.25,29467.5,29478.0,704
2026-06-26T11:07:00-04:00,29479.0,29507.0,29472.75,29506.5,761
2026-06-26T11:08:00-04:00,29503.0,29514.75,29480.0,29488.0,689
2026-06-26T11:09:00-04:00,29486.25,29537.75,29485.0,29525.25,932
2026-06-26T11:10:00-04:00,29526.0,29535.5,29489.0,29494.5,722
2026-06-26T11:11:00-04:00,29492.75,29493.25,29463.5,29468.25,718
2026-06-26T11:12:00-04:00,29471.0,29473.0,29438.0,29447.5,1342
2026-06-26T11:13:00-04:00,29447.25,29462.5,29445.25,29448.0,680
2026-06-26T11:14:00-04:00,29449.0,29458.0,29439.0,29444.5,539
2026-06-26T11:15:00-04:00,29446.5,29446.5,29408.75,29427.0,1590
2026-06-26T11:16:00-04:00,29426.0,29459.75,29416.5,29458.5,1257
2026-06-26T11:17:00-04:00,29457.75,29513.25,29447.5,29488.75,1588
2026-06-26T11:18:00-04:00,29488.5,29505.25,29469.25,29475.0,679
2026-06-26T11:19:00-04:00,29475.25,29520.0,29474.5,29503.25,1217
2026-06-26T11:20:00-04:00,29504.25,29526.25,29481.75,29484.0,1016
2026-06-26T11:21:00-04:00,29483.5,29504.75,29481.75,29501.75,563
2026-06-26T11:22:00-04:00,29501.75,29518.75,29491.25,29514.0,578
2026-06-26T11:23:00-04:00,29514.0,29548.75,29513.0,29543.25,1140
2026-06-26T11:24:00-04:00,29543.25,29560.25,29533.5,29559.25,1099
2026-06-26T11:25:00-04:00,29558.5,29578.0,29539.0,29571.25,1015
2026-06-26T11:26:00-04:00,29572.5,29582.25,29560.75,29572.25,954
2026-06-26T11:27:00-04:00,29573.0,29574.0,29548.75,29553.75,777
2026-06-26T11:28:00-04:00,29554.75,29557.5,29540.0,29555.25,594
2026-06-26T11:29:00-04:00,29557.25,29594.25,29556.0,29592.5,1143
2026-06-26T11:30:00-04:00,29591.75,29659.5,29590.5,29643.25,2706
2026-06-26T11:31:00-04:00,29643.5,29650.0,29614.0,29632.75,1533
2026-06-26T11:32:00-04:00,29632.0,29632.0,29596.25,29614.5,923
2026-06-26T11:33:00-04:00,29613.25,29624.75,29577.25,29580.5,884
2026-06-26T11:34:00-04:00,29581.0,29590.0,29567.0,29582.25,865
2026-06-26T11:35:00-04:00,29582.5,29605.75,29582.5,29597.5,751
2026-06-26T11:36:00-04:00,29596.5,29633.0,29592.5,29629.75,750
2026-06-26T11:37:00-04:00,29628.25,29668.5,29625.5,29648.5,1240
2026-06-26T11:38:00-04:00,29650.5,29673.75,29639.75,29663.5,1096
2026-06-26T11:39:00-04:00,29664.25,29675.0,29653.5,29665.0,883
2026-06-26T11:40:00-04:00,29665.25,29673.5,29650.75,29654.5,895
2026-06-26T11:41:00-04:00,29654.25,29665.0,29640.25,29647.75,701
2026-06-26T11:42:00-04:00,29647.75,29697.5,29647.0,29685.75,1688
2026-06-26T11:43:00-04:00,29684.5,29711.75,29678.25,29702.25,1259
2026-06-26T11:44:00-04:00,29702.5,29716.0,29691.0,29697.5,933
2026-06-26T11:45:00-04:00,29696.75,29705.25,29670.75,29676.0,1333
2026-06-26T11:46:00-04:00,29676.25,29680.25,29642.0,29644.5,1029
2026-06-26T11:47:00-04:00,29645.0,29647.75,29628.75,29640.25,973
2026-06-26T11:48:00-04:00,29639.0,29648.75,29633.0,29637.25,601
2026-06-26T11:49:00-04:00,29636.25,29649.0,29623.75,29623.75,734
2026-06-26T11:50:00-04:00,29625.0,29657.75,29623.0,29656.0,951
2026-06-26T11:51:00-04:00,29655.25,29665.0,29558.5,29570.5,3335
2026-06-26T11:52:00-04:00,29573.75,29607.75,29572.25,29589.75,1080
2026-06-26T11:53:00-04:00,29588.25,29607.25,29576.25,29579.75,757
2026-06-26T11:54:00-04:00,29578.5,29580.25,29531.0,29558.5,1851
2026-06-26T11:55:00-04:00,29561.25,29597.5,29547.25,29592.0,1137
2026-06-26T11:56:00-04:00,29593.0,29623.5,29593.0,29621.75,1215
2026-06-26T11:57:00-04:00,29621.25,29649.0,29619.25,29634.25,1160
2026-06-26T11:58:00-04:00,29635.0,29639.75,29610.0,29615.5,807
2026-06-26T11:59:00-04:00,29614.5,29639.0,29602.0,29621.25,821
2026-06-26T12:00:00-04:00,29620.75,29626.5,29593.25,29616.25,885
2026-06-26T12:01:00-04:00,29618.25,29623.75,29603.75,29610.75,473
2026-06-26T12:02:00-04:00,29610.25,29614.5,29580.25,29583.25,795
2026-06-26T12:03:00-04:00,29583.25,29610.0,29582.0,29602.25,629
2026-06-26T12:04:00-04:00,29601.75,29618.75,29596.75,29609.75,487
2026-06-26T12:05:00-04:00,29608.0,29615.5,29585.5,29596.25,536
2026-06-26T12:06:00-04:00,29596.75,29606.5,29572.25,29599.0,673
2026-06-26T12:07:00-04:00,29598.5,29598.5,29578.25,29580.0,420
2026-06-26T12:08:00-04:00,29579.25,29584.5,29554.75,29559.0,636
2026-06-26T12:09:00-04:00,29557.5,29565.5,29540.0,29548.25,1039
2026-06-26T12:10:00-04:00,29547.5,29564.0,29541.5,29553.75,821
2026-06-26T12:11:00-04:00,29553.75,29558.25,29535.0,29547.75,693
2026-06-26T12:12:00-04:00,29548.0,29551.25,29518.75,29522.25,927
2026-06-26T12:13:00-04:00,29520.25,29548.0,29520.25,29537.75,769
2026-06-26T12:14:00-04:00,29539.5,29558.0,29539.5,29555.25,755
2026-06-26T12:15:00-04:00,29555.0,29564.0,29543.25,29556.5,816
2026-06-26T12:16:00-04:00,29555.75,29583.0,29540.25,29579.75,893
2026-06-26T12:17:00-04:00,29580.25,29584.5,29555.5,29569.25,615
2026-06-26T12:18:00-04:00,29568.0,29571.25,29535.75,29540.5,700
2026-06-26T12:19:00-04:00,29542.0,29559.25,29537.0,29557.75,477
2026-06-26T12:20:00-04:00,29558.0,29571.0,29503.0,29525.75,1564
2026-06-26T12:21:00-04:00,29526.75,29537.0,29493.75,29510.0,1739
2026-06-26T12:22:00-04:00,29510.0,29533.25,29507.5,29518.0,773
2026-06-26T12:23:00-04:00,29518.75,29543.75,29507.75,29538.0,743
2026-06-26T12:24:00-04:00,29538.5,29560.0,29535.0,29541.25,737
2026-06-26T12:25:00-04:00,29541.5,29559.75,29540.25,29543.5,694
2026-06-26T12:26:00-04:00,29545.75,29571.25,29536.5,29564.5,650
2026-06-26T12:27:00-04:00,29566.0,29576.25,29559.75,29569.75,582
2026-06-26T12:28:00-04:00,29568.25,29579.0,29552.25,29567.25,438
2026-06-26T12:29:00-04:00,29568.25,29569.25,29545.0,29557.25,699
2026-06-26T12:30:00-04:00,29559.25,29608.25,29559.0,29601.75,1263
2026-06-26T12:31:00-04:00,29601.75,29604.75,29582.5,29592.25,650
2026-06-26T12:32:00-04:00,29593.25,29615.25,29582.0,29614.0,776
2026-06-26T12:33:00-04:00,29613.75,29625.0,29604.5,29615.25,763
2026-06-26T12:34:00-04:00,29616.25,29636.0,29610.25,29634.5,743
2026-06-26T12:35:00-04:00,29634.75,29642.75,29616.25,29621.5,712
2026-06-26T12:36:00-04:00,29621.0,29626.75,29604.75,29620.0,781
2026-06-26T12:37:00-04:00,29618.25,29636.75,29611.25,29620.75,650
2026-06-26T12:38:00-04:00,29621.0,29634.0,29616.5,29618.25,420
2026-06-26T12:39:00-04:00,29618.75,29620.5,29604.5,29607.5,387
2026-06-26T12:40:00-04:00,29607.75,29619.75,29601.75,29613.0,408
2026-06-26T12:41:00-04:00,29611.25,29614.75,29596.0,29607.5,572
2026-06-26T12:42:00-04:00,29608.0,29629.0,29604.5,29622.5,474
2026-06-26T12:43:00-04:00,29621.5,29631.25,29612.25,29615.75,390
2026-06-26T12:44:00-04:00,29615.5,29629.0,29593.75,29598.75,550
2026-06-26T12:45:00-04:00,29599.25,29619.75,29589.5,29607.25,672
2026-06-26T12:46:00-04:00,29608.25,29610.0,29585.75,29589.0,720
2026-06-26T12:47:00-04:00,29589.5,29609.25,29588.0,29603.25,421
2026-06-26T12:48:00-04:00,29603.75,29613.75,29588.75,29592.75,522
2026-06-26T12:49:00-04:00,29591.25,29613.0,29591.25,29611.5,459
2026-06-26T12:50:00-04:00,29611.25,29641.5,29606.0,29623.25,991
2026-06-26T12:51:00-04:00,29620.75,29641.0,29619.25,29625.75,955
2026-06-26T12:52:00-04:00,29624.0,29627.5,29609.75,29618.5,364
2026-06-26T12:53:00-04:00,29619.0,29636.5,29615.25,29636.5,312
2026-06-26T12:54:00-04:00,29636.75,29645.5,29625.5,29625.5,554
2026-06-26T12:55:00-04:00,29627.25,29627.25,29603.75,29610.0,563
2026-06-26T12:56:00-04:00,29609.25,29616.5,29602.25,29606.75,272
2026-06-26T12:57:00-04:00,29608.0,29615.25,29604.5,29610.75,218
2026-06-26T12:58:00-04:00,29609.5,29620.25,29608.75,29614.5,293
2026-06-26T12:59:00-04:00,29616.0,29616.0,29600.75,29612.25,330
2026-06-26T13:00:00-04:00,29612.0,29626.25,29595.0,29625.75,675
2026-06-26T13:01:00-04:00,29625.25,29655.75,29624.0,29646.5,1143
2026-06-26T13:02:00-04:00,29645.5,29657.0,29643.0,29647.5,503
2026-06-26T13:03:00-04:00,29648.0,29657.25,29640.0,29645.25,409
2026-06-26T13:04:00-04:00,29645.75,29653.25,29635.5,29644.0,354
2026-06-26T13:05:00-04:00,29643.75,29658.5,29641.0,29654.25,491
2026-06-26T13:06:00-04:00,29653.0,29658.0,29646.75,29649.75,286
2026-06-26T13:07:00-04:00,29649.75,29650.75,29637.0,29646.0,383
2026-06-26T13:08:00-04:00,29644.75,29681.25,29644.0,29678.75,843
2026-06-26T13:09:00-04:00,29678.5,29693.25,29671.0,29688.25,993
2026-06-26T13:10:00-04:00,29689.0,29700.0,29679.75,29680.75,663
2026-06-26T13:11:00-04:00,29681.0,29681.5,29659.75,29663.25,650
2026-06-26T13:12:00-04:00,29663.0,29673.0,29654.25,29673.0,565
2026-06-26T13:13:00-04:00,29671.75,29671.75,29645.75,29648.0,422
2026-06-26T13:14:00-04:00,29648.25,29655.5,29647.25,29651.75,309
2026-06-26T13:15:00-04:00,29652.0,29655.5,29618.5,29626.75,817
2026-06-26T13:16:00-04:00,29626.5,29639.5,29620.0,29622.5,631
2026-06-26T13:17:00-04:00,29623.25,29625.75,29600.0,29603.75,652
2026-06-26T13:18:00-04:00,29602.25,29614.0,29594.5,29597.0,744
2026-06-26T13:19:00-04:00,29598.25,29618.5,29596.75,29604.25,511
2026-06-26T13:20:00-04:00,29605.5,29615.75,29597.0,29600.5,621
2026-06-26T13:21:00-04:00,29599.25,29606.25,29578.75,29605.25,690
2026-06-26T13:22:00-04:00,29605.5,29626.25,29605.5,29614.0,699
2026-06-26T13:23:00-04:00,29613.25,29614.75,29583.75,29587.0,539
2026-06-26T13:24:00-04:00,29587.0,29600.5,29585.0,29595.75,354
2026-06-26T13:25:00-04:00,29594.5,29596.75,29575.25,29584.25,634
2026-06-26T13:26:00-04:00,29583.75,29595.0,29578.75,29588.75,421
2026-06-26T13:27:00-04:00,29588.75,29636.25,29587.25,29628.25,902
2026-06-26T13:28:00-04:00,29628.25,29647.75,29628.25,29643.0,730
2026-06-26T13:29:00-04:00,29642.5,29651.25,29632.75,29635.25,495
2026-06-26T13:30:00-04:00,29634.5,29676.5,29633.5,29655.5,983
2026-06-26T13:31:00-04:00,29657.0,29659.25,29620.25,29622.75,891
2026-06-26T13:32:00-04:00,29623.0,29629.25,29615.0,29628.25,538
2026-06-26T13:33:00-04:00,29627.75,29643.0,29619.5,29634.5,480
2026-06-26T13:34:00-04:00,29634.25,29646.0,29615.75,29620.75,487
2026-06-26T13:35:00-04:00,29620.75,29620.75,29589.25,29597.25,625
2026-06-26T13:36:00-04:00,29597.75,29609.75,29595.5,29600.0,365
2026-06-26T13:37:00-04:00,29600.0,29604.75,29588.25,29597.25,408
2026-06-26T13:38:00-04:00,29596.75,29604.25,29583.0,29586.5,632
2026-06-26T13:39:00-04:00,29587.25,29599.75,29578.75,29583.75,542
2026-06-26T13:40:00-04:00,29583.25,29587.75,29558.25,29573.5,853
2026-06-26T13:41:00-04:00,29574.75,29579.0,29561.5,29571.0,410
2026-06-26T13:42:00-04:00,29570.25,29598.25,29566.25,29593.25,546
2026-06-26T13:43:00-04:00,29593.0,29610.0,29590.75,29596.25,593
2026-06-26T13:44:00-04:00,29597.75,29608.75,29590.75,29597.75,349
2026-06-26T13:45:00-04:00,29596.75,29604.5,29588.0,29595.75,483
2026-06-26T13:46:00-04:00,29595.0,29602.5,29588.0,29595.5,340
2026-06-26T13:47:00-04:00,29595.25,29602.0,29588.5,29598.25,250
2026-06-26T13:48:00-04:00,29598.5,29612.5,29582.0,29583.0,489
2026-06-26T13:49:00-04:00,29582.75,29591.5,29568.75,29571.5,447
2026-06-26T13:50:00-04:00,29573.0,29578.0,29566.25,29577.0,449
2026-06-26T13:51:00-04:00,29577.25,29581.5,29567.5,29580.25,283
2026-06-26T13:52:00-04:00,29580.0,29588.75,29576.75,29583.25,286
2026-06-26T13:53:00-04:00,29583.25,29590.75,29572.0,29574.0,320
2026-06-26T13:54:00-04:00,29574.25,29595.0,29569.0,29576.25,408
2026-06-26T13:55:00-04:00,29575.5,29577.0,29555.0,29555.0,412
2026-06-26T13:56:00-04:00,29555.75,29557.0,29535.75,29547.25,744
2026-06-26T13:57:00-04:00,29545.5,29552.5,29536.0,29543.5,528
2026-06-26T13:58:00-04:00,29544.25,29555.5,29542.25,29551.5,498
2026-06-26T13:59:00-04:00,29552.5,29570.25,29543.0,29544.0,614
2026-06-26T14:00:00-04:00,29545.25,29559.5,29540.5,29551.25,687
2026-06-26T14:01:00-04:00,29551.25,29564.25,29548.25,29554.25,417
2026-06-26T14:02:00-04:00,29555.5,29570.0,29545.0,29555.25,430
2026-06-26T14:03:00-04:00,29553.5,29560.25,29541.5,29555.5,388
2026-06-26T14:04:00-04:00,29559.75,29569.5,29552.25,29561.5,400
2026-06-26T14:05:00-04:00,29560.0,29574.25,29554.75,29565.0,473
2026-06-26T14:06:00-04:00,29565.25,29582.0,29554.5,29562.25,524
2026-06-26T14:07:00-04:00,29561.25,29561.25,29536.5,29538.5,580
2026-06-26T14:08:00-04:00,29539.0,29551.0,29536.0,29546.0,392
2026-06-26T14:09:00-04:00,29549.5,29561.5,29546.0,29547.0,415
2026-06-26T14:10:00-04:00,29546.5,29555.25,29531.25,29533.25,481
2026-06-26T14:11:00-04:00,29533.25,29550.75,29528.75,29550.5,441
2026-06-26T14:12:00-04:00,29550.25,29553.5,29534.75,29535.75,381
2026-06-26T14:13:00-04:00,29536.0,29540.75,29528.25,29530.25,331
2026-06-26T14:14:00-04:00,29530.75,29541.75,29524.75,29538.75,395
2026-06-26T14:15:00-04:00,29539.0,29550.75,29525.75,29533.75,449
2026-06-26T14:16:00-04:00,29533.0,29536.25,29512.0,29516.75,725
2026-06-26T14:17:00-04:00,29516.75,29524.75,29508.5,29516.5,559
2026-06-26T14:18:00-04:00,29517.5,29525.0,29500.25,29501.25,510
2026-06-26T14:19:00-04:00,29501.25,29503.5,29490.0,29501.25,858
2026-06-26T14:20:00-04:00,29501.25,29515.75,29487.75,29504.5,682
2026-06-26T14:21:00-04:00,29503.5,29514.75,29499.0,29509.25,466
2026-06-26T14:22:00-04:00,29509.25,29522.75,29507.0,29518.0,557
2026-06-26T14:23:00-04:00,29518.0,29519.5,29495.0,29507.25,772
2026-06-26T14:24:00-04:00,29507.0,29509.75,29492.25,29503.25,448
2026-06-26T14:25:00-04:00,29502.0,29518.0,29498.25,29501.25,504
2026-06-26T14:26:00-04:00,29501.5,29513.5,29493.25,29494.25,264
2026-06-26T14:27:00-04:00,29495.25,29496.5,29471.25,29478.5,793
2026-06-26T14:28:00-04:00,29480.5,29481.0,29456.5,29462.25,638
2026-06-26T14:29:00-04:00,29462.0,29477.75,29461.0,29461.5,544
2026-06-26T14:30:00-04:00,29462.75,29477.5,29455.0,29459.0,651
2026-06-26T14:31:00-04:00,29458.25,29468.25,29454.0,29461.25,472
2026-06-26T14:32:00-04:00,29461.75,29485.5,29461.75,29483.25,652
2026-06-26T14:33:00-04:00,29482.25,29512.25,29480.5,29510.25,916
2026-06-26T14:34:00-04:00,29509.5,29509.75,29488.5,29500.0,476
2026-06-26T14:35:00-04:00,29502.0,29503.25,29479.25,29480.5,568
2026-06-26T14:36:00-04:00,29481.75,29486.0,29465.0,29478.5,663
2026-06-26T14:37:00-04:00,29479.0,29482.75,29461.25,29472.25,435
2026-06-26T14:38:00-04:00,29474.0,29481.5,29468.25,29475.5,301
2026-06-26T14:39:00-04:00,29474.75,29481.75,29471.5,29476.0,256
2026-06-26T14:40:00-04:00,29473.75,29488.75,29461.5,29469.75,580
2026-06-26T14:41:00-04:00,29470.25,29483.25,29462.75,29469.0,447
2026-06-26T14:42:00-04:00,29468.25,29478.0,29465.5,29467.5,245
2026-06-26T14:43:00-04:00,29467.5,29479.75,29463.0,29479.0,354
2026-06-26T14:44:00-04:00,29478.5,29493.75,29473.5,29474.5,824
2026-06-26T14:45:00-04:00,29475.5,29475.5,29446.0,29465.0,1063
2026-06-26T14:46:00-04:00,29464.0,29465.75,29447.0,29451.5,489
2026-06-26T14:47:00-04:00,29451.5,29459.0,29435.75,29443.0,594
2026-06-26T14:48:00-04:00,29442.25,29446.5,29427.5,29432.0,830
2026-06-26T14:49:00-04:00,29433.0,29451.75,29431.75,29443.25,514
2026-06-26T14:50:00-04:00,29443.25,29443.25,29418.25,29425.0,790
2026-06-26T14:51:00-04:00,29425.5,29436.0,29422.0,29426.25,562
2026-06-26T14:52:00-04:00,29426.25,29441.0,29418.25,29430.5,519
2026-06-26T14:53:00-04:00,29432.25,29434.25,29417.0,29430.25,398
2026-06-26T14:54:00-04:00,29429.0,29442.75,29424.0,29430.0,546
2026-06-26T14:55:00-04:00,29430.5,29455.5,29428.75,29452.0,708
2026-06-26T14:56:00-04:00,29452.0,29452.25,29430.0,29431.75,534
2026-06-26T14:57:00-04:00,29433.0,29442.75,29388.75,29406.25,1070
2026-06-26T14:58:00-04:00,29405.0,29419.75,29404.75,29407.25,627
2026-06-26T14:59:00-04:00,29408.5,29423.75,29404.25,29415.5,602
2026-06-26T15:00:00-04:00,29417.0,29441.5,29408.0,29421.5,1142
2026-06-26T15:01:00-04:00,29422.0,29436.25,29416.75,29430.25,633
2026-06-26T15:02:00-04:00,29430.0,29442.0,29424.0,29433.25,541
2026-06-26T15:03:00-04:00,29432.25,29434.75,29411.0,29413.25,519
2026-06-26T15:04:00-04:00,29414.0,29417.25,29402.0,29405.25,461
2026-06-26T15:05:00-04:00,29406.0,29410.75,29395.25,29403.25,615
2026-06-26T15:06:00-04:00,29403.0,29432.75,29396.0,29432.75,728
2026-06-26T15:07:00-04:00,29431.75,29447.75,29420.0,29432.25,800
2026-06-26T15:08:00-04:00,29432.5,29477.5,29432.5,29467.0,1146
2026-06-26T15:09:00-04:00,29467.75,29486.25,29466.0,29478.25,904
2026-06-26T15:10:00-04:00,29477.25,29493.0,29465.0,29481.0,1325
2026-06-26T15:11:00-04:00,29480.75,29489.25,29459.5,29477.0,779
2026-06-26T15:12:00-04:00,29477.0,29482.5,29460.75,29477.75,447
2026-06-26T15:13:00-04:00,29477.0,29486.75,29472.0,29480.5,477
2026-06-26T15:14:00-04:00,29479.5,29505.0,29478.5,29502.0,751
2026-06-26T15:15:00-04:00,29501.5,29503.75,29481.75,29495.5,634
2026-06-26T15:16:00-04:00,29496.0,29496.5,29470.5,29493.0,743
2026-06-26T15:17:00-04:00,29491.25,29491.25,29477.25,29481.75,416
2026-06-26T15:18:00-04:00,29481.5,29501.0,29481.5,29497.0,458
2026-06-26T15:19:00-04:00,29496.5,29503.25,29484.25,29488.0,392
2026-06-26T15:20:00-04:00,29487.25,29488.5,29472.75,29483.0,599
2026-06-26T15:21:00-04:00,29483.25,29503.25,29472.25,29473.25,759
2026-06-26T15:22:00-04:00,29473.25,29476.5,29443.5,29450.25,830
2026-06-26T15:23:00-04:00,29449.5,29455.0,29420.0,29432.5,1305
2026-06-26T15:24:00-04:00,29432.5,29446.5,29423.5,29445.0,886
2026-06-26T15:25:00-04:00,29445.25,29461.5,29440.75,29447.5,667
2026-06-26T15:26:00-04:00,29448.0,29450.25,29437.5,29446.0,405
2026-06-26T15:27:00-04:00,29443.75,29462.0,29438.75,29453.5,376
2026-06-26T15:28:00-04:00,29454.75,29463.5,29443.75,29443.75,510
2026-06-26T15:29:00-04:00,29441.5,29457.5,29438.75,29452.25,419
2026-06-26T15:30:00-04:00,29451.25,29458.0,29429.25,29452.75,678
2026-06-26T15:31:00-04:00,29453.0,29467.5,29440.25,29440.25,515
2026-06-26T15:32:00-04:00,29442.0,29463.0,29438.25,29454.25,416
2026-06-26T15:33:00-04:00,29453.75,29493.25,29452.75,29487.25,667
2026-06-26T15:34:00-04:00,29486.5,29498.25,29482.5,29488.5,460
2026-06-26T15:35:00-04:00,29488.25,29499.0,29477.0,29487.0,574
2026-06-26T15:36:00-04:00,29485.5,29509.5,29479.25,29492.5,619
2026-06-26T15:37:00-04:00,29493.5,29498.75,29471.25,29492.25,707
2026-06-26T15:38:00-04:00,29492.5,29494.5,29478.75,29482.25,366
2026-06-26T15:39:00-04:00,29482.5,29484.0,29465.5,29466.0,696
2026-06-26T15:40:00-04:00,29466.75,29488.0,29464.25,29476.0,464
2026-06-26T15:41:00-04:00,29476.5,29481.75,29468.0,29473.75,350
2026-06-26T15:42:00-04:00,29473.5,29521.5,29470.75,29521.5,835
2026-06-26T15:43:00-04:00,29519.5,29531.0,29510.5,29528.75,757
2026-06-26T15:44:00-04:00,29529.75,29544.0,29527.25,29537.75,754
2026-06-26T15:45:00-04:00,29538.5,29548.5,29525.75,29547.25,825
2026-06-26T15:46:00-04:00,29546.5,29569.5,29533.0,29554.5,826
2026-06-26T15:47:00-04:00,29554.5,29565.75,29536.5,29536.75,706
2026-06-26T15:48:00-04:00,29538.0,29543.25,29525.25,29526.25,705
2026-06-26T15:49:00-04:00,29529.0,29530.0,29509.75,29517.5,802
2026-06-26T15:50:00-04:00,29519.25,29534.25,29421.75,29437.75,3044
2026-06-26T15:51:00-04:00,29439.0,29458.0,29427.75,29441.0,1024
2026-06-26T15:52:00-04:00,29439.25,29444.0,29420.25,29431.25,1386
2026-06-26T15:53:00-04:00,29430.25,29464.25,29430.25,29446.0,1319
2026-06-26T15:54:00-04:00,29447.0,29460.0,29428.25,29452.5,1589
2026-06-26T15:55:00-04:00,29451.75,29468.75,29426.75,29436.5,1768
2026-06-26T15:56:00-04:00,29436.25,29442.0,29425.0,29442.0,1139
2026-06-26T15:57:00-04:00,29441.75,29457.75,29436.5,29451.0,1418
2026-06-26T15:58:00-04:00,29451.25,29462.5,29444.25,29458.0,1420
2026-06-26T15:59:00-04:00,29457.25,29458.0,29283.75,29317.75,11526
2026-06-26T16:00:00-04:00,29318.0,29410.0,29312.25,29393.25,5792
2026-06-26T16:01:00-04:00,29395.25,29398.75,29301.0,29313.25,2274
2026-06-26T16:02:00-04:00,29310.75,29324.5,29266.25,29301.75,2616
2026-06-26T16:03:00-04:00,29303.25,29334.75,29299.75,29323.5,997
2026-06-26T16:04:00-04:00,29325.25,29330.5,29294.25,29301.75,771
2026-06-26T16:05:00-04:00,29301.75,29318.75,29293.25,29300.75,662
2026-06-26T16:06:00-04:00,29301.25,29312.25,29278.25,29292.5,656
2026-06-26T16:07:00-04:00,29292.0,29306.25,29277.5,29300.5,514
2026-06-26T16:08:00-04:00,29303.0,29328.75,29303.0,29318.25,673
2026-06-26T16:09:00-04:00,29317.5,29317.5,29293.5,29304.25,558
2026-06-26T16:10:00-04:00,29305.75,29315.0,29301.0,29302.75,461
2026-06-26T16:11:00-04:00,29301.25,29320.0,29297.0,29312.5,511
2026-06-26T16:12:00-04:00,29313.25,29323.25,29311.25,29320.5,517
2026-06-26T16:13:00-04:00,29320.5,29346.75,29318.0,29337.25,839
2026-06-26T16:14:00-04:00,29336.25,29356.5,29334.25,29350.75,726
2026-06-26T16:15:00-04:00,29352.5,29376.75,29351.0,29362.0,468
2026-06-26T16:16:00-04:00,29361.0,29366.5,29349.25,29353.75,370
2026-06-26T16:17:00-04:00,29354.25,29366.0,29339.75,29348.75,418
2026-06-26T16:18:00-04:00,29349.0,29362.5,29343.0,29360.5,303
2026-06-26T16:19:00-04:00,29362.25,29367.5,29353.75,29356.0,312
2026-06-26T16:20:00-04:00,29354.25,29368.25,29348.5,29359.0,343
2026-06-26T16:21:00-04:00,29360.25,29361.5,29345.0,29348.0,341
2026-06-26T16:22:00-04:00,29348.0,29363.5,29348.0,29359.5,282
2026-06-26T16:23:00-04:00,29360.25,29366.25,29354.75,29365.0,357
2026-06-26T16:24:00-04:00,29365.0,29378.75,29365.0,29372.5,375
2026-06-26T16:25:00-04:00,29371.25,29383.75,29367.5,29369.75,428
2026-06-26T16:26:00-04:00,29369.75,29370.5,29357.0,29360.0,498
2026-06-26T16:27:00-04:00,29360.5,29364.75,29354.25,29357.25,330
2026-06-26T16:28:00-04:00,29356.25,29364.5,29349.5,29358.25,363
2026-06-26T16:29:00-04:00,29357.75,29362.5,29340.5,29341.25,391
2026-06-26T16:30:00-04:00,29341.25,29348.25,29311.75,29313.25,766
2026-06-26T16:31:00-04:00,29314.0,29314.0,29274.0,29278.75,673
2026-06-26T16:32:00-04:00,29278.75,29298.5,29277.0,29285.0,234
2026-06-26T16:33:00-04:00,29284.75,29295.75,29281.5,29291.0,212
2026-06-26T16:34:00-04:00,29290.0,29320.0,29289.5,29312.75,357
2026-06-26T16:35:00-04:00,29310.75,29312.75,29298.25,29312.0,206
2026-06-26T16:36:00-04:00,29313.75,29326.75,29266.0,29283.75,1221
2026-06-26T16:37:00-04:00,29286.25,29299.25,29274.5,29289.75,440
2026-06-26T16:38:00-04:00,29289.75,29296.25,29284.75,29292.75,242
2026-06-26T16:39:00-04:00,29294.0,29308.5,29279.5,29290.75,416
2026-06-26T16:40:00-04:00,29289.75,29290.75,29273.25,29274.5,229
2026-06-26T16:41:00-04:00,29276.75,29291.25,29269.0,29269.5,261
2026-06-26T16:42:00-04:00,29269.0,29271.75,29256.75,29268.75,266
2026-06-26T16:43:00-04:00,29268.75,29277.5,29265.25,29273.0,195
2026-06-26T16:44:00-04:00,29271.5,29282.75,29268.75,29271.25,304
2026-06-26T16:45:00-04:00,29271.25,29271.25,29255.0,29258.5,333
2026-06-26T16:46:00-04:00,29258.25,29274.25,29256.25,29267.5,246
2026-06-26T16:47:00-04:00,29268.5,29277.75,29260.5,29272.75,219
2026-06-26T16:48:00-04:00,29271.5,29280.25,29265.0,29266.75,236
2026-06-26T16:49:00-04:00,29265.5,29276.25,29264.25,29276.25,155
2026-06-26T16:50:00-04:00,29278.25,29286.5,29277.25,29286.0,249
2026-06-26T16:51:00-04:00,29286.25,29290.25,29282.75,29289.0,158
2026-06-26T16:52:00-04:00,29288.75,29300.25,29279.5,29295.0,198
2026-06-26T16:53:00-04:00,29297.0,29302.5,29282.5,29283.5,146
2026-06-26T16:54:00-04:00,29282.25,29294.75,29282.25,29292.75,227
2026-06-26T16:55:00-04:00,29293.0,29302.75,29290.75,29296.25,337
2026-06-26T16:56:00-04:00,29295.25,29305.25,29294.5,29304.25,90
2026-06-26T16:57:00-04:00,29306.5,29307.25,29289.5,29294.25,125
2026-06-26T16:58:00-04:00,29290.75,29298.5,29270.0,29293.0,147
2026-06-26T16:59:00-04:00,29296.25,29368.25,29275.25,29368.25,145
2026-06-28T18:10:00-04:00,29504.5,29510.75,29490.0,29502.5,0
2026-06-28T18:11:00-04:00,29503.0,29506.75,29485.0,29493.5,147
2026-06-28T18:12:00-04:00,29495.0,29526.5,29490.25,29519.25,215
2026-06-28T18:13:00-04:00,29517.25,29529.25,29515.0,29525.0,137
2026-06-28T18:14:00-04:00,29524.0,29552.75,29524.0,29545.0,342
2026-06-28T18:15:00-04:00,29546.0,29550.0,29533.75,29539.75,194
2026-06-28T18:16:00-04:00,29534.75,29536.5,29526.75,29530.5,98
2026-06-28T18:17:00-04:00,29530.0,29559.75,29528.5,29554.75,233
2026-06-28T18:18:00-04:00,29554.25,29554.25,29525.5,29532.0,130
2026-06-28T18:19:00-04:00,29530.5,29533.25,29520.25,29523.5,135
2026-06-28T18:20:00-04:00,29523.0,29528.0,29498.0,29502.0,278
2026-06-28T18:21:00-04:00,29504.25,29519.25,29504.0,29514.75,85
2026-06-28T18:22:00-04:00,29514.5,29539.5,29513.25,29539.5,216
2026-06-28T18:23:00-04:00,29539.75,29580.0,29534.75,29546.0,546
2026-06-28T18:24:00-04:00,29548.25,29557.25,29534.25,29537.0,155
2026-06-28T18:25:00-04:00,29539.25,29577.5,29527.0,29563.75,384
2026-06-28T18:26:00-04:00,29561.0,29582.0,29561.0,29565.5,165
2026-06-28T18:27:00-04:00,29565.0,29579.75,29560.5,29568.75,102
2026-06-28T18:28:00-04:00,29567.5,29592.25,29556.75,29559.0,302
2026-06-28T18:29:00-04:00,29560.25,29566.75,29552.0,29561.0,115
2026-06-28T18:30:00-04:00,29560.75,29589.0,29560.75,29574.75,220
2026-06-28T18:31:00-04:00,29570.0,29585.0,29563.5,29580.75,121
2026-06-28T18:32:00-04:00,29580.5,29598.75,29580.0,29584.75,216
2026-06-28T18:33:00-04:00,29582.25,29587.25,29574.75,29575.5,76
2026-06-28T18:34:00-04:00,29572.75,29576.75,29563.0,29568.75,117
2026-06-28T18:35:00-04:00,29567.75,29568.75,29560.75,29563.75,124
2026-06-28T18:36:00-04:00,29566.75,29588.75,29566.5,29582.0,153
2026-06-28T18:37:00-04:00,29583.75,29584.25,29563.75,29567.5,107
2026-06-28T18:38:00-04:00,29565.75,29570.0,29561.5,29565.0,56
2026-06-28T18:39:00-04:00,29569.0,29572.0,29562.5,29565.75,60
2026-06-28T18:40:00-04:00,29565.75,29589.25,29561.5,29589.25,130
2026-06-28T18:41:00-04:00,29589.75,29590.0,29575.75,29577.75,94
2026-06-28T18:42:00-04:00,29577.75,29590.75,29577.75,29583.5,77
2026-06-28T18:43:00-04:00,29584.75,29592.0,29574.25,29579.5,58
2026-06-28T18:44:00-04:00,29577.25,29586.0,29574.25,29584.75,76
2026-06-28T18:45:00-04:00,29584.5,29594.0,29579.0,29583.0,128
2026-06-28T18:46:00-04:00,29583.75,29588.75,29578.5,29581.75,44
2026-06-28T18:47:00-04:00,29581.0,29582.0,29575.25,29581.25,34
2026-06-28T18:48:00-04:00,29580.5,29595.0,29580.5,29590.0,96
2026-06-28T18:49:00-04:00,29591.75,29591.75,29574.5,29589.25,147
2026-06-28T18:50:00-04:00,29587.25,29589.0,29575.25,29575.25,30
2026-06-28T18:51:00-04:00,29575.75,29579.25,29571.5,29574.5,68
2026-06-28T18:52:00-04:00,29571.0,29574.0,29565.5,29568.25,79
2026-06-28T18:53:00-04:00,29568.5,29576.75,29567.75,29574.0,49
2026-06-28T18:54:00-04:00,29574.0,29574.25,29561.75,29565.25,122
2026-06-28T18:55:00-04:00,29568.0,29577.5,29565.25,29572.25,92
2026-06-28T18:56:00-04:00,29574.25,29576.75,29569.5,29571.25,36
2026-06-28T18:57:00-04:00,29572.25,29572.5,29564.25,29566.25,46
2026-06-28T18:58:00-04:00,29565.0,29565.0,29556.0,29562.0,72
2026-06-28T18:59:00-04:00,29561.5,29568.5,29557.75,29560.5,69
2026-06-28T19:00:00-04:00,29558.25,29583.5,29548.75,29579.25,252
2026-06-28T19:01:00-04:00,29577.0,29593.0,29577.0,29587.5,193
2026-06-28T19:02:00-04:00,29587.25,29595.0,29584.25,29585.5,129
2026-06-28T19:03:00-04:00,29585.0,29607.5,29577.5,29607.5,226
2026-06-28T19:04:00-04:00,29606.75,29610.5,29594.25,29597.0,204
2026-06-28T19:05:00-04:00,29600.5,29604.75,29589.0,29594.75,107
2026-06-28T19:06:00-04:00,29597.0,29608.0,29592.5,29606.75,69
2026-06-28T19:07:00-04:00,29606.75,29633.75,29605.0,29621.5,465
2026-06-28T19:08:00-04:00,29622.5,29639.75,29618.25,29629.25,340
2026-06-28T19:09:00-04:00,29628.5,29650.0,29628.0,29644.75,352
2026-06-28T19:10:00-04:00,29645.25,29652.0,29630.0,29631.5,275
2026-06-28T19:11:00-04:00,29632.0,29641.75,29626.75,29630.5,146
2026-06-28T19:12:00-04:00,29634.5,29655.5,29633.0,29650.0,256
2026-06-28T19:13:00-04:00,29649.5,29656.75,29636.0,29637.5,201
2026-06-28T19:14:00-04:00,29635.5,29645.25,29629.25,29641.0,123
2026-06-28T19:15:00-04:00,29639.0,29646.75,29626.0,29631.75,192
2026-06-28T19:16:00-04:00,29629.5,29633.75,29626.75,29631.0,84
2026-06-28T19:17:00-04:00,29633.75,29641.75,29628.0,29639.5,90
2026-06-28T19:18:00-04:00,29642.75,29662.75,29641.0,29656.25,242
2026-06-28T19:19:00-04:00,29654.25,29656.75,29646.0,29647.0,89
2026-06-28T19:20:00-04:00,29650.25,29663.5,29649.0,29652.0,149
2026-06-28T19:21:00-04:00,29651.0,29662.5,29645.5,29648.0,143
2026-06-28T19:22:00-04:00,29649.75,29655.25,29647.5,29655.0,69
2026-06-28T19:23:00-04:00,29656.25,29667.75,29653.75,29655.0,156
2026-06-28T19:24:00-04:00,29652.5,29653.25,29643.5,29649.0,62
2026-06-28T19:25:00-04:00,29648.0,29654.5,29645.0,29654.5,72
2026-06-28T19:26:00-04:00,29655.25,29657.5,29648.5,29652.75,30
2026-06-28T19:27:00-04:00,29652.5,29657.0,29646.25,29646.75,49
2026-06-28T19:28:00-04:00,29648.0,29648.75,29644.25,29647.75,42
2026-06-28T19:29:00-04:00,29647.25,29657.5,29647.0,29649.5,69
2026-06-28T19:30:00-04:00,29650.75,29667.75,29650.5,29658.75,154
2026-06-28T19:31:00-04:00,29659.0,29662.5,29656.25,29660.5,73
2026-06-28T19:32:00-04:00,29659.5,29664.25,29657.0,29663.0,58
2026-06-28T19:33:00-04:00,29664.75,29668.0,29658.0,29663.75,63
2026-06-28T19:34:00-04:00,29661.5,29664.75,29656.25,29664.75,90
2026-06-28T19:35:00-04:00,29664.5,29671.0,29660.5,29665.25,109
2026-06-28T19:36:00-04:00,29664.5,29665.5,29660.5,29663.5,128
2026-06-28T19:37:00-04:00,29663.25,29666.0,29659.5,29661.5,58
2026-06-28T19:38:00-04:00,29663.25,29678.0,29663.25,29678.0,147
2026-06-28T19:39:00-04:00,29676.5,29681.5,29671.0,29673.0,96
2026-06-28T19:40:00-04:00,29672.25,29673.75,29663.5,29668.5,113
2026-06-28T19:41:00-04:00,29667.75,29672.0,29664.5,29668.75,46
2026-06-28T19:42:00-04:00,29667.75,29670.25,29659.25,29660.25,78
2026-06-28T19:43:00-04:00,29660.0,29670.5,29658.5,29662.0,101
2026-06-28T19:44:00-04:00,29662.0,29669.75,29660.25,29668.5,28
2026-06-28T19:45:00-04:00,29667.75,29672.75,29653.25,29653.25,150
2026-06-28T19:46:00-04:00,29655.75,29683.25,29650.5,29682.5,271
2026-06-28T19:47:00-04:00,29681.75,29682.75,29657.75,29659.25,205
2026-06-28T19:48:00-04:00,29659.25,29665.0,29653.25,29664.75,104
2026-06-28T19:49:00-04:00,29665.5,29669.25,29658.0,29658.0,65
2026-06-28T19:50:00-04:00,29660.75,29660.75,29650.0,29650.75,99
2026-06-28T19:51:00-04:00,29650.5,29659.5,29646.0,29654.5,190
2026-06-28T19:52:00-04:00,29650.5,29658.25,29650.5,29653.0,94
2026-06-28T19:53:00-04:00,29652.5,29658.5,29646.0,29653.0,108
2026-06-28T19:54:00-04:00,29653.5,29656.0,29631.5,29635.5,204
2026-06-28T19:55:00-04:00,29637.5,29638.0,29628.75,29629.5,145
2026-06-28T19:56:00-04:00,29630.25,29635.0,29625.5,29635.0,116
2026-06-28T19:57:00-04:00,29635.75,29644.25,29626.25,29628.25,172
2026-06-28T19:58:00-04:00,29628.25,29631.0,29619.0,29623.5,191
2026-06-28T19:59:00-04:00,29624.5,29627.75,29612.5,29617.0,232
2026-06-28T20:00:00-04:00,29621.0,29622.0,29560.25,29576.25,1007
2026-06-28T20:01:00-04:00,29577.0,29585.75,29518.0,29520.75,801
2026-06-28T20:02:00-04:00,29522.5,29543.75,29495.75,29517.25,1106
2026-06-28T20:03:00-04:00,29517.25,29537.25,29509.0,29536.25,360
2026-06-28T20:04:00-04:00,29539.0,29548.25,29519.5,29530.0,378
2026-06-28T20:05:00-04:00,29529.25,29532.0,29494.5,29509.5,352
2026-06-28T20:06:00-04:00,29509.0,29540.0,29504.5,29533.25,291
2026-06-28T20:07:00-04:00,29533.25,29550.0,29521.75,29530.0,232
2026-06-28T20:08:00-04:00,29527.25,29532.25,29516.25,29519.0,137
2026-06-28T20:09:00-04:00,29521.75,29533.0,29513.5,29524.5,184
2026-06-28T20:10:00-04:00,29528.0,29541.0,29520.0,29528.75,116
2026-06-28T20:11:00-04:00,29528.0,29561.0,29528.0,29559.5,286
2026-06-28T20:12:00-04:00,29557.0,29560.0,29537.5,29555.75,194
2026-06-28T20:13:00-04:00,29553.0,29561.0,29530.5,29535.25,173
2026-06-28T20:14:00-04:00,29535.25,29535.25,29514.0,29514.75,201
2026-06-28T20:15:00-04:00,29514.0,29530.25,29489.75,29502.5,387
2026-06-28T20:16:00-04:00,29502.5,29510.75,29459.0,29467.25,578
2026-06-28T20:17:00-04:00,29469.5,29502.5,29469.5,29500.0,395
2026-06-28T20:18:00-04:00,29500.75,29516.0,29494.0,29515.5,245
2026-06-28T20:19:00-04:00,29513.5,29517.5,29482.5,29493.0,268
2026-06-28T20:20:00-04:00,29489.75,29493.0,29456.25,29461.5,298
2026-06-28T20:21:00-04:00,29461.75,29463.0,29429.5,29433.25,483
2026-06-28T20:22:00-04:00,29433.0,29438.75,29409.0,29412.75,481
2026-06-28T20:23:00-04:00,29412.5,29422.25,29396.25,29406.0,350
2026-06-28T20:24:00-04:00,29407.5,29421.0,29397.25,29408.5,315
2026-06-28T20:25:00-04:00,29408.5,29432.75,29398.25,29412.5,304
2026-06-28T20:26:00-04:00,29410.5,29413.25,29394.5,29407.75,246
2026-06-28T20:27:00-04:00,29406.75,29414.75,29391.75,29399.0,178
2026-06-28T20:28:00-04:00,29399.5,29403.0,29378.0,29380.75,337
2026-06-28T20:29:00-04:00,29381.5,29396.25,29375.75,29379.0,313
2026-06-28T20:30:00-04:00,29380.0,29389.75,29372.75,29382.0,317
2026-06-28T20:31:00-04:00,29382.5,29397.25,29372.25,29376.0,167
2026-06-28T20:32:00-04:00,29377.25,29381.75,29363.25,29379.5,224
2026-06-28T20:33:00-04:00,29381.25,29399.25,29377.75,29380.0,296
2026-06-28T20:34:00-04:00,29382.25,29402.0,29370.75,29394.0,378
2026-06-28T20:35:00-04:00,29393.0,29398.5,29376.5,29385.25,208
2026-06-28T20:36:00-04:00,29384.75,29406.75,29382.25,29389.5,385
2026-06-28T20:37:00-04:00,29389.0,29401.0,29373.25,29391.25,205
2026-06-28T20:38:00-04:00,29391.0,29406.25,29382.0,29396.5,256
2026-06-28T20:39:00-04:00,29394.25,29408.5,29386.25,29387.5,224
2026-06-28T20:40:00-04:00,29387.0,29425.0,29383.25,29423.25,284
2026-06-28T20:41:00-04:00,29423.5,29435.5,29421.0,29433.5,311
2026-06-28T20:42:00-04:00,29433.0,29455.75,29432.25,29451.0,482
2026-06-28T20:43:00-04:00,29451.25,29461.0,29444.0,29446.75,367
2026-06-28T20:44:00-04:00,29447.0,29461.25,29445.5,29456.75,112
2026-06-28T20:45:00-04:00,29455.75,29455.75,29430.75,29436.25,204
2026-06-28T20:46:00-04:00,29436.5,29439.75,29413.0,29416.0,286
2026-06-28T20:47:00-04:00,29414.75,29416.25,29378.0,29386.75,349
2026-06-28T20:48:00-04:00,29386.0,29407.25,29381.25,29407.25,286
2026-06-28T20:49:00-04:00,29404.5,29415.0,29396.25,29415.0,156
2026-06-28T20:50:00-04:00,29414.25,29442.5,29414.25,29417.75,248
2026-06-28T20:51:00-04:00,29417.5,29444.75,29414.25,29434.5,245
2026-06-28T20:52:00-04:00,29433.25,29445.75,29427.25,29442.5,121
2026-06-28T20:53:00-04:00,29444.75,29451.25,29437.5,29450.25,106
2026-06-28T20:54:00-04:00,29451.0,29457.25,29442.25,29455.25,99
2026-06-28T20:55:00-04:00,29456.75,29484.25,29455.0,29480.0,337
2026-06-28T20:56:00-04:00,29480.75,29497.5,29479.75,29495.5,365
2026-06-28T20:57:00-04:00,29491.25,29497.0,29483.0,29483.25,119
2026-06-28T20:58:00-04:00,29482.25,29503.25,29479.75,29499.75,261
2026-06-28T20:59:00-04:00,29500.25,29505.25,29494.0,29494.0,188
2026-06-28T21:00:00-04:00,29494.0,29510.5,29491.0,29491.5,218
2026-06-28T21:01:00-04:00,29490.25,29502.0,29485.5,29494.5,187
2026-06-28T21:02:00-04:00,29493.75,29493.75,29452.0,29467.25,392
2026-06-28T21:03:00-04:00,29468.5,29469.5,29453.75,29467.0,115
2026-06-28T21:04:00-04:00,29465.25,29480.75,29462.25,29471.75,101
2026-06-28T21:05:00-04:00,29473.0,29498.0,29472.25,29491.0,204
2026-06-28T21:06:00-04:00,29493.75,29522.25,29491.25,29516.25,363
2026-06-28T21:07:00-04:00,29513.75,29521.25,29502.0,29502.0,112
2026-06-28T21:08:00-04:00,29501.75,29508.5,29491.0,29491.0,176
2026-06-28T21:09:00-04:00,29492.0,29506.0,29488.0,29492.0,127
2026-06-28T21:10:00-04:00,29494.0,29510.0,29489.75,29508.0,93
2026-06-28T21:11:00-04:00,29507.25,29510.75,29500.5,29504.0,82
2026-06-28T21:12:00-04:00,29503.25,29506.75,29490.0,29491.5,108
2026-06-28T21:13:00-04:00,29494.75,29495.0,29478.25,29489.0,150
2026-06-28T21:14:00-04:00,29488.0,29502.25,29486.25,29500.5,85
2026-06-28T21:15:00-04:00,29499.75,29502.0,29486.75,29501.0,97
2026-06-28T21:16:00-04:00,29499.75,29506.5,29476.5,29480.5,138
2026-06-28T21:17:00-04:00,29477.5,29480.5,29447.25,29448.25,312
2026-06-28T21:18:00-04:00,29449.25,29459.5,29438.25,29445.0,284
2026-06-28T21:19:00-04:00,29447.0,29461.25,29434.5,29461.25,182
2026-06-28T21:20:00-04:00,29461.0,29474.0,29442.5,29471.25,203
2026-06-28T21:21:00-04:00,29471.0,29493.0,29459.75,29461.25,246
2026-06-28T21:22:00-04:00,29461.75,29478.25,29458.75,29477.25,126
2026-06-28T21:23:00-04:00,29479.25,29480.25,29470.0,29476.0,82
2026-06-28T21:24:00-04:00,29474.0,29482.0,29467.0,29472.0,48
2026-06-28T21:25:00-04:00,29473.75,29493.0,29469.75,29473.5,135
2026-06-28T21:26:00-04:00,29476.25,29490.0,29468.0,29485.0,49
2026-06-28T21:27:00-04:00,29487.5,29492.25,29456.25,29456.25,128
2026-06-28T21:28:00-04:00,29456.0,29470.75,29456.0,29462.5,76
2026-06-28T21:29:00-04:00,29460.5,29462.0,29436.0,29440.25,243
2026-06-28T21:30:00-04:00,29441.75,29457.75,29420.25,29449.75,310
2026-06-28T21:31:00-04:00,29446.0,29459.5,29443.0,29445.75,128
2026-06-28T21:32:00-04:00,29450.0,29475.0,29447.5,29472.5,149
2026-06-28T21:33:00-04:00,29470.5,29473.0,29450.5,29460.5,124
2026-06-28T21:34:00-04:00,29459.0,29461.0,29451.75,29456.25,58
2026-06-28T21:35:00-04:00,29453.75,29496.25,29449.5,29492.75,172
2026-06-28T21:36:00-04:00,29491.0,29506.0,29484.0,29502.0,364
2026-06-28T21:37:00-04:00,29502.5,29520.0,29490.25,29497.5,288
2026-06-28T21:38:00-04:00,29494.0,29510.25,29486.0,29509.25,147
2026-06-28T21:39:00-04:00,29507.5,29524.25,29493.5,29509.75,238
2026-06-28T21:40:00-04:00,29510.0,29525.75,29509.25,29522.25,207
2026-06-28T21:41:00-04:00,29520.5,29548.5,29517.75,29547.25,283
2026-06-28T21:42:00-04:00,29546.75,29558.25,29539.25,29547.25,233
2026-06-28T21:43:00-04:00,29547.0,29554.25,29540.25,29542.0,127
2026-06-28T21:44:00-04:00,29543.75,29550.75,29534.5,29545.5,99
2026-06-28T21:45:00-04:00,29546.25,29554.25,29514.5,29523.5,221
2026-06-28T21:46:00-04:00,29523.25,29533.5,29518.5,29520.0,173
2026-06-28T21:47:00-04:00,29518.75,29529.0,29511.0,29516.25,109
2026-06-28T21:48:00-04:00,29515.25,29523.0,29509.0,29521.75,61
2026-06-28T21:49:00-04:00,29521.0,29529.5,29509.75,29528.0,159
2026-06-28T21:50:00-04:00,29530.25,29537.75,29519.75,29526.5,134
2026-06-28T21:51:00-04:00,29522.75,29531.75,29510.25,29518.5,84
2026-06-28T21:52:00-04:00,29521.25,29533.0,29513.0,29529.25,114
2026-06-28T21:53:00-04:00,29526.5,29532.0,29513.25,29513.25,83
2026-06-28T21:54:00-04:00,29514.75,29525.25,29514.25,29522.75,55
2026-06-28T21:55:00-04:00,29521.25,29524.25,29512.75,29517.5,72
2026-06-28T21:56:00-04:00,29522.5,29540.25,29522.5,29529.75,100
2026-06-28T21:57:00-04:00,29528.5,29528.5,29511.0,29519.25,84
2026-06-28T21:58:00-04:00,29522.0,29541.75,29520.5,29535.0,152
2026-06-28T21:59:00-04:00,29535.25,29535.25,29512.75,29516.25,100
2026-06-28T22:00:00-04:00,29518.5,29520.25,29498.75,29500.25,238
2026-06-28T22:01:00-04:00,29499.0,29513.25,29494.5,29513.25,106
2026-06-28T22:02:00-04:00,29509.75,29525.75,29509.0,29519.5,86
2026-06-28T22:03:00-04:00,29520.25,29522.75,29490.0,29490.0,123
2026-06-28T22:04:00-04:00,29491.25,29492.25,29477.5,29483.25,329
2026-06-28T22:05:00-04:00,29481.0,29492.75,29477.0,29488.5,139
2026-06-28T22:06:00-04:00,29488.25,29489.25,29462.0,29464.0,189
2026-06-28T22:07:00-04:00,29464.75,29477.0,29462.75,29470.0,116
2026-06-28T22:08:00-04:00,29468.75,29469.75,29453.5,29453.75,75
2026-06-28T22:09:00-04:00,29455.5,29461.5,29450.0,29456.75,112
2026-06-28T22:10:00-04:00,29457.5,29468.0,29450.0,29456.25,98
2026-06-28T22:11:00-04:00,29457.0,29461.75,29451.0,29456.25,38
2026-06-28T22:12:00-04:00,29454.75,29458.5,29439.75,29444.5,140
2026-06-28T22:13:00-04:00,29442.25,29443.75,29411.0,29416.75,419
2026-06-28T22:14:00-04:00,29416.25,29429.0,29393.75,29398.0,331
2026-06-28T22:15:00-04:00,29397.75,29412.5,29389.0,29411.5,295
2026-06-28T22:16:00-04:00,29414.0,29423.75,29406.0,29419.25,153
2026-06-28T22:17:00-04:00,29418.5,29428.25,29415.25,29424.25,117
2026-06-28T22:18:00-04:00,29424.5,29441.25,29421.25,29433.25,208
2026-06-28T22:19:00-04:00,29436.5,29442.5,29429.75,29434.0,125
2026-06-28T22:20:00-04:00,29437.75,29454.75,29437.75,29448.75,184
2026-06-28T22:21:00-04:00,29448.0,29468.25,29447.75,29461.0,130
2026-06-28T22:22:00-04:00,29462.25,29477.25,29454.0,29477.25,136
2026-06-28T22:23:00-04:00,29476.0,29496.0,29473.0,29482.5,259
2026-06-28T22:24:00-04:00,29483.75,29487.0,29479.0,29482.75,94
2026-06-28T22:25:00-04:00,29483.5,29488.5,29475.75,29487.5,62
2026-06-28T22:26:00-04:00,29489.0,29496.75,29486.0,29491.25,125
2026-06-28T22:27:00-04:00,29491.5,29521.75,29491.5,29518.0,262
2026-06-28T22:28:00-04:00,29519.0,29529.0,29513.0,29524.75,151
2026-06-28T22:29:00-04:00,29525.5,29532.0,29515.25,29525.0,106
2026-06-28T22:30:00-04:00,29524.5,29529.0,29518.5,29528.0,84
2026-06-28T22:31:00-04:00,29526.5,29526.75,29512.0,29512.0,73
2026-06-28T22:32:00-04:00,29509.5,29526.0,29505.75,29522.25,122
2026-06-28T22:33:00-04:00,29522.25,29522.75,29508.25,29510.25,82
2026-06-28T22:34:00-04:00,29510.25,29514.25,29503.0,29509.75,65
2026-06-28T22:35:00-04:00,29507.5,29517.0,29503.0,29515.0,52
2026-06-28T22:36:00-04:00,29509.5,29514.5,29505.0,29508.5,21
2026-06-28T22:37:00-04:00,29510.25,29512.25,29505.75,29506.75,27
2026-06-28T22:38:00-04:00,29509.75,29526.75,29506.0,29523.25,112
2026-06-28T22:39:00-04:00,29525.5,29537.75,29516.25,29517.75,175
2026-06-28T22:40:00-04:00,29515.75,29533.75,29515.25,29525.5,89
2026-06-28T22:41:00-04:00,29523.0,29532.25,29523.0,29526.75,40
2026-06-28T22:42:00-04:00,29524.25,29538.5,29522.0,29533.0,95
2026-06-28T22:43:00-04:00,29535.0,29536.0,29527.25,29531.25,56
2026-06-28T22:44:00-04:00,29529.25,29532.0,29524.0,29532.0,63
2026-06-28T22:45:00-04:00,29534.75,29538.75,29528.75,29538.0,53
2026-06-28T22:46:00-04:00,29538.0,29544.25,29529.25,29532.0,90
2026-06-28T22:47:00-04:00,29531.25,29538.0,29523.5,29530.0,52
2026-06-28T22:48:00-04:00,29527.25,29539.5,29523.0,29539.25,99
2026-06-28T22:49:00-04:00,29538.25,29540.5,29530.0,29540.0,44
2026-06-28T22:50:00-04:00,29537.5,29542.25,29534.75,29538.75,45
2026-06-28T22:51:00-04:00,29538.25,29544.25,29525.5,29527.5,38
2026-06-28T22:52:00-04:00,29527.0,29527.0,29519.75,29525.0,45
2026-06-28T22:53:00-04:00,29521.25,29527.75,29515.75,29520.25,83
2026-06-28T22:54:00-04:00,29518.5,29521.75,29512.5,29517.0,219
2026-06-28T22:55:00-04:00,29517.5,29532.25,29514.25,29527.0,71
2026-06-28T22:56:00-04:00,29524.75,29530.75,29523.0,29524.75,36
2026-06-28T22:57:00-04:00,29524.75,29536.0,29524.75,29529.25,71
2026-06-28T22:58:00-04:00,29527.0,29534.0,29527.0,29530.5,29
2026-06-28T22:59:00-04:00,29531.75,29531.75,29521.0,29523.25,42
2026-06-28T23:00:00-04:00,29525.75,29548.75,29525.75,29548.75,162
2026-06-28T23:01:00-04:00,29546.75,29550.25,29540.0,29544.25,96
2026-06-28T23:02:00-04:00,29544.5,29568.0,29541.75,29564.25,207
2026-06-28T23:03:00-04:00,29563.75,29566.5,29556.0,29559.25,148
2026-06-28T23:04:00-04:00,29560.5,29574.0,29557.5,29569.75,136
2026-06-28T23:05:00-04:00,29568.5,29575.5,29563.0,29565.5,67
2026-06-28T23:06:00-04:00,29566.25,29577.5,29563.75,29570.25,243
2026-06-28T23:07:00-04:00,29570.25,29574.0,29559.5,29560.75,90
2026-06-28T23:08:00-04:00,29563.25,29566.0,29555.5,29560.0,65
2026-06-28T23:09:00-04:00,29561.5,29579.0,29561.5,29568.5,84
2026-06-28T23:10:00-04:00,29568.5,29571.0,29560.5,29567.75,69
2026-06-28T23:11:00-04:00,29561.75,29562.25,29552.25,29553.0,126
2026-06-28T23:12:00-04:00,29551.75,29552.75,29540.75,29546.75,112
2026-06-28T23:13:00-04:00,29549.25,29556.5,29546.5,29556.5,42
2026-06-28T23:14:00-04:00,29555.75,29563.0,29544.75,29544.75,67
2026-06-28T23:15:00-04:00,29543.75,29548.0,29539.25,29546.25,65
2026-06-28T23:16:00-04:00,29547.5,29548.0,29541.25,29544.5,41
2026-06-28T23:17:00-04:00,29546.75,29547.0,29537.5,29544.0,61
2026-06-28T23:18:00-04:00,29545.0,29547.0,29539.5,29543.5,41
2026-06-28T23:19:00-04:00,29543.0,29548.0,29539.25,29547.5,25
2026-06-28T23:20:00-04:00,29546.0,29551.0,29536.0,29550.75,64
2026-06-28T23:21:00-04:00,29552.5,29557.0,29547.75,29552.5,90
2026-06-28T23:22:00-04:00,29554.75,29561.5,29552.5,29560.0,82
2026-06-28T23:23:00-04:00,29559.75,29563.0,29544.25,29546.75,62
2026-06-28T23:24:00-04:00,29546.25,29551.25,29542.0,29550.5,35
2026-06-28T23:25:00-04:00,29548.5,29549.25,29540.25,29543.0,41
2026-06-28T23:26:00-04:00,29545.5,29548.5,29539.75,29547.0,40
2026-06-28T23:27:00-04:00,29547.25,29554.75,29543.0,29553.0,53
2026-06-28T23:28:00-04:00,29555.5,29567.75,29553.5,29563.25,113
2026-06-28T23:29:00-04:00,29564.5,29564.5,29552.25,29555.25,52
2026-06-28T23:30:00-04:00,29556.5,29568.25,29548.75,29548.75,130
2026-06-28T23:31:00-04:00,29548.0,29554.25,29543.0,29547.75,92
2026-06-28T23:32:00-04:00,29543.25,29543.25,29520.5,29526.25,197
2026-06-28T23:33:00-04:00,29528.0,29529.75,29513.75,29523.0,114
2026-06-28T23:34:00-04:00,29523.5,29528.25,29515.75,29520.0,96
2026-06-28T23:35:00-04:00,29521.0,29524.5,29496.0,29497.25,192
2026-06-28T23:36:00-04:00,29496.75,29503.0,29488.75,29496.25,169
2026-06-28T23:37:00-04:00,29494.25,29504.75,29489.0,29490.0,119
2026-06-28T23:38:00-04:00,29488.0,29493.75,29482.25,29488.0,139
2026-06-28T23:39:00-04:00,29486.75,29506.25,29486.75,29501.75,173
2026-06-28T23:40:00-04:00,29500.0,29500.0,29488.75,29490.75,106
2026-06-28T23:41:00-04:00,29491.5,29505.0,29489.75,29498.0,55
2026-06-28T23:42:00-04:00,29502.75,29508.25,29493.25,29495.0,55
2026-06-28T23:43:00-04:00,29498.5,29502.25,29492.0,29493.25,46
2026-06-28T23:44:00-04:00,29493.5,29503.75,29488.75,29500.5,73
2026-06-28T23:45:00-04:00,29496.0,29507.75,29492.0,29507.0,70
2026-06-28T23:46:00-04:00,29507.75,29521.75,29506.5,29520.25,146
2026-06-28T23:47:00-04:00,29519.0,29540.0,29512.75,29537.75,169
2026-06-28T23:48:00-04:00,29538.25,29546.5,29536.25,29546.5,200
2026-06-28T23:49:00-04:00,29543.5,29560.5,29543.5,29555.5,231
2026-06-28T23:50:00-04:00,29555.5,29572.5,29553.0,29566.75,249
2026-06-28T23:51:00-04:00,29566.75,29589.25,29564.75,29585.75,198
2026-06-28T23:52:00-04:00,29587.25,29600.0,29585.5,29593.0,260
2026-06-28T23:53:00-04:00,29591.5,29605.75,29589.5,29590.25,137
2026-06-28T23:54:00-04:00,29588.25,29591.75,29578.0,29584.25,174
2026-06-28T23:55:00-04:00,29580.75,29590.0,29573.0,29588.25,111
2026-06-28T23:56:00-04:00,29587.0,29590.0,29573.0,29575.5,83
2026-06-28T23:57:00-04:00,29575.25,29583.5,29569.75,29578.25,89
2026-06-28T23:58:00-04:00,29580.0,29598.5,29580.0,29594.25,99
2026-06-29T00:00:00-04:00,29592.0,29593.25,29575.5,29576.0,80
2026-06-29T00:01:00-04:00,29577.0,29579.0,29571.0,29573.25,65
2026-06-29T00:02:00-04:00,29572.0,29582.5,29571.75,29579.75,101
2026-06-29T00:03:00-04:00,29582.5,29589.0,29579.75,29583.25,77
2026-06-29T00:04:00-04:00,29583.0,29583.0,29573.75,29576.25,40
2026-06-29T00:05:00-04:00,29577.25,29580.75,29559.0,29559.0,133
2026-06-29T00:06:00-04:00,29559.5,29562.25,29553.75,29559.75,125
2026-06-29T00:07:00-04:00,29563.25,29577.0,29561.25,29569.0,139
2026-06-29T00:08:00-04:00,29566.75,29569.0,29561.0,29566.75,64
2026-06-29T00:09:00-04:00,29568.75,29585.5,29568.75,29577.0,146
2026-06-29T00:10:00-04:00,29574.25,29574.75,29560.75,29564.5,66
2026-06-29T00:11:00-04:00,29562.0,29565.0,29555.0,29558.75,104
2026-06-29T00:12:00-04:00,29558.0,29558.5,29553.5,29553.75,38
2026-06-29T00:13:00-04:00,29555.0,29560.5,29553.75,29555.25,44
2026-06-29T00:14:00-04:00,29556.5,29562.25,29554.5,29562.0,40
2026-06-29T00:15:00-04:00,29560.25,29561.75,29548.25,29548.5,89
2026-06-29T00:16:00-04:00,29547.5,29553.0,29539.0,29546.0,135
2026-06-29T00:17:00-04:00,29547.5,29556.25,29546.25,29547.5,83
2026-06-29T00:18:00-04:00,29546.75,29549.5,29542.0,29549.5,39
2026-06-29T00:19:00-04:00,29550.75,29560.25,29543.75,29546.0,91
2026-06-29T00:20:00-04:00,29545.5,29548.0,29539.0,29542.75,115
2026-06-29T00:21:00-04:00,29541.75,29541.75,29526.75,29530.0,224
2026-06-29T00:22:00-04:00,29529.25,29531.0,29524.0,29528.0,90
2026-06-29T00:23:00-04:00,29527.5,29538.0,29523.75,29538.0,124
2026-06-29T00:24:00-04:00,29535.75,29556.25,29535.75,29551.5,222
2026-06-29T00:25:00-04:00,29551.75,29574.0,29551.75,29573.75,231
2026-06-29T00:26:00-04:00,29572.25,29575.75,29544.0,29547.5,186
2026-06-29T00:27:00-04:00,29546.0,29552.75,29539.5,29545.0,140
2026-06-29T00:28:00-04:00,29545.0,29545.0,29537.0,29539.25,66
2026-06-29T00:29:00-04:00,29543.5,29549.75,29538.0,29539.5,50
2026-06-29T00:30:00-04:00,29541.75,29542.5,29532.0,29542.0,93
2026-06-29T00:31:00-04:00,29542.5,29553.75,29541.0,29542.25,80
2026-06-29T00:32:00-04:00,29540.5,29545.5,29536.0,29541.75,85
2026-06-29T00:33:00-04:00,29539.25,29546.75,29533.75,29534.25,25
2026-06-29T00:34:00-04:00,29532.5,29534.25,29520.25,29532.0,100
2026-06-29T00:35:00-04:00,29526.5,29533.5,29523.25,29531.25,43
2026-06-29T00:36:00-04:00,29532.0,29534.25,29517.0,29522.0,61
2026-06-29T00:37:00-04:00,29521.75,29538.25,29520.5,29536.75,56
2026-06-29T00:38:00-04:00,29542.0,29546.25,29535.75,29538.0,146
2026-06-29T00:39:00-04:00,29539.5,29539.5,29523.5,29528.75,73
2026-06-29T00:40:00-04:00,29527.25,29529.75,29508.25,29513.0,143
2026-06-29T00:41:00-04:00,29511.25,29516.5,29505.0,29513.75,76
2026-06-29T00:42:00-04:00,29515.5,29517.0,29510.0,29513.75,66
2026-06-29T00:43:00-04:00,29516.5,29523.5,29513.0,29523.5,78
2026-06-29T00:44:00-04:00,29521.5,29524.5,29518.0,29521.25,57
2026-06-29T00:45:00-04:00,29524.0,29524.0,29510.0,29512.75,71
2026-06-29T00:46:00-04:00,29509.75,29518.5,29505.0,29518.5,89
2026-06-29T00:47:00-04:00,29522.25,29528.0,29510.0,29510.0,126
2026-06-29T00:48:00-04:00,29511.0,29517.0,29509.25,29509.75,51
2026-06-29T00:49:00-04:00,29510.25,29537.25,29510.25,29536.5,142
2026-06-29T00:50:00-04:00,29538.0,29542.0,29530.5,29532.25,110
2026-06-29T00:51:00-04:00,29530.0,29542.25,29527.25,29542.0,57
2026-06-29T00:52:00-04:00,29544.0,29555.0,29536.75,29552.75,111
2026-06-29T00:53:00-04:00,29550.0,29554.0,29542.5,29551.5,79
2026-06-29T00:54:00-04:00,29550.5,29552.5,29540.0,29544.0,49
2026-06-29T00:55:00-04:00,29541.75,29541.75,29513.75,29513.75,140
2026-06-29T00:56:00-04:00,29515.5,29522.5,29513.0,29520.25,80
2026-06-29T00:57:00-04:00,29519.25,29523.5,29514.0,29522.75,13
2026-06-29T00:58:00-04:00,29519.75,29520.25,29508.75,29510.25,77
2026-06-29T00:59:00-04:00,29511.5,29519.5,29511.5,29518.0,41
2026-06-29T01:00:00-04:00,29520.0,29537.75,29499.0,29502.5,277
2026-06-29T01:01:00-04:00,29502.0,29513.75,29497.0,29508.25,112
2026-06-29T01:02:00-04:00,29511.0,29516.25,29494.5,29498.75,115
2026-06-29T01:03:00-04:00,29498.0,29511.0,29495.5,29508.0,69
2026-06-29T01:04:00-04:00,29508.25,29517.0,29503.0,29506.5,61
2026-06-29T01:05:00-04:00,29507.75,29511.5,29491.5,29511.5,160
2026-06-29T01:06:00-04:00,29509.75,29519.25,29502.75,29510.0,86
2026-06-29T01:07:00-04:00,29508.5,29524.0,29506.25,29512.0,101
2026-06-29T01:08:00-04:00,29514.5,29526.5,29514.25,29526.5,30
2026-06-29T01:09:00-04:00,29521.75,29530.0,29518.75,29518.75,79
2026-06-29T01:10:00-04:00,29518.75,29528.75,29511.75,29511.75,73
2026-06-29T01:11:00-04:00,29512.5,29525.0,29506.75,29508.0,50
2026-06-29T01:12:00-04:00,29508.25,29515.5,29493.5,29498.25,55
2026-06-29T01:13:00-04:00,29497.5,29522.75,29497.5,29519.5,105
2026-06-29T01:14:00-04:00,29519.25,29538.25,29519.25,29537.75,114
2026-06-29T01:15:00-04:00,29535.5,29551.0,29535.25,29546.0,125
2026-06-29T01:16:00-04:00,29546.0,29547.75,29539.25,29540.25,96
2026-06-29T01:17:00-04:00,29536.0,29547.5,29530.25,29534.0,48
2026-06-29T01:18:00-04:00,29532.75,29537.0,29517.25,29518.75,136
2026-06-29T01:19:00-04:00,29514.5,29527.25,29509.25,29522.75,83
2026-06-29T01:20:00-04:00,29524.0,29535.0,29523.75,29524.25,62
2026-06-29T01:21:00-04:00,29528.0,29536.25,29519.0,29521.25,38
2026-06-29T01:22:00-04:00,29522.75,29530.5,29522.0,29530.25,27
2026-06-29T01:23:00-04:00,29529.5,29534.25,29521.75,29533.25,40
2026-06-29T01:24:00-04:00,29531.5,29541.0,29531.5,29535.5,60
2026-06-29T01:25:00-04:00,29536.5,29554.0,29536.5,29552.25,114
2026-06-29T01:26:00-04:00,29550.25,29557.5,29532.75,29536.25,113
2026-06-29T01:27:00-04:00,29534.75,29542.5,29529.25,29541.75,104
2026-06-29T01:28:00-04:00,29542.25,29544.0,29522.5,29527.5,77
2026-06-29T01:29:00-04:00,29527.75,29537.25,29520.5,29533.0,52
2026-06-29T01:30:00-04:00,29534.5,29548.25,29527.25,29527.75,84
2026-06-29T01:31:00-04:00,29525.5,29541.5,29525.5,29541.5,22
2026-06-29T01:32:00-04:00,29543.25,29549.0,29540.5,29546.75,41
2026-06-29T01:33:00-04:00,29547.5,29567.25,29547.5,29565.5,140
2026-06-29T01:34:00-04:00,29563.0,29587.5,29558.0,29586.75,160
2026-06-29T01:35:00-04:00,29586.75,29594.75,29571.0,29571.0,183
2026-06-29T01:36:00-04:00,29571.25,29576.0,29564.75,29567.25,97
2026-06-29T01:37:00-04:00,29568.25,29568.25,29558.0,29562.25,48
2026-06-29T01:38:00-04:00,29561.25,29571.5,29555.25,29570.5,77
2026-06-29T01:39:00-04:00,29570.5,29577.75,29569.0,29572.75,51
2026-06-29T01:40:00-04:00,29574.0,29586.25,29572.75,29580.25,138
2026-06-29T01:41:00-04:00,29579.5,29587.5,29579.0,29583.75,72
2026-06-29T01:42:00-04:00,29583.0,29601.5,29583.0,29600.75,153
2026-06-29T01:43:00-04:00,29600.25,29613.0,29598.5,29613.0,195
2026-06-29T01:44:00-04:00,29612.5,29629.75,29606.75,29621.25,231
2026-06-29T01:45:00-04:00,29620.25,29620.5,29609.25,29618.0,108
2026-06-29T01:46:00-04:00,29619.0,29623.25,29611.5,29614.5,127
2026-06-29T01:47:00-04:00,29613.75,29622.75,29603.75,29619.25,192
2026-06-29T01:48:00-04:00,29618.0,29619.75,29611.0,29615.0,128
2026-06-29T01:49:00-04:00,29615.75,29618.5,29608.0,29614.25,97
2026-06-29T01:50:00-04:00,29613.75,29616.5,29602.25,29611.5,112
2026-06-29T01:51:00-04:00,29611.25,29640.25,29611.25,29629.75,270
2026-06-29T01:52:00-04:00,29629.5,29636.5,29627.5,29630.25,112
2026-06-29T01:53:00-04:00,29630.25,29650.0,29630.25,29646.0,288
2026-06-29T01:54:00-04:00,29645.0,29662.25,29645.0,29656.5,472
2026-06-29T01:55:00-04:00,29656.25,29661.0,29647.0,29657.25,206
2026-06-29T01:56:00-04:00,29656.25,29672.25,29656.25,29660.5,172
2026-06-29T01:57:00-04:00,29660.75,29663.5,29652.5,29654.25,150
2026-06-29T01:58:00-04:00,29651.0,29659.0,29645.75,29654.0,161
2026-06-29T01:59:00-04:00,29649.0,29672.0,29648.25,29670.75,122
2026-06-29T02:00:00-04:00,29670.25,29676.75,29650.0,29653.25,278
2026-06-29T02:01:00-04:00,29658.5,29663.25,29650.0,29654.0,219
2026-06-29T02:02:00-04:00,29653.75,29654.0,29634.0,29635.25,150
2026-06-29T02:03:00-04:00,29633.0,29634.0,29614.25,29616.5,228
2026-06-29T02:04:00-04:00,29617.0,29620.5,29609.75,29620.5,147
2026-06-29T02:05:00-04:00,29615.5,29620.25,29600.5,29603.25,107
2026-06-29T02:06:00-04:00,29605.0,29605.75,29595.0,29603.25,175
2026-06-29T02:07:00-04:00,29601.25,29614.25,29600.0,29612.25,81
2026-06-29T02:08:00-04:00,29612.25,29613.0,29591.25,29593.5,151
2026-06-29T02:09:00-04:00,29592.0,29607.75,29591.0,29607.25,102
2026-06-29T02:10:00-04:00,29606.75,29614.25,29602.75,29606.0,110
2026-06-29T02:11:00-04:00,29605.0,29605.5,29590.0,29597.25,121
2026-06-29T02:12:00-04:00,29595.75,29622.25,29595.75,29616.0,123
2026-06-29T02:13:00-04:00,29615.5,29618.75,29606.25,29610.5,117
2026-06-29T02:14:00-04:00,29611.0,29616.0,29608.25,29613.25,58
2026-06-29T02:15:00-04:00,29614.75,29631.5,29614.75,29626.75,136
2026-06-29T02:16:00-04:00,29627.25,29633.25,29618.25,29623.0,130
2026-06-29T02:17:00-04:00,29622.0,29629.75,29615.25,29629.75,44
2026-06-29T02:18:00-04:00,29627.5,29632.25,29625.0,29625.5,70
2026-06-29T02:19:00-04:00,29626.0,29630.0,29623.25,29629.75,35
2026-06-29T02:20:00-04:00,29630.75,29635.5,29618.0,29626.5,82
2026-06-29T02:21:00-04:00,29632.0,29636.25,29626.75,29633.5,86
2026-06-29T02:22:00-04:00,29631.75,29641.0,29631.75,29636.0,107
2026-06-29T02:23:00-04:00,29633.5,29648.5,29629.25,29647.0,102
2026-06-29T02:24:00-04:00,29645.0,29646.25,29641.0,29645.5,61
2026-06-29T02:25:00-04:00,29644.25,29651.0,29638.25,29649.5,72
2026-06-29T02:26:00-04:00,29645.75,29657.5,29640.25,29641.75,144
2026-06-29T02:27:00-04:00,29641.5,29644.0,29634.25,29638.5,160
2026-06-29T02:28:00-04:00,29638.5,29652.75,29638.5,29652.75,41
2026-06-29T02:29:00-04:00,29650.75,29661.25,29645.0,29647.75,154
2026-06-29T02:30:00-04:00,29651.0,29668.75,29646.75,29666.75,233
2026-06-29T02:31:00-04:00,29669.25,29684.25,29663.5,29675.75,394
2026-06-29T02:32:00-04:00,29674.0,29679.5,29666.25,29678.0,101
2026-06-29T02:33:00-04:00,29678.0,29678.0,29664.75,29675.0,76
2026-06-29T02:34:00-04:00,29673.5,29681.0,29668.75,29678.0,84
2026-06-29T02:35:00-04:00,29683.0,29683.25,29667.25,29668.0,42
2026-06-29T02:36:00-04:00,29667.0,29674.5,29665.5,29670.25,55
2026-06-29T02:37:00-04:00,29669.75,29674.0,29667.75,29669.75,40
2026-06-29T02:38:00-04:00,29667.75,29667.75,29648.75,29651.25,254
2026-06-29T02:39:00-04:00,29652.0,29657.75,29652.0,29657.75,39
2026-06-29T02:40:00-04:00,29658.0,29661.75,29655.0,29658.0,63
2026-06-29T02:41:00-04:00,29663.5,29684.75,29663.5,29671.25,276
2026-06-29T02:42:00-04:00,29671.0,29676.0,29666.0,29673.25,260
2026-06-29T02:43:00-04:00,29671.25,29671.25,29666.75,29668.75,54
2026-06-29T02:44:00-04:00,29670.0,29671.75,29664.25,29666.75,81
2026-06-29T02:45:00-04:00,29666.0,29670.25,29655.5,29655.5,59
2026-06-29T02:46:00-04:00,29653.75,29656.75,29648.0,29651.5,85
2026-06-29T02:47:00-04:00,29655.0,29660.25,29653.5,29653.5,46
2026-06-29T02:48:00-04:00,29654.75,29662.5,29647.25,29648.5,68
2026-06-29T02:49:00-04:00,29647.5,29647.5,29641.75,29642.75,52
2026-06-29T02:50:00-04:00,29644.75,29647.75,29637.0,29642.75,68
2026-06-29T02:51:00-04:00,29643.0,29645.75,29638.25,29644.0,44
2026-06-29T02:52:00-04:00,29641.25,29653.0,29638.5,29649.75,78
2026-06-29T02:53:00-04:00,29650.5,29655.25,29644.25,29647.75,93
2026-06-29T02:54:00-04:00,29650.5,29650.5,29636.0,29636.0,167
2026-06-29T02:55:00-04:00,29635.0,29637.25,29625.0,29632.5,155
2026-06-29T02:56:00-04:00,29630.0,29630.0,29616.5,29619.5,103
2026-06-29T02:57:00-04:00,29621.5,29625.5,29619.25,29624.5,81
2026-06-29T02:58:00-04:00,29625.25,29633.5,29620.0,29625.0,161
2026-06-29T02:59:00-04:00,29624.0,29633.25,29622.0,29631.5,91
2026-06-29T03:00:00-04:00,29631.5,29633.75,29610.0,29612.0,199
2026-06-29T03:01:00-04:00,29612.0,29613.25,29590.5,29592.5,188
2026-06-29T03:02:00-04:00,29590.25,29600.0,29585.75,29595.75,135
2026-06-29T03:03:00-04:00,29595.5,29598.25,29575.75,29592.75,207
2026-06-29T03:04:00-04:00,29593.75,29609.0,29591.75,29608.25,230
2026-06-29T03:05:00-04:00,29607.75,29612.25,29596.0,29597.0,133
2026-06-29T03:06:00-04:00,29594.75,29600.0,29583.0,29584.75,127
2026-06-29T03:07:00-04:00,29584.5,29599.5,29584.5,29599.5,88
2026-06-29T03:08:00-04:00,29599.5,29610.0,29597.75,29607.5,64
2026-06-29T03:09:00-04:00,29605.75,29611.25,29603.75,29608.25,56
2026-06-29T03:10:00-04:00,29609.5,29616.75,29590.75,29591.0,161
2026-06-29T03:11:00-04:00,29590.5,29594.25,29582.75,29587.5,133
2026-06-29T03:12:00-04:00,29589.0,29597.25,29585.0,29594.75,39
2026-06-29T03:13:00-04:00,29594.75,29605.25,29590.25,29595.25,163
2026-06-29T03:14:00-04:00,29595.0,29618.25,29595.0,29616.0,171
2026-06-29T03:15:00-04:00,29617.5,29642.25,29617.5,29634.75,217
2026-06-29T03:16:00-04:00,29630.5,29641.75,29627.75,29640.5,176
2026-06-29T03:17:00-04:00,29641.5,29643.5,29633.25,29636.25,104
2026-06-29T03:18:00-04:00,29639.0,29642.5,29634.5,29636.25,29
2026-06-29T03:19:00-04:00,29638.5,29638.5,29629.75,29635.5,82
2026-06-29T03:20:00-04:00,29635.0,29640.75,29634.5,29639.25,28
2026-06-29T03:21:00-04:00,29640.0,29642.0,29638.0,29640.25,47
2026-06-29T03:22:00-04:00,29639.0,29648.75,29623.5,29625.0,206
2026-06-29T03:23:00-04:00,29624.75,29626.0,29615.75,29621.0,104
2026-06-29T03:24:00-04:00,29620.25,29635.75,29616.5,29635.75,116
2026-06-29T03:25:00-04:00,29636.25,29640.5,29633.5,29633.5,63
2026-06-29T03:26:00-04:00,29634.75,29646.75,29625.0,29637.25,118
2026-06-29T03:27:00-04:00,29638.25,29641.5,29637.75,29640.75,27
2026-06-29T03:28:00-04:00,29640.25,29655.75,29640.25,29655.25,82
2026-06-29T03:29:00-04:00,29654.0,29654.0,29640.0,29643.75,118
2026-06-29T03:30:00-04:00,29644.5,29646.5,29638.25,29638.25,43
2026-06-29T03:31:00-04:00,29639.75,29642.75,29634.25,29635.5,54
2026-06-29T03:32:00-04:00,29634.0,29634.0,29627.0,29631.5,91
2026-06-29T03:33:00-04:00,29632.75,29638.0,29629.25,29635.5,50
2026-06-29T03:34:00-04:00,29632.0,29647.25,29630.5,29647.25,69
2026-06-29T03:35:00-04:00,29643.0,29643.0,29633.25,29635.25,33
2026-06-29T03:36:00-04:00,29635.25,29651.5,29632.5,29649.5,107
2026-06-29T03:37:00-04:00,29653.0,29656.0,29645.0,29655.0,46
2026-06-29T03:38:00-04:00,29655.0,29663.25,29655.0,29660.25,62
2026-06-29T03:39:00-04:00,29660.75,29671.5,29659.75,29671.5,75
2026-06-29T03:40:00-04:00,29669.75,29676.0,29665.5,29672.0,104
2026-06-29T03:41:00-04:00,29672.75,29679.0,29667.0,29667.0,65
2026-06-29T03:42:00-04:00,29668.5,29673.25,29660.0,29670.5,109
2026-06-29T03:43:00-04:00,29672.25,29674.75,29663.25,29667.75,59
2026-06-29T03:44:00-04:00,29665.5,29671.75,29660.0,29666.5,92
2026-06-29T03:45:00-04:00,29665.25,29666.0,29657.5,29663.5,151
2026-06-29T03:46:00-04:00,29663.5,29678.0,29658.75,29670.75,183
2026-06-29T03:47:00-04:00,29671.75,29698.5,29670.5,29689.75,470
2026-06-29T03:48:00-04:00,29688.75,29694.5,29678.75,29680.25,257
2026-06-29T03:49:00-04:00,29682.5,29682.5,29669.25,29672.25,71
2026-06-29T03:50:00-04:00,29674.5,29681.75,29672.0,29672.75,68
2026-06-29T03:51:00-04:00,29672.0,29675.25,29666.5,29670.75,62
2026-06-29T03:52:00-04:00,29670.75,29677.0,29670.75,29671.5,42
2026-06-29T03:53:00-04:00,29670.0,29673.25,29663.75,29670.0,56
2026-06-29T03:54:00-04:00,29668.75,29668.75,29657.25,29663.75,53
2026-06-29T03:55:00-04:00,29660.5,29664.25,29657.25,29657.5,47
2026-06-29T03:56:00-04:00,29660.0,29669.5,29660.0,29665.0,40
2026-06-29T03:57:00-04:00,29665.0,29665.0,29659.5,29664.25,26
2026-06-29T03:58:00-04:00,29662.25,29663.75,29654.75,29658.75,73
2026-06-29T03:59:00-04:00,29660.25,29664.25,29658.75,29664.25,35
2026-06-29T04:00:00-04:00,29663.5,29678.25,29657.0,29669.0,177
2026-06-29T04:01:00-04:00,29666.5,29689.5,29661.75,29689.5,147
2026-06-29T04:02:00-04:00,29689.75,29714.0,29689.75,29706.25,310
2026-06-29T04:03:00-04:00,29703.75,29704.75,29670.5,29673.5,205
2026-06-29T04:04:00-04:00,29676.75,29692.25,29666.75,29690.25,174
2026-06-29T04:05:00-04:00,29690.5,29714.25,29686.75,29705.25,220
2026-06-29T04:06:00-04:00,29704.5,29705.75,29693.5,29704.75,100
2026-06-29T04:07:00-04:00,29704.25,29711.0,29677.75,29679.75,170
2026-06-29T04:08:00-04:00,29680.5,29687.25,29677.0,29682.25,72
2026-06-29T04:09:00-04:00,29683.5,29700.5,29683.5,29694.75,72
2026-06-29T04:10:00-04:00,29697.0,29702.5,29690.25,29698.5,80
2026-06-29T04:11:00-04:00,29697.5,29698.75,29687.5,29693.0,67
2026-06-29T04:12:00-04:00,29689.25,29696.75,29682.5,29694.75,83
2026-06-29T04:13:00-04:00,29692.5,29692.5,29678.0,29681.0,50
2026-06-29T04:14:00-04:00,29679.25,29690.25,29677.75,29686.25,60
2026-06-29T04:15:00-04:00,29685.5,29697.5,29683.75,29683.75,70
2026-06-29T04:16:00-04:00,29685.0,29689.75,29678.25,29686.25,91
2026-06-29T04:17:00-04:00,29684.0,29703.0,29684.0,29702.0,151
2026-06-29T04:18:00-04:00,29700.75,29729.5,29697.0,29725.25,327
2026-06-29T04:19:00-04:00,29724.0,29727.0,29703.75,29714.0,315
2026-06-29T04:20:00-04:00,29713.0,29714.0,29704.75,29707.0,94
2026-06-29T04:21:00-04:00,29706.75,29724.25,29703.75,29721.0,165
2026-06-29T04:22:00-04:00,29721.0,29721.25,29709.0,29710.75,89
2026-06-29T04:23:00-04:00,29708.0,29715.5,29704.75,29709.75,67
2026-06-29T04:24:00-04:00,29709.25,29715.5,29704.5,29711.25,92
2026-06-29T04:25:00-04:00,29716.0,29732.75,29716.0,29722.5,174
2026-06-29T04:26:00-04:00,29721.5,29721.5,29699.75,29702.75,140
2026-06-29T04:27:00-04:00,29702.25,29713.25,29700.25,29707.5,52
2026-06-29T04:28:00-04:00,29707.0,29710.0,29698.75,29705.0,81
2026-06-29T04:29:00-04:00,29703.75,29703.75,29692.25,29694.75,91
2026-06-29T04:30:00-04:00,29694.25,29708.0,29687.5,29705.5,202
2026-06-29T04:31:00-04:00,29706.5,29720.75,29705.5,29719.0,164
2026-06-29T04:32:00-04:00,29718.75,29719.25,29710.0,29714.25,43
2026-06-29T04:33:00-04:00,29711.75,29720.0,29709.0,29716.75,93
2026-06-29T04:34:00-04:00,29715.75,29719.0,29708.75,29713.25,149
2026-06-29T04:35:00-04:00,29708.75,29713.75,29706.75,29711.25,45
2026-06-29T04:36:00-04:00,29712.5,29720.5,29705.0,29711.25,74
2026-06-29T04:37:00-04:00,29709.0,29713.5,29703.5,29703.5,53
2026-06-29T04:38:00-04:00,29701.25,29704.25,29685.0,29687.75,180
2026-06-29T04:39:00-04:00,29688.0,29691.75,29676.0,29682.5,180
2026-06-29T04:40:00-04:00,29684.75,29687.5,29679.0,29685.5,146
2026-06-29T04:41:00-04:00,29685.5,29694.0,29685.25,29688.75,124
2026-06-29T04:42:00-04:00,29687.25,29693.0,29678.25,29690.5,118
2026-06-29T04:43:00-04:00,29689.25,29691.25,29686.75,29689.0,29
2026-06-29T04:44:00-04:00,29690.75,29691.0,29683.25,29685.75,24
2026-06-29T04:45:00-04:00,29685.0,29687.75,29680.0,29680.0,52
2026-06-29T04:46:00-04:00,29680.0,29691.5,29680.0,29689.25,26
2026-06-29T04:47:00-04:00,29690.75,29700.0,29690.0,29699.5,53
2026-06-29T04:48:00-04:00,29699.5,29706.75,29695.75,29705.0,66
2026-06-29T04:49:00-04:00,29702.5,29702.5,29685.0,29688.25,166
2026-06-29T04:50:00-04:00,29688.25,29693.25,29687.0,29688.0,33
2026-06-29T04:51:00-04:00,29691.75,29696.25,29677.5,29685.25,52
2026-06-29T04:52:00-04:00,29687.25,29697.0,29685.0,29693.75,34
2026-06-29T04:53:00-04:00,29692.25,29692.25,29682.75,29686.75,20
2026-06-29T04:54:00-04:00,29678.0,29684.0,29670.75,29673.75,100
2026-06-29T04:55:00-04:00,29672.25,29672.25,29655.5,29657.25,208
2026-06-29T04:56:00-04:00,29660.25,29666.75,29652.75,29659.0,131
2026-06-29T04:57:00-04:00,29659.25,29663.75,29656.75,29661.75,65
2026-06-29T04:58:00-04:00,29661.0,29661.25,29654.0,29660.25,55
2026-06-29T04:59:00-04:00,29659.5,29667.75,29656.5,29660.25,99
2026-06-29T05:00:00-04:00,29658.75,29670.75,29652.25,29665.75,175
2026-06-29T05:01:00-04:00,29665.0,29671.5,29663.0,29666.75,50
2026-06-29T05:02:00-04:00,29664.75,29667.0,29657.0,29661.75,81
2026-06-29T05:03:00-04:00,29665.5,29671.75,29663.75,29664.0,51
2026-06-29T05:04:00-04:00,29665.0,29665.75,29661.5,29664.25,33
2026-06-29T05:05:00-04:00,29664.75,29664.75,29651.0,29655.0,48
2026-06-29T05:06:00-04:00,29656.0,29666.25,29654.25,29656.5,61
2026-06-29T05:07:00-04:00,29653.25,29655.75,29644.5,29650.25,76
2026-06-29T05:08:00-04:00,29651.75,29655.5,29648.25,29652.25,62
2026-06-29T05:09:00-04:00,29652.0,29654.75,29644.75,29652.75,56
2026-06-29T05:10:00-04:00,29653.75,29659.0,29652.75,29657.75,45
2026-06-29T05:11:00-04:00,29656.0,29665.0,29643.25,29646.75,92
2026-06-29T05:12:00-04:00,29647.0,29651.75,29640.5,29642.75,70
2026-06-29T05:13:00-04:00,29646.25,29649.5,29642.5,29647.25,31
2026-06-29T05:14:00-04:00,29647.75,29663.0,29647.75,29658.0,59
2026-06-29T05:15:00-04:00,29654.5,29667.75,29646.75,29661.25,55
2026-06-29T05:16:00-04:00,29660.0,29663.0,29655.5,29662.75,38
2026-06-29T05:17:00-04:00,29661.5,29668.25,29657.5,29667.25,38
2026-06-29T05:18:00-04:00,29668.5,29677.5,29666.25,29668.0,87
2026-06-29T05:19:00-04:00,29670.75,29670.75,29664.75,29667.75,22
2026-06-29T05:20:00-04:00,29670.25,29674.0,29667.5,29673.0,23
2026-06-29T05:21:00-04:00,29673.0,29675.25,29659.75,29661.75,67
2026-06-29T05:22:00-04:00,29660.0,29676.5,29660.0,29673.75,51
2026-06-29T05:23:00-04:00,29673.25,29674.0,29668.5,29672.0,32
2026-06-29T05:24:00-04:00,29671.25,29671.5,29662.25,29671.5,42
2026-06-29T05:25:00-04:00,29670.5,29673.75,29659.0,29660.5,107
2026-06-29T05:26:00-04:00,29658.0,29668.25,29658.0,29666.25,135
2026-06-29T05:27:00-04:00,29667.75,29682.5,29663.25,29679.75,132
2026-06-29T05:28:00-04:00,29679.5,29688.25,29677.0,29682.5,91
2026-06-29T05:29:00-04:00,29682.75,29685.0,29674.5,29677.75,60
2026-06-29T05:30:00-04:00,29680.0,29686.5,29676.75,29677.25,62
2026-06-29T05:31:00-04:00,29676.0,29682.25,29673.25,29676.5,108
2026-06-29T05:32:00-04:00,29675.0,29678.5,29670.5,29676.0,105
2026-06-29T05:33:00-04:00,29675.5,29680.75,29671.25,29675.5,64
2026-06-29T05:34:00-04:00,29675.5,29675.5,29670.75,29672.5,29
2026-06-29T05:35:00-04:00,29671.5,29675.25,29666.5,29666.5,57
2026-06-29T05:36:00-04:00,29666.75,29671.75,29657.25,29664.25,104
2026-06-29T05:37:00-04:00,29662.5,29663.75,29660.25,29662.0,64
2026-06-29T05:38:00-04:00,29663.5,29675.25,29660.25,29673.75,45
2026-06-29T05:39:00-04:00,29674.5,29680.75,29669.0,29669.0,128
2026-06-29T05:40:00-04:00,29667.0,29667.0,29653.25,29654.5,202
2026-06-29T05:41:00-04:00,29656.0,29658.75,29656.0,29658.5,30
2026-06-29T05:42:00-04:00,29657.75,29662.5,29651.25,29654.5,68
2026-06-29T05:43:00-04:00,29653.0,29657.75,29650.0,29651.5,68
2026-06-29T05:44:00-04:00,29649.0,29659.25,29645.0,29657.75,78
2026-06-29T05:45:00-04:00,29657.5,29667.75,29657.0,29663.0,71
2026-06-29T05:46:00-04:00,29661.5,29671.5,29661.25,29669.5,74
2026-06-29T05:47:00-04:00,29670.25,29672.75,29664.75,29672.0,93
2026-06-29T05:48:00-04:00,29669.5,29670.5,29652.25,29655.75,105
2026-06-29T05:49:00-04:00,29656.0,29662.5,29654.75,29660.25,69
2026-06-29T05:50:00-04:00,29659.0,29666.0,29655.75,29656.5,40
2026-06-29T05:51:00-04:00,29656.5,29666.0,29624.25,29624.25,528
2026-06-29T05:52:00-04:00,29624.0,29643.25,29620.0,29639.25,292
2026-06-29T05:53:00-04:00,29638.25,29645.0,29635.0,29639.75,147
2026-06-29T05:54:00-04:00,29638.5,29648.5,29636.25,29646.0,61
2026-06-29T05:55:00-04:00,29647.75,29649.25,29640.75,29646.75,76
2026-06-29T05:56:00-04:00,29646.25,29662.0,29646.25,29657.25,96
2026-06-29T05:57:00-04:00,29660.0,29673.25,29659.5,29666.5,159
2026-06-29T05:58:00-04:00,29664.5,29669.0,29661.0,29661.0,77
2026-06-29T05:59:00-04:00,29663.0,29666.0,29660.25,29664.0,99
2026-06-29T06:00:00-04:00,29666.25,29677.5,29666.25,29674.25,152
2026-06-29T06:01:00-04:00,29674.25,29695.0,29668.75,29694.75,156
2026-06-29T06:02:00-04:00,29694.0,29703.75,29692.5,29695.5,239
2026-06-29T06:03:00-04:00,29698.5,29701.0,29690.0,29692.5,70
2026-06-29T06:04:00-04:00,29694.0,29702.5,29690.75,29695.25,53
2026-06-29T06:05:00-04:00,29695.25,29695.25,29686.5,29690.5,41
2026-06-29T06:06:00-04:00,29691.0,29698.25,29690.0,29691.75,60
2026-06-29T06:07:00-04:00,29693.75,29701.75,29693.75,29698.0,48
2026-06-29T06:08:00-04:00,29696.5,29705.25,29696.5,29703.0,128
2026-06-29T06:09:00-04:00,29700.5,29718.5,29698.5,29717.5,228
2026-06-29T06:10:00-04:00,29717.5,29722.5,29702.5,29705.25,115
2026-06-29T06:11:00-04:00,29704.75,29708.75,29696.0,29699.0,91
2026-06-29T06:12:00-04:00,29698.0,29707.5,29697.25,29707.0,124
2026-06-29T06:13:00-04:00,29707.0,29709.75,29690.25,29690.75,53
2026-06-29T06:14:00-04:00,29690.75,29692.25,29684.0,29688.0,78
2026-06-29T06:15:00-04:00,29686.0,29687.25,29677.0,29677.0,103
2026-06-29T06:16:00-04:00,29676.25,29680.0,29670.0,29674.5,128
2026-06-29T06:17:00-04:00,29673.5,29675.25,29668.75,29671.0,90
2026-06-29T06:18:00-04:00,29672.25,29680.0,29672.25,29679.5,66
2026-06-29T06:19:00-04:00,29682.75,29684.75,29679.0,29681.25,43
2026-06-29T06:20:00-04:00,29683.25,29686.5,29677.25,29686.25,70
2026-06-29T06:21:00-04:00,29688.0,29694.0,29686.75,29689.0,58
2026-06-29T06:22:00-04:00,29687.0,29691.0,29685.75,29690.25,39
2026-06-29T06:23:00-04:00,29685.75,29693.25,29684.25,29693.0,42
2026-06-29T06:24:00-04:00,29691.25,29694.25,29683.0,29683.0,65
2026-06-29T06:25:00-04:00,29682.25,29686.0,29678.25,29682.5,92
2026-06-29T06:26:00-04:00,29683.5,29696.0,29679.75,29694.0,62
2026-06-29T06:27:00-04:00,29693.75,29697.0,29693.0,29695.5,82
2026-06-29T06:28:00-04:00,29694.5,29706.75,29692.25,29704.25,103
2026-06-29T06:29:00-04:00,29706.0,29717.5,29703.75,29717.5,120
2026-06-29T06:30:00-04:00,29716.75,29721.75,29709.5,29716.75,167
2026-06-29T06:31:00-04:00,29716.75,29718.25,29712.5,29715.5,74
2026-06-29T06:32:00-04:00,29715.25,29720.0,29709.5,29711.75,180
2026-06-29T06:33:00-04:00,29712.75,29717.0,29710.75,29711.75,69
2026-06-29T06:34:00-04:00,29713.75,29727.5,29713.75,29720.25,93
2026-06-29T06:35:00-04:00,29721.75,29723.25,29707.25,29712.25,114
2026-06-29T06:36:00-04:00,29713.0,29717.5,29713.0,29714.25,54
2026-06-29T06:37:00-04:00,29716.25,29741.0,29715.0,29735.0,319
2026-06-29T06:38:00-04:00,29735.5,29740.25,29727.75,29735.5,194
2026-06-29T06:39:00-04:00,29735.25,29744.0,29734.25,29737.5,142
2026-06-29T06:40:00-04:00,29737.75,29741.75,29733.0,29735.25,91
2026-06-29T06:41:00-04:00,29734.5,29734.75,29726.5,29733.5,80
2026-06-29T06:42:00-04:00,29732.25,29738.0,29730.5,29733.75,79
2026-06-29T06:43:00-04:00,29733.0,29733.0,29724.75,29724.75,80
2026-06-29T06:44:00-04:00,29725.0,29729.5,29723.75,29728.0,38
2026-06-29T06:45:00-04:00,29726.25,29728.25,29722.0,29722.0,57
2026-06-29T06:46:00-04:00,29724.25,29726.25,29721.25,29722.25,24
2026-06-29T06:47:00-04:00,29722.25,29728.75,29699.5,29722.25,600
2026-06-29T06:48:00-04:00,29720.5,29726.0,29718.75,29723.5,77
2026-06-29T06:49:00-04:00,29724.75,29727.25,29721.25,29725.0,57
2026-06-29T06:50:00-04:00,29725.5,29725.75,29722.5,29724.0,25
2026-06-29T06:51:00-04:00,29725.75,29728.75,29722.0,29726.0,62
2026-06-29T06:52:00-04:00,29728.0,29728.75,29722.75,29723.5,63
2026-06-29T06:53:00-04:00,29723.75,29730.75,29719.0,29729.25,77
2026-06-29T06:54:00-04:00,29728.5,29735.75,29728.0,29731.25,66
2026-06-29T06:55:00-04:00,29732.75,29734.25,29727.0,29729.0,76
2026-06-29T06:56:00-04:00,29729.25,29729.75,29725.75,29727.75,30
2026-06-29T06:57:00-04:00,29729.0,29736.0,29729.0,29733.25,86
2026-06-29T06:58:00-04:00,29730.5,29742.25,29728.5,29739.5,193
2026-06-29T06:59:00-04:00,29739.0,29746.0,29736.0,29740.5,157
2026-06-29T07:00:00-04:00,29742.25,29758.0,29734.25,29750.75,349
2026-06-29T07:01:00-04:00,29750.5,29753.5,29742.0,29744.75,211
2026-06-29T07:02:00-04:00,29746.25,29747.5,29739.25,29742.75,78
2026-06-29T07:03:00-04:00,29742.25,29750.0,29734.5,29742.25,113
2026-06-29T07:04:00-04:00,29741.25,29750.0,29740.0,29746.75,103
2026-06-29T07:05:00-04:00,29749.25,29756.0,29742.75,29744.25,115
2026-06-29T07:06:00-04:00,29746.25,29750.75,29738.75,29748.75,139
2026-06-29T07:07:00-04:00,29748.5,29750.25,29738.25,29740.75,211
2026-06-29T07:08:00-04:00,29740.0,29750.0,29738.75,29741.75,101
2026-06-29T07:09:00-04:00,29742.0,29747.25,29738.0,29738.0,60
2026-06-29T07:10:00-04:00,29737.25,29738.5,29727.75,29732.25,192
2026-06-29T07:11:00-04:00,29732.25,29733.25,29723.0,29727.75,94
2026-06-29T07:12:00-04:00,29727.0,29730.5,29721.25,29723.0,119
2026-06-29T07:13:00-04:00,29722.75,29726.0,29721.0,29721.0,82
2026-06-29T07:14:00-04:00,29720.25,29721.25,29708.5,29711.75,171
2026-06-29T07:15:00-04:00,29712.25,29717.75,29707.0,29708.75,149
2026-06-29T07:16:00-04:00,29708.75,29713.0,29704.5,29707.5,122
2026-06-29T07:17:00-04:00,29708.0,29709.25,29700.0,29700.75,122
2026-06-29T07:18:00-04:00,29699.25,29703.0,29688.5,29700.25,269
2026-06-29T07:19:00-04:00,29699.5,29700.75,29690.0,29693.25,81
2026-06-29T07:20:00-04:00,29693.0,29694.25,29687.5,29688.25,97
2026-06-29T07:21:00-04:00,29690.5,29691.5,29683.5,29688.75,129
2026-06-29T07:22:00-04:00,29690.5,29702.5,29686.5,29702.25,188
2026-06-29T07:23:00-04:00,29701.75,29709.5,29693.25,29706.25,231
2026-06-29T07:24:00-04:00,29707.0,29710.0,29699.0,29702.0,49
2026-06-29T07:25:00-04:00,29702.75,29707.0,29702.0,29705.5,44
2026-06-29T07:26:00-04:00,29706.5,29710.5,29703.25,29710.5,68
2026-06-29T07:27:00-04:00,29707.25,29714.75,29707.25,29710.25,78
2026-06-29T07:28:00-04:00,29708.0,29709.25,29705.25,29709.0,15
2026-06-29T07:29:00-04:00,29710.75,29720.5,29708.75,29710.25,92
2026-06-29T07:30:00-04:00,29709.75,29710.0,29701.0,29701.0,110
2026-06-29T07:31:00-04:00,29702.0,29759.75,29702.0,29733.0,971
2026-06-29T07:32:00-04:00,29729.25,29730.0,29717.0,29717.25,197
2026-06-29T07:33:00-04:00,29716.25,29720.0,29707.5,29710.5,119
2026-06-29T07:34:00-04:00,29712.25,29720.0,29707.5,29718.5,118
2026-06-29T07:35:00-04:00,29718.5,29724.75,29714.0,29716.25,146
2026-06-29T07:36:00-04:00,29714.0,29721.0,29711.75,29720.0,41
2026-06-29T07:37:00-04:00,29720.5,29726.75,29713.0,29717.25,94
2026-06-29T07:38:00-04:00,29717.25,29717.25,29708.5,29708.5,34
2026-06-29T07:39:00-04:00,29708.75,29709.5,29701.5,29703.0,93
2026-06-29T07:40:00-04:00,29703.5,29710.0,29697.0,29707.75,220
2026-06-29T07:41:00-04:00,29704.0,29715.75,29703.5,29715.0,63
2026-06-29T07:42:00-04:00,29714.0,29717.0,29710.0,29711.5,80
2026-06-29T07:43:00-04:00,29714.0,29721.0,29708.0,29708.25,100
2026-06-29T07:44:00-04:00,29709.0,29712.75,29702.0,29708.75,92
2026-06-29T07:45:00-04:00,29709.0,29718.5,29707.75,29710.75,72
2026-06-29T07:46:00-04:00,29711.5,29720.0,29711.0,29717.5,55
2026-06-29T07:47:00-04:00,29716.75,29721.0,29714.5,29719.75,23
2026-06-29T07:48:00-04:00,29721.25,29725.0,29715.0,29722.5,84
2026-06-29T07:49:00-04:00,29721.25,29721.25,29713.0,29717.0,55
2026-06-29T07:50:00-04:00,29717.0,29730.0,29712.75,29728.0,105
2026-06-29T07:51:00-04:00,29728.75,29730.0,29711.75,29712.5,79
2026-06-29T07:52:00-04:00,29712.0,29716.0,29710.5,29713.5,59
2026-06-29T07:53:00-04:00,29712.25,29712.25,29703.25,29704.5,59
2026-06-29T07:54:00-04:00,29706.0,29710.0,29705.25,29706.0,32
2026-06-29T07:55:00-04:00,29708.5,29710.5,29703.5,29708.75,214
2026-06-29T07:56:00-04:00,29709.5,29716.0,29706.25,29706.25,59
2026-06-29T07:57:00-04:00,29707.0,29710.25,29701.25,29704.0,52
2026-06-29T07:58:00-04:00,29705.5,29707.5,29702.5,29706.0,57
2026-06-29T07:59:00-04:00,29705.25,29708.0,29698.5,29705.5,111
2026-06-29T08:00:00-04:00,29705.25,29707.25,29692.5,29698.25,139
2026-06-29T08:01:00-04:00,29699.0,29702.0,29691.75,29697.75,120
2026-06-29T08:02:00-04:00,29698.0,29706.25,29695.5,29704.25,90
2026-06-29T08:03:00-04:00,29703.25,29713.5,29694.25,29712.0,122
2026-06-29T08:04:00-04:00,29710.0,29717.75,29706.75,29711.0,104
2026-06-29T08:05:00-04:00,29711.0,29717.75,29708.75,29711.0,78
2026-06-29T08:06:00-04:00,29711.25,29722.5,29708.0,29719.75,77
2026-06-29T08:07:00-04:00,29719.75,29721.75,29714.5,29714.5,67
2026-06-29T08:08:00-04:00,29715.0,29722.25,29715.0,29721.0,36
2026-06-29T08:09:00-04:00,29721.75,29724.25,29717.5,29718.75,138
2026-06-29T08:10:00-04:00,29721.75,29733.75,29721.5,29728.5,164
2026-06-29T08:11:00-04:00,29726.5,29727.25,29715.75,29719.0,102
2026-06-29T08:12:00-04:00,29719.5,29726.25,29713.0,29717.75,98
2026-06-29T08:13:00-04:00,29718.25,29731.0,29717.75,29727.5,107
2026-06-29T08:14:00-04:00,29727.5,29733.5,29720.5,29728.25,110
2026-06-29T08:15:00-04:00,29727.25,29734.75,29725.75,29725.75,82
2026-06-29T08:16:00-04:00,29726.75,29737.5,29724.25,29727.25,117
2026-06-29T08:17:00-04:00,29727.25,29728.75,29719.5,29722.75,47
2026-06-29T08:18:00-04:00,29725.0,29739.25,29723.25,29732.5,132
2026-06-29T08:19:00-04:00,29730.75,29731.5,29725.0,29728.25,46
2026-06-29T08:20:00-04:00,29728.75,29732.0,29724.0,29729.75,53
2026-06-29T08:21:00-04:00,29726.75,29730.5,29719.75,29721.5,40
2026-06-29T08:22:00-04:00,29720.5,29723.0,29714.5,29718.0,85
2026-06-29T08:23:00-04:00,29717.5,29720.75,29707.5,29715.0,140
2026-06-29T08:24:00-04:00,29715.0,29717.0,29709.5,29712.75,78
2026-06-29T08:25:00-04:00,29714.0,29726.0,29713.25,29719.0,141
2026-06-29T08:26:00-04:00,29719.0,29720.5,29707.5,29720.25,81
2026-06-29T08:27:00-04:00,29721.0,29724.0,29715.75,29719.5,58
2026-06-29T08:28:00-04:00,29724.75,29728.0,29723.75,29726.0,41
2026-06-29T08:29:00-04:00,29726.0,29726.75,29716.75,29716.75,57
2026-06-29T08:30:00-04:00,29717.5,29722.75,29705.75,29707.25,122
2026-06-29T08:31:00-04:00,29707.25,29707.5,29693.0,29704.5,266
2026-06-29T08:32:00-04:00,29703.0,29715.0,29701.75,29713.0,147
2026-06-29T08:33:00-04:00,29712.0,29718.5,29708.5,29715.0,153
2026-06-29T08:34:00-04:00,29714.5,29726.75,29712.75,29726.75,164
2026-06-29T08:35:00-04:00,29725.75,29730.75,29719.25,29721.5,135
2026-06-29T08:36:00-04:00,29722.5,29726.5,29716.0,29717.5,114
2026-06-29T08:37:00-04:00,29717.75,29719.25,29692.75,29694.0,182
2026-06-29T08:38:00-04:00,29694.25,29694.25,29680.5,29684.25,290
2026-06-29T08:39:00-04:00,29686.25,29689.5,29678.0,29682.0,152
2026-06-29T08:40:00-04:00,29680.0,29687.0,29675.0,29675.5,130
2026-06-29T08:41:00-04:00,29674.25,29674.25,29657.5,29658.75,338
2026-06-29T08:42:00-04:00,29657.5,29665.75,29650.25,29664.0,252
2026-06-29T08:43:00-04:00,29665.0,29672.0,29662.75,29671.0,193
2026-06-29T08:44:00-04:00,29672.0,29677.0,29668.5,29674.5,151
2026-06-29T08:45:00-04:00,29675.0,29682.5,29669.25,29674.25,212
2026-06-29T08:46:00-04:00,29673.0,29680.25,29664.75,29679.5,150
2026-06-29T08:47:00-04:00,29680.75,29688.25,29674.75,29681.5,200
2026-06-29T08:48:00-04:00,29681.25,29681.25,29666.0,29668.5,134
2026-06-29T08:49:00-04:00,29668.5,29672.0,29664.0,29668.75,106
2026-06-29T08:50:00-04:00,29668.25,29682.75,29667.75,29680.0,114
2026-06-29T08:51:00-04:00,29680.75,29680.75,29665.25,29669.5,100
2026-06-29T08:52:00-04:00,29668.25,29677.25,29665.5,29674.0,92
2026-06-29T08:53:00-04:00,29675.25,29686.5,29675.25,29685.5,128
2026-06-29T08:54:00-04:00,29685.25,29688.5,29682.0,29682.75,74
2026-06-29T08:55:00-04:00,29682.75,29695.75,29680.5,29693.75,95
2026-06-29T08:56:00-04:00,29695.25,29703.5,29691.75,29700.5,208
2026-06-29T08:57:00-04:00,29699.0,29703.5,29695.5,29700.75,125
2026-06-29T08:58:00-04:00,29697.5,29703.75,29697.25,29703.5,88
2026-06-29T08:59:00-04:00,29702.25,29705.5,29699.5,29705.0,73
2026-06-29T09:00:00-04:00,29705.75,29720.5,29705.75,29706.75,229
2026-06-29T09:01:00-04:00,29706.75,29714.75,29706.0,29710.5,115
2026-06-29T09:02:00-04:00,29708.75,29714.0,29703.75,29703.75,84
2026-06-29T09:03:00-04:00,29702.0,29708.25,29699.5,29703.5,105
2026-06-29T09:04:00-04:00,29706.5,29713.25,29705.5,29706.75,110
2026-06-29T09:05:00-04:00,29706.0,29716.25,29704.25,29715.75,104
2026-06-29T09:06:00-04:00,29714.75,29725.25,29705.5,29706.25,185
2026-06-29T09:07:00-04:00,29707.25,29720.75,29706.25,29720.0,106
2026-06-29T09:08:00-04:00,29720.25,29722.5,29714.25,29721.75,109
2026-06-29T09:09:00-04:00,29720.5,29721.5,29712.75,29712.75,109
2026-06-29T09:10:00-04:00,29713.0,29720.0,29708.75,29717.0,93
2026-06-29T09:11:00-04:00,29717.75,29722.0,29713.25,29718.25,69
2026-06-29T09:12:00-04:00,29720.25,29732.0,29719.5,29730.5,197
2026-06-29T09:13:00-04:00,29730.0,29733.25,29725.25,29729.75,154
2026-06-29T09:14:00-04:00,29727.5,29727.5,29721.25,29727.25,107
2026-06-29T09:15:00-04:00,29726.75,29728.75,29723.0,29727.25,113
2026-06-29T09:16:00-04:00,29729.0,29733.0,29724.25,29727.25,129
2026-06-29T09:17:00-04:00,29726.25,29727.0,29721.5,29725.0,71
2026-06-29T09:18:00-04:00,29724.25,29726.75,29719.25,29726.75,102
2026-06-29T09:19:00-04:00,29725.25,29726.25,29712.5,29714.0,126
2026-06-29T09:20:00-04:00,29713.0,29715.25,29691.25,29693.75,402
2026-06-29T09:21:00-04:00,29694.5,29697.0,29687.5,29689.5,244
2026-06-29T09:22:00-04:00,29692.5,29697.5,29690.0,29691.25,198
2026-06-29T09:23:00-04:00,29690.0,29690.5,29678.25,29681.5,216
2026-06-29T09:24:00-04:00,29681.75,29684.75,29673.0,29676.5,216
2026-06-29T09:25:00-04:00,29676.75,29681.75,29654.5,29655.5,399
2026-06-29T09:26:00-04:00,29655.75,29663.5,29648.0,29651.75,341
2026-06-29T09:27:00-04:00,29650.0,29650.5,29630.0,29631.5,636
2026-06-29T09:28:00-04:00,29631.75,29657.0,29628.0,29648.75,559
2026-06-29T09:29:00-04:00,29649.5,29659.5,29643.25,29643.25,657
2026-06-29T09:30:00-04:00,29643.0,29673.75,29557.0,29623.75,5345
2026-06-29T09:31:00-04:00,29623.25,29691.25,29597.0,29664.5,2941
2026-06-29T09:32:00-04:00,29663.25,29737.5,29660.5,29719.75,2574
2026-06-29T09:33:00-04:00,29718.75,29741.75,29706.0,29722.25,1793
2026-06-29T09:34:00-04:00,29721.5,29769.25,29719.5,29762.25,1989
2026-06-29T09:35:00-04:00,29762.25,29767.75,29728.75,29743.25,1603
2026-06-29T09:36:00-04:00,29741.0,29745.75,29672.0,29684.5,2111
2026-06-29T09:37:00-04:00,29686.25,29693.5,29645.25,29676.75,2165
2026-06-29T09:38:00-04:00,29682.5,29685.25,29635.25,29657.75,1382
2026-06-29T09:39:00-04:00,29658.5,29715.0,29656.0,29710.0,1494
2026-06-29T09:40:00-04:00,29709.5,29743.5,29676.0,29734.0,1959
2026-06-29T09:41:00-04:00,29732.75,29755.25,29719.0,29720.25,1297
2026-06-29T09:42:00-04:00,29720.5,29766.0,29718.25,29756.0,1210
2026-06-29T09:43:00-04:00,29754.5,29767.5,29736.0,29747.25,1125
2026-06-29T09:44:00-04:00,29746.75,29795.0,29732.75,29786.75,1780
2026-06-29T09:45:00-04:00,29786.0,29824.5,29770.75,29816.5,2869
2026-06-29T09:46:00-04:00,29815.0,29817.5,29760.75,29771.75,1917
2026-06-29T09:47:00-04:00,29772.0,29821.0,29747.75,29809.0,1977
2026-06-29T09:48:00-04:00,29809.0,29817.0,29781.5,29813.5,1027
2026-06-29T09:49:00-04:00,29812.0,29820.75,29761.0,29768.0,1253
2026-06-29T09:50:00-04:00,29768.0,29779.75,29720.25,29779.5,1751
2026-06-29T09:51:00-04:00,29777.75,29831.25,29768.0,29812.5,1723
2026-06-29T09:52:00-04:00,29813.0,29838.0,29810.0,29816.5,1179
2026-06-29T09:53:00-04:00,29814.5,29840.0,29800.25,29807.0,1029
2026-06-29T09:54:00-04:00,29806.75,29817.0,29751.0,29763.0,1426
2026-06-29T09:55:00-04:00,29760.5,29776.0,29671.25,29674.0,2345
2026-06-29T09:56:00-04:00,29676.0,29696.75,29627.25,29646.25,2449
2026-06-29T09:57:00-04:00,29645.0,29653.25,29592.75,29601.5,2270
2026-06-29T09:58:00-04:00,29599.25,29636.25,29592.75,29603.75,1445
2026-06-29T09:59:00-04:00,29605.75,29636.0,29578.0,29617.75,1782
2026-06-29T10:00:00-04:00,29618.75,29631.5,29531.75,29576.75,3784
2026-06-29T10:01:00-04:00,29575.0,29618.0,29575.0,29590.25,2093
2026-06-29T10:02:00-04:00,29589.0,29593.0,29546.75,29572.75,1506
2026-06-29T10:03:00-04:00,29572.25,29607.5,29565.25,29576.5,1292
2026-06-29T10:04:00-04:00,29580.25,29581.75,29541.0,29542.5,1387
2026-06-29T10:05:00-04:00,29543.75,29544.75,29503.25,29505.25,2210
2026-06-29T10:06:00-04:00,29507.0,29555.0,29495.5,29498.25,1961
2026-06-29T10:07:00-04:00,29500.25,29534.0,29467.75,29469.5,2167
2026-06-29T10:08:00-04:00,29467.75,29496.25,29452.0,29491.25,1911
2026-06-29T10:09:00-04:00,29490.75,29519.0,29478.75,29497.75,1990
2026-06-29T10:10:00-04:00,29498.25,29516.0,29426.25,29446.5,2644
2026-06-29T10:11:00-04:00,29445.5,29464.75,29428.5,29447.5,1517
2026-06-29T10:12:00-04:00,29447.25,29463.5,29385.5,29391.0,2390
2026-06-29T10:13:00-04:00,29391.0,29397.0,29346.25,29352.0,2392
2026-06-29T10:14:00-04:00,29353.25,29376.0,29328.0,29330.75,2221
2026-06-29T10:15:00-04:00,29330.0,29352.0,29273.75,29352.0,5059
2026-06-29T10:16:00-04:00,29351.25,29384.25,29296.5,29298.25,2977
2026-06-29T10:17:00-04:00,29300.0,29350.5,29293.5,29319.0,1855
2026-06-29T10:18:00-04:00,29318.5,29345.5,29289.0,29331.0,1915
2026-06-29T10:19:00-04:00,29330.0,29388.0,29322.75,29381.5,1869
2026-06-29T10:20:00-04:00,29381.5,29395.0,29352.75,29386.75,2027
2026-06-29T10:21:00-04:00,29385.5,29406.5,29375.75,29406.5,1603
2026-06-29T10:22:00-04:00,29404.25,29437.0,29393.25,29397.75,1828
2026-06-29T10:23:00-04:00,29398.5,29398.5,29347.0,29361.0,1788
2026-06-29T10:24:00-04:00,29360.75,29410.0,29338.25,29401.75,1804
2026-06-29T10:25:00-04:00,29402.75,29452.75,29392.5,29448.5,2174
2026-06-29T10:26:00-04:00,29447.75,29479.75,29447.25,29465.5,1919
2026-06-29T10:27:00-04:00,29465.0,29481.0,29453.25,29477.25,1337
2026-06-29T10:28:00-04:00,29475.5,29530.0,29472.75,29530.0,1680
2026-06-29T10:29:00-04:00,29529.75,29551.0,29520.0,29546.0,2018
2026-06-29T10:30:00-04:00,29546.0,29578.75,29525.75,29575.25,2509
2026-06-29T10:31:00-04:00,29574.25,29597.75,29552.0,29590.25,1915
2026-06-29T10:32:00-04:00,29588.75,29593.75,29543.0,29570.75,1478
2026-06-29T10:33:00-04:00,29570.5,29644.5,29563.75,29631.5,2490
2026-06-29T10:34:00-04:00,29632.0,29652.5,29620.0,29632.75,1836
2026-06-29T10:35:00-04:00,29631.0,29642.0,29606.75,29631.0,1348
2026-06-29T10:36:00-04:00,29629.25,29633.0,29592.75,29596.5,1307
2026-06-29T10:37:00-04:00,29596.5,29603.75,29560.0,29598.5,1535
2026-06-29T10:38:00-04:00,29598.25,29628.0,29583.5,29593.25,1160
2026-06-29T10:39:00-04:00,29592.75,29610.75,29570.75,29587.5,1093
2026-06-29T10:40:00-04:00,29588.0,29601.75,29570.25,29597.75,971
2026-06-29T10:41:00-04:00,29596.75,29625.0,29586.75,29596.0,1041
2026-06-29T10:42:00-04:00,29596.75,29613.0,29589.5,29603.25,614
2026-06-29T10:43:00-04:00,29603.25,29618.5,29586.75,29591.0,853
2026-06-29T10:44:00-04:00,29590.75,29601.75,29562.75,29580.25,1142
2026-06-29T10:45:00-04:00,29578.0,29580.25,29540.5,29558.0,1373
2026-06-29T10:46:00-04:00,29558.0,29576.25,29524.25,29536.5,1546
2026-06-29T10:47:00-04:00,29535.0,29561.25,29511.75,29513.0,1134
2026-06-29T10:48:00-04:00,29511.25,29538.0,29497.25,29505.5,1192
2026-06-29T10:49:00-04:00,29504.25,29584.25,29504.0,29569.5,1618
2026-06-29T10:50:00-04:00,29569.25,29635.0,29567.0,29621.0,1870
2026-06-29T10:51:00-04:00,29621.0,29634.75,29605.25,29627.0,1124
2026-06-29T10:52:00-04:00,29627.25,29637.75,29614.0,29619.0,1073
2026-06-29T10:53:00-04:00,29620.0,29660.0,29601.5,29656.0,1497
2026-06-29T10:54:00-04:00,29655.0,29687.5,29650.25,29673.75,1844
2026-06-29T10:55:00-04:00,29672.25,29673.0,29642.75,29672.0,1341
2026-06-29T10:56:00-04:00,29672.25,29690.0,29656.75,29678.0,999
2026-06-29T10:57:00-04:00,29676.25,29695.25,29651.5,29670.5,987
2026-06-29T10:58:00-04:00,29669.75,29686.0,29655.25,29668.25,675
2026-06-29T10:59:00-04:00,29669.25,29716.5,29668.25,29713.75,1111
2026-06-29T11:00:00-04:00,29714.25,29735.0,29701.25,29713.5,1967
2026-06-29T11:01:00-04:00,29712.5,29732.0,29701.75,29723.75,1448
2026-06-29T11:02:00-04:00,29723.25,29733.25,29707.75,29717.0,1221
2026-06-29T11:03:00-04:00,29717.25,29726.25,29697.0,29720.25,913
2026-06-29T11:04:00-04:00,29719.5,29724.75,29698.0,29702.5,729
2026-06-29T11:05:00-04:00,29702.0,29717.25,29681.5,29707.0,1330
2026-06-29T11:06:00-04:00,29706.0,29718.5,29686.0,29693.75,783
2026-06-29T11:07:00-04:00,29693.75,29715.25,29687.0,29707.25,767
2026-06-29T11:08:00-04:00,29708.25,29728.0,29706.25,29722.5,787
2026-06-29T11:09:00-04:00,29722.0,29726.5,29703.0,29717.75,706
2026-06-29T11:10:00-04:00,29717.25,29726.0,29691.75,29697.5,880
2026-06-29T11:11:00-04:00,29700.0,29705.5,29682.5,29688.0,785
2026-06-29T11:12:00-04:00,29688.75,29698.0,29663.75,29680.75,1213
2026-06-29T11:13:00-04:00,29681.5,29703.5,29677.75,29689.5,878
2026-06-29T11:14:00-04:00,29690.75,29726.25,29675.0,29724.5,1044
2026-06-29T11:15:00-04:00,29725.5,29752.5,29720.25,29739.5,1595
2026-06-29T11:16:00-04:00,29740.5,29747.5,29704.5,29730.5,938
2026-06-29T11:17:00-04:00,29732.0,29736.5,29709.5,29713.0,732
2026-06-29T11:18:00-04:00,29712.25,29719.75,29692.5,29707.5,811
2026-06-29T11:19:00-04:00,29708.5,29710.25,29681.0,29695.0,932
2026-06-29T11:20:00-04:00,29696.0,29706.75,29680.5,29693.25,700
2026-06-29T11:21:00-04:00,29693.0,29733.25,29689.5,29725.25,878
2026-06-29T11:22:00-04:00,29727.0,29741.0,29691.75,29713.0,896
2026-06-29T11:23:00-04:00,29712.75,29712.75,29671.0,29675.25,945
2026-06-29T11:24:00-04:00,29674.5,29686.0,29659.25,29681.0,1456
2026-06-29T11:25:00-04:00,29680.5,29698.5,29676.0,29697.5,649
2026-06-29T11:26:00-04:00,29696.0,29724.5,29693.75,29720.5,701
2026-06-29T11:27:00-04:00,29720.5,29747.0,29717.0,29737.0,1021
2026-06-29T11:28:00-04:00,29736.25,29744.25,29730.0,29742.75,639
2026-06-29T11:29:00-04:00,29742.5,29775.25,29740.25,29771.0,1408
2026-06-29T11:30:00-04:00,29770.0,29803.25,29770.0,29783.0,1848
2026-06-29T11:31:00-04:00,29782.0,29783.75,29764.0,29780.0,856
2026-06-29T11:32:00-04:00,29779.0,29788.75,29765.75,29767.25,917
2026-06-29T11:33:00-04:00,29768.0,29780.5,29759.25,29773.5,753
2026-06-29T11:34:00-04:00,29773.25,29785.25,29766.0,29766.25,645
2026-06-29T11:35:00-04:00,29765.75,29767.75,29734.75,29754.0,1788
2026-06-29T11:36:00-04:00,29753.25,29772.0,29745.5,29769.0,795
2026-06-29T11:37:00-04:00,29772.5,29788.25,29771.0,29785.5,652
2026-06-29T11:38:00-04:00,29785.75,29802.75,29782.5,29787.25,901
2026-06-29T11:39:00-04:00,29787.5,29794.75,29773.5,29794.75,563
2026-06-29T11:40:00-04:00,29792.5,29795.25,29777.0,29780.75,674
2026-06-29T11:41:00-04:00,29781.0,29809.75,29773.25,29807.5,1070
2026-06-29T11:42:00-04:00,29808.25,29813.5,29791.25,29803.25,1165
2026-06-29T11:43:00-04:00,29802.25,29816.0,29792.25,29807.0,579
2026-06-29T11:44:00-04:00,29807.75,29823.0,29804.25,29819.5,680
2026-06-29T11:45:00-04:00,29818.75,29819.0,29797.25,29799.75,806
2026-06-29T11:46:00-04:00,29799.75,29802.75,29781.5,29789.0,872
2026-06-29T11:47:00-04:00,29789.75,29808.5,29783.0,29805.25,559
2026-06-29T11:48:00-04:00,29806.25,29809.25,29788.25,29794.5,683
2026-06-29T11:49:00-04:00,29793.75,29797.25,29778.0,29793.0,508
2026-06-29T11:50:00-04:00,29791.75,29814.75,29787.0,29813.75,728
2026-06-29T11:51:00-04:00,29814.75,29829.75,29809.0,29817.5,1176
2026-06-29T11:52:00-04:00,29817.75,29819.0,29803.25,29813.0,760
2026-06-29T11:53:00-04:00,29812.75,29826.25,29812.5,29815.75,644
2026-06-29T11:54:00-04:00,29815.25,29822.75,29803.0,29819.5,695
2026-06-29T11:55:00-04:00,29820.25,29828.75,29800.75,29815.5,901
2026-06-29T11:56:00-04:00,29814.75,29827.75,29808.0,29811.75,512
2026-06-29T11:57:00-04:00,29812.25,29820.5,29796.75,29820.0,763
2026-06-29T11:58:00-04:00,29818.75,29829.0,29815.25,29824.5,527
2026-06-29T11:59:00-04:00,29824.25,29847.25,29823.0,29838.75,1317
2026-06-29T12:00:00-04:00,29839.75,29855.0,29836.0,29850.5,1480
2026-06-29T12:01:00-04:00,29850.5,29866.25,29845.25,29863.5,839
2026-06-29T12:02:00-04:00,29863.0,29867.5,29851.25,29866.25,778
2026-06-29T12:03:00-04:00,29865.75,29870.5,29861.5,29867.75,590
2026-06-29T12:04:00-04:00,29866.75,29873.75,29859.25,29869.25,608
2026-06-29T12:05:00-04:00,29868.25,29879.25,29864.0,29865.5,986
2026-06-29T12:06:00-04:00,29865.25,29872.5,29853.75,29861.25,741
2026-06-29T12:07:00-04:00,29860.25,29865.5,29851.25,29856.25,564
2026-06-29T12:08:00-04:00,29856.75,29865.25,29852.75,29864.5,399
2026-06-29T12:09:00-04:00,29864.25,29864.25,29854.0,29860.5,471
2026-06-29T12:10:00-04:00,29860.5,29869.0,29847.75,29851.0,821
2026-06-29T12:11:00-04:00,29850.5,29864.0,29845.0,29847.25,546
2026-06-29T12:12:00-04:00,29847.5,29854.75,29842.5,29850.0,416
2026-06-29T12:13:00-04:00,29850.25,29852.25,29834.25,29840.75,680
2026-06-29T12:14:00-04:00,29840.5,29851.0,29837.75,29848.5,554
2026-06-29T12:15:00-04:00,29849.25,29875.5,29848.0,29872.25,934
2026-06-29T12:16:00-04:00,29872.25,29885.75,29871.25,29884.25,969
2026-06-29T12:17:00-04:00,29884.5,29888.0,29862.25,29866.25,891
2026-06-29T12:18:00-04:00,29867.25,29882.0,29865.75,29875.0,532
2026-06-29T12:19:00-04:00,29877.0,29882.0,29871.5,29878.75,437
2026-06-29T12:20:00-04:00,29877.75,29889.75,29868.25,29887.25,736
2026-06-29T12:21:00-04:00,29887.25,29890.75,29875.0,29878.0,572
2026-06-29T12:22:00-04:00,29878.25,29895.5,29874.25,29893.5,779
2026-06-29T12:23:00-04:00,29893.0,29899.75,29888.0,29895.75,749
2026-06-29T12:24:00-04:00,29896.0,29906.5,29890.25,29902.5,876
2026-06-29T12:25:00-04:00,29902.75,29907.5,29881.5,29886.0,806
2026-06-29T12:26:00-04:00,29886.25,29888.5,29873.5,29873.5,676
2026-06-29T12:27:00-04:00,29875.25,29894.0,29869.5,29886.5,570
2026-06-29T12:28:00-04:00,29886.75,29890.25,29878.25,29879.0,413
2026-06-29T12:29:00-04:00,29880.75,29883.5,29865.5,29871.25,571
2026-06-29T12:30:00-04:00,29871.0,29882.25,29869.5,29872.75,768
2026-06-29T12:31:00-04:00,29874.0,29880.25,29867.5,29870.25,500
2026-06-29T12:32:00-04:00,29869.5,29871.75,29852.0,29855.25,756
2026-06-29T12:33:00-04:00,29855.25,29858.25,29843.25,29846.0,625
2026-06-29T12:34:00-04:00,29846.0,29868.0,29845.25,29862.5,697
2026-06-29T12:35:00-04:00,29862.75,29883.25,29857.75,29879.5,648
2026-06-29T12:36:00-04:00,29879.0,29879.5,29855.5,29863.75,604
2026-06-29T12:37:00-04:00,29864.5,29875.25,29863.5,29874.0,364
2026-06-29T12:38:00-04:00,29873.5,29873.75,29862.75,29870.0,351
2026-06-29T12:39:00-04:00,29870.5,29887.25,29869.75,29882.75,582
2026-06-29T12:40:00-04:00,29883.25,29890.5,29877.0,29888.25,534
2026-06-29T12:41:00-04:00,29888.5,29898.25,29883.5,29894.0,638
2026-06-29T12:42:00-04:00,29894.0,29900.25,29888.5,29899.0,680
2026-06-29T12:43:00-04:00,29898.5,29903.25,29893.25,29900.5,551
2026-06-29T12:44:00-04:00,29900.0,29910.5,29898.5,29906.5,643
2026-06-29T12:45:00-04:00,29906.5,29916.0,29903.0,29914.0,969
2026-06-29T12:46:00-04:00,29914.5,29920.75,29894.25,29902.5,957
2026-06-29T12:47:00-04:00,29902.25,29906.0,29894.25,29899.75,600
2026-06-29T12:48:00-04:00,29900.0,29906.0,29892.75,29895.0,546
2026-06-29T12:49:00-04:00,29894.25,29909.5,29894.0,29905.75,446
2026-06-29T12:50:00-04:00,29907.0,29916.25,29902.75,29908.75,468
2026-06-29T12:51:00-04:00,29908.75,29915.5,29902.0,29911.0,853
2026-06-29T12:52:00-04:00,29910.0,29923.0,29899.75,29921.75,581
2026-06-29T12:53:00-04:00,29922.25,29931.25,29911.5,29929.0,736
2026-06-29T12:54:00-04:00,29928.5,29932.5,29926.5,29928.0,563
2026-06-29T12:55:00-04:00,29927.75,29927.75,29914.25,29920.0,548
2026-06-29T12:56:00-04:00,29920.25,29923.25,29913.0,29915.5,498
2026-06-29T12:57:00-04:00,29916.75,29925.75,29916.25,29920.75,310
2026-06-29T12:58:00-04:00,29920.5,29929.25,29915.75,29921.5,356
2026-06-29T12:59:00-04:00,29922.5,29922.5,29914.75,29915.5,256
2026-06-29T13:00:00-04:00,29916.0,29940.5,29915.75,29933.75,823
2026-06-29T13:01:00-04:00,29933.0,29938.25,29929.25,29932.75,463
2026-06-29T13:02:00-04:00,29933.25,29945.0,29932.25,29942.5,497
2026-06-29T13:03:00-04:00,29943.0,29946.5,29933.75,29944.75,517
2026-06-29T13:04:00-04:00,29944.5,29947.75,29938.75,29944.75,481
2026-06-29T13:05:00-04:00,29944.25,29948.0,29937.75,29945.5,481
2026-06-29T13:06:00-04:00,29946.0,29948.25,29940.75,29946.5,377
2026-06-29T13:07:00-04:00,29946.5,29946.75,29933.0,29936.75,476
2026-06-29T13:08:00-04:00,29937.0,29942.5,29932.75,29940.75,334
2026-06-29T13:09:00-04:00,29940.75,29952.5,29939.75,29949.75,608
2026-06-29T13:10:00-04:00,29950.0,29963.75,29948.25,29960.0,799
2026-06-29T13:11:00-04:00,29960.25,29969.0,29955.75,29968.0,493
2026-06-29T13:12:00-04:00,29968.75,29972.0,29959.25,29968.25,606
2026-06-29T13:13:00-04:00,29968.25,29997.0,29967.0,29991.75,1402
2026-06-29T13:14:00-04:00,29991.5,30001.0,29986.0,29988.0,1157
2026-06-29T13:15:00-04:00,29988.75,29998.75,29988.5,29993.0,664
2026-06-29T13:16:00-04:00,29993.0,29995.75,29979.0,29986.75,768
2026-06-29T13:17:00-04:00,29987.0,29998.0,29982.5,29991.25,823
2026-06-29T13:18:00-04:00,29991.25,30000.0,29990.0,29992.25,664
2026-06-29T13:19:00-04:00,29991.5,29996.5,29986.75,29990.75,444
2026-06-29T13:20:00-04:00,29990.0,30003.0,29987.0,29992.0,800
2026-06-29T13:21:00-04:00,29993.25,29994.0,29958.75,29964.25,1285
2026-06-29T13:22:00-04:00,29964.75,29968.25,29955.0,29958.0,855
2026-06-29T13:23:00-04:00,29957.75,29963.5,29950.0,29959.0,887
2026-06-29T13:24:00-04:00,29959.25,29967.25,29951.75,29958.5,556
2026-06-29T13:25:00-04:00,29958.5,29971.25,29952.25,29970.75,569
2026-06-29T13:26:00-04:00,29970.5,29984.0,29969.75,29983.5,648
2026-06-29T13:27:00-04:00,29983.75,29991.5,29979.75,29987.0,560
2026-06-29T13:28:00-04:00,29986.5,30011.0,29983.75,30007.5,925
2026-06-29T13:29:00-04:00,30007.5,30014.5,30004.5,30011.0,653
2026-06-29T13:30:00-04:00,30012.25,30023.75,30008.5,30017.75,852
2026-06-29T13:31:00-04:00,30019.75,30038.25,30019.75,30032.0,933
2026-06-29T13:32:00-04:00,30032.0,30033.0,30002.75,30006.25,921
2026-06-29T13:33:00-04:00,30006.5,30007.75,29987.0,29996.5,858
2026-06-29T13:34:00-04:00,29996.25,30000.5,29991.5,29995.75,587
2026-06-29T13:35:00-04:00,29996.0,30007.0,29994.75,29998.0,338
2026-06-29T13:36:00-04:00,29997.75,30012.5,29991.25,30010.75,385
2026-06-29T13:37:00-04:00,30010.25,30012.25,29998.0,30001.25,291
2026-06-29T13:38:00-04:00,30000.75,30005.0,29990.0,29999.75,629
2026-06-29T13:39:00-04:00,29999.0,30010.5,29997.0,30007.5,474
2026-06-29T13:40:00-04:00,30007.5,30010.75,29997.25,29999.0,605
2026-06-29T13:41:00-04:00,29998.75,30008.5,29997.25,29997.25,384
2026-06-29T13:42:00-04:00,29998.25,30008.5,29998.0,30004.0,245
2026-06-29T13:43:00-04:00,30004.0,30005.5,29997.5,30002.0,255
2026-06-29T13:44:00-04:00,30002.25,30007.5,29999.25,30005.25,293
2026-06-29T13:45:00-04:00,30005.25,30015.25,29993.25,30013.5,571
2026-06-29T13:46:00-04:00,30013.5,30015.0,30006.5,30010.75,344
2026-06-29T13:47:00-04:00,30011.5,30024.25,30009.5,30022.25,502
2026-06-29T13:48:00-04:00,30022.0,30025.25,30017.0,30019.0,412
2026-06-29T13:49:00-04:00,30019.25,30023.0,30015.0,30021.25,315
2026-06-29T13:50:00-04:00,30021.5,30022.75,30006.0,30006.25,464
2026-06-29T13:51:00-04:00,30008.5,30017.25,30008.25,30016.0,261
2026-06-29T13:52:00-04:00,30016.25,30025.75,30013.75,30024.25,388
2026-06-29T13:53:00-04:00,30023.25,30028.5,30016.25,30020.5,386
2026-06-29T13:54:00-04:00,30021.0,30029.75,30016.0,30017.0,429
2026-06-29T13:55:00-04:00,30016.75,30024.75,30015.75,30024.0,332
2026-06-29T13:56:00-04:00,30023.75,30029.0,30017.75,30020.0,354
2026-06-29T13:57:00-04:00,30019.25,30022.75,30004.25,30009.0,541
2026-06-29T13:58:00-04:00,30011.0,30011.75,29989.75,30000.5,810
2026-06-29T13:59:00-04:00,30001.0,30011.25,29999.0,30003.5,435
2026-06-29T14:00:00-04:00,30004.0,30006.5,29993.0,29995.75,610
2026-06-29T14:01:00-04:00,29995.25,30017.75,29993.5,30013.5,566
2026-06-29T14:02:00-04:00,30013.5,30015.75,30009.25,30010.0,327
2026-06-29T14:03:00-04:00,30009.25,30018.0,30007.75,30015.0,308
2026-06-29T14:04:00-04:00,30015.75,30021.75,30007.5,30013.75,445
2026-06-29T14:05:00-04:00,30013.5,30024.25,30012.75,30018.5,520
2026-06-29T14:06:00-04:00,30020.0,30020.75,30011.5,30017.25,475
2026-06-29T14:07:00-04:00,30017.75,30019.75,30011.75,30016.25,325
2026-06-29T14:08:00-04:00,30015.25,30017.75,30003.75,30016.25,562
2026-06-29T14:09:00-04:00,30017.0,30017.75,30005.75,30010.5,367
2026-06-29T14:10:00-04:00,30010.25,30020.75,30007.5,30015.0,488
2026-06-29T14:11:00-04:00,30016.25,30017.5,30006.75,30010.75,365
2026-06-29T14:12:00-04:00,30010.25,30015.5,30006.5,30014.5,377
2026-06-29T14:13:00-04:00,30014.5,30021.25,30014.0,30020.0,436
2026-06-29T14:14:00-04:00,30019.75,30023.0,30017.75,30021.0,385
2026-06-29T14:15:00-04:00,30020.5,30024.75,30015.5,30021.75,466
2026-06-29T14:16:00-04:00,30022.25,30023.25,30009.5,30010.75,573
2026-06-29T14:17:00-04:00,30010.0,30017.5,30008.25,30009.25,439
2026-06-29T14:18:00-04:00,30009.75,30018.5,30009.25,30013.0,424
2026-06-29T14:19:00-04:00,30013.75,30024.0,30013.5,30017.75,451
2026-06-29T14:20:00-04:00,30017.5,30017.5,29996.0,30013.5,723
2026-06-29T14:21:00-04:00,30014.5,30014.5,30001.25,30010.75,384
2026-06-29T14:22:00-04:00,30011.75,30022.75,30009.75,30016.25,359
2026-06-29T14:23:00-04:00,30016.75,30018.5,30006.0,30009.5,301
2026-06-29T14:24:00-04:00,30009.25,30011.0,30000.5,30003.5,346
2026-06-29T14:25:00-04:00,30003.5,30004.0,29994.5,29996.0,494
2026-06-29T14:26:00-04:00,29996.25,30001.25,29995.0,29997.5,440
2026-06-29T14:27:00-04:00,29999.25,30004.5,29992.0,29999.5,376
2026-06-29T14:28:00-04:00,29999.0,30001.25,29988.0,29991.0,385
2026-06-29T14:29:00-04:00,29991.5,29996.75,29986.5,29992.25,491
2026-06-29T14:30:00-04:00,29992.25,30002.25,29988.75,29996.75,666
2026-06-29T14:31:00-04:00,29996.75,30009.75,29995.75,30001.75,513
2026-06-29T14:32:00-04:00,30002.25,30017.25,30002.0,30015.75,664
2026-06-29T14:33:00-04:00,30016.0,30019.5,30012.0,30019.5,275
2026-06-29T14:34:00-04:00,30019.5,30026.5,30016.75,30023.0,482
2026-06-29T14:35:00-04:00,30023.25,30044.25,30023.25,30028.25,1008
2026-06-29T14:36:00-04:00,30028.0,30037.75,30025.25,30036.0,563
2026-06-29T14:37:00-04:00,30035.5,30038.75,30024.75,30026.75,555
2026-06-29T14:38:00-04:00,30027.5,30035.25,30018.5,30032.75,516
2026-06-29T14:39:00-04:00,30033.0,30039.0,30030.75,30039.0,302
2026-06-29T14:40:00-04:00,30039.5,30048.0,30037.25,30045.25,559
2026-06-29T14:41:00-04:00,30045.25,30047.75,30037.75,30043.5,433
2026-06-29T14:42:00-04:00,30043.75,30047.25,30037.75,30046.25,514
2026-06-29T14:43:00-04:00,30047.0,30050.0,30041.25,30047.0,470
2026-06-29T14:44:00-04:00,30047.25,30057.0,30044.75,30053.75,733
2026-06-29T14:45:00-04:00,30054.25,30066.0,30053.5,30062.25,865
2026-06-29T14:46:00-04:00,30063.25,30069.5,30056.75,30057.25,668
2026-06-29T14:47:00-04:00,30057.5,30060.5,30049.25,30051.5,486
2026-06-29T14:48:00-04:00,30053.0,30058.5,30046.75,30055.75,483
2026-06-29T14:49:00-04:00,30056.0,30056.5,30049.25,30050.25,395
2026-06-29T14:50:00-04:00,30049.5,30052.25,30038.5,30042.0,625
2026-06-29T14:51:00-04:00,30042.0,30047.75,30033.0,30043.5,656
2026-06-29T14:52:00-04:00,30043.25,30046.0,30032.0,30035.25,556
2026-06-29T14:53:00-04:00,30035.5,30046.75,30034.75,30045.0,367
2026-06-29T14:54:00-04:00,30045.75,30048.75,30038.25,30045.25,379
2026-06-29T14:55:00-04:00,30045.25,30048.5,30034.5,30038.25,467
2026-06-29T14:56:00-04:00,30038.25,30042.5,30035.0,30036.75,451
2026-06-29T14:57:00-04:00,30037.5,30039.5,30028.25,30033.0,494
2026-06-29T14:58:00-04:00,30033.25,30036.0,30026.5,30034.25,408
2026-06-29T14:59:00-04:00,30034.25,30034.75,30025.75,30032.25,490
2026-06-29T15:00:00-04:00,30032.75,30037.0,30016.5,30026.5,1083
2026-06-29T15:01:00-04:00,30027.0,30045.0,30022.25,30030.0,773
2026-06-29T15:02:00-04:00,30030.0,30033.25,30007.25,30017.25,913
2026-06-29T15:03:00-04:00,30018.25,30019.0,30007.0,30012.0,574
2026-06-29T15:04:00-04:00,30012.25,30016.75,30003.75,30005.5,615
2026-06-29T15:05:00-04:00,30005.0,30011.75,29997.0,30008.75,916
2026-06-29T15:06:00-04:00,30008.5,30020.25,30000.75,30019.25,963
2026-06-29T15:07:00-04:00,30019.75,30038.0,30018.75,30034.5,1288
2026-06-29T15:08:00-04:00,30034.0,30034.0,30024.75,30029.0,542
2026-06-29T15:09:00-04:00,30028.5,30034.25,30021.0,30022.75,446
2026-06-29T15:10:00-04:00,30022.5,30026.75,30014.75,30022.25,596
2026-06-29T15:11:00-04:00,30022.5,30029.75,30018.5,30019.75,506
2026-06-29T15:12:00-04:00,30020.25,30024.75,30011.25,30014.0,469
2026-06-29T15:13:00-04:00,30013.75,30020.75,30011.25,30012.25,358
2026-06-29T15:14:00-04:00,30011.75,30017.0,30008.25,30013.75,347
2026-06-29T15:15:00-04:00,30013.5,30021.0,30006.25,30013.5,524
2026-06-29T15:16:00-04:00,30013.5,30028.75,30013.25,30027.5,600
2026-06-29T15:17:00-04:00,30026.0,30028.0,30017.5,30022.25,510
2026-06-29T15:18:00-04:00,30021.0,30034.0,30020.0,30027.25,441
2026-06-29T15:19:00-04:00,30027.75,30028.5,30022.25,30022.5,380
2026-06-29T15:20:00-04:00,30022.75,30043.0,30022.75,30041.25,590
2026-06-29T15:21:00-04:00,30041.0,30045.5,30032.5,30039.25,658
2026-06-29T15:22:00-04:00,30040.5,30050.75,30039.0,30050.0,722
2026-06-29T15:23:00-04:00,30049.25,30058.5,30048.0,30056.5,760
2026-06-29T15:24:00-04:00,30056.25,30057.25,30046.0,30047.0,568
2026-06-29T15:25:00-04:00,30047.25,30050.75,30034.0,30036.75,797
2026-06-29T15:26:00-04:00,30037.25,30040.25,30028.0,30030.0,768
2026-06-29T15:27:00-04:00,30030.0,30036.0,30028.75,30033.25,420
2026-06-29T15:28:00-04:00,30032.0,30035.75,30029.0,30032.0,329
2026-06-29T15:29:00-04:00,30032.5,30033.5,30024.0,30025.0,667
2026-06-29T15:30:00-04:00,30025.5,30030.5,30016.5,30018.75,880
2026-06-29T15:31:00-04:00,30018.25,30021.0,30013.25,30016.25,529
2026-06-29T15:32:00-04:00,30016.0,30020.0,30011.75,30019.0,476
2026-06-29T15:33:00-04:00,30018.0,30019.0,30009.25,30011.5,622
2026-06-29T15:34:00-04:00,30010.75,30012.25,30004.25,30008.0,649
2026-06-29T15:35:00-04:00,30008.25,30028.0,30007.5,30023.0,794
2026-06-29T15:36:00-04:00,30022.5,30025.75,30014.0,30023.5,477
2026-06-29T15:37:00-04:00,30023.25,30026.75,30014.75,30020.75,366
2026-06-29T15:38:00-04:00,30021.5,30025.75,30019.0,30020.0,347
2026-06-29T15:39:00-04:00,30020.25,30032.0,30017.25,30031.75,477
2026-06-29T15:40:00-04:00,30032.0,30047.25,30029.0,30039.25,705
2026-06-29T15:41:00-04:00,30039.0,30040.5,30031.0,30032.5,460
2026-06-29T15:42:00-04:00,30032.0,30032.0,30014.0,30020.5,708
2026-06-29T15:43:00-04:00,30021.5,30022.75,30010.0,30016.0,400
2026-06-29T15:44:00-04:00,30016.25,30020.75,30007.75,30020.75,616
2026-06-29T15:45:00-04:00,30020.0,30030.5,30015.25,30020.5,662
2026-06-29T15:46:00-04:00,30020.5,30028.5,30016.25,30021.75,710
2026-06-29T15:47:00-04:00,30022.25,30027.0,30014.75,30017.5,547
2026-06-29T15:48:00-04:00,30017.0,30022.75,30014.75,30015.75,565
2026-06-29T15:49:00-04:00,30014.75,30025.25,30014.5,30022.0,516
2026-06-29T15:50:00-04:00,30023.0,30029.5,29981.25,29984.25,2162
2026-06-29T15:51:00-04:00,29984.0,29992.25,29978.75,29980.5,962
2026-06-29T15:52:00-04:00,29980.25,29990.0,29976.5,29977.0,1062
2026-06-29T15:53:00-04:00,29977.5,29998.5,29973.75,29986.5,1285
2026-06-29T15:54:00-04:00,29985.25,29999.5,29980.5,29991.0,1269
2026-06-29T15:55:00-04:00,29991.75,30021.5,29991.75,30006.5,1499
2026-06-29T15:56:00-04:00,30006.5,30013.25,30000.0,30009.0,1238
2026-06-29T15:57:00-04:00,30008.25,30019.5,30005.75,30016.0,1000
2026-06-29T15:58:00-04:00,30015.75,30048.75,30015.25,30043.0,2517
2026-06-29T15:59:00-04:00,30043.0,30069.0,30037.5,30047.5,9369
2026-06-29T16:00:00-04:00,30046.25,30051.75,29995.5,30010.25,4502
2026-06-29T16:01:00-04:00,30009.75,30027.0,30006.0,30023.75,1670
2026-06-29T16:02:00-04:00,30023.5,30029.25,30012.25,30027.5,807
2026-06-29T16:03:00-04:00,30026.75,30046.25,30016.25,30045.25,967
2026-06-29T16:04:00-04:00,30044.75,30046.0,30025.25,30031.0,497
2026-06-29T16:05:00-04:00,30030.5,30033.75,30016.25,30025.75,808
2026-06-29T16:06:00-04:00,30023.75,30026.0,30017.75,30021.25,326
2026-06-29T16:07:00-04:00,30020.25,30032.0,30019.75,30030.75,250
2026-06-29T16:08:00-04:00,30030.0,30030.25,30025.0,30027.5,152
2026-06-29T16:09:00-04:00,30028.0,30035.25,30023.25,30031.5,310
2026-06-29T16:10:00-04:00,30031.0,30037.5,30025.25,30026.75,315
2026-06-29T16:11:00-04:00,30026.75,30031.75,30020.0,30023.75,371
2026-06-29T16:12:00-04:00,30024.5,30029.25,30024.25,30027.5,138
2026-06-29T16:13:00-04:00,30027.5,30031.25,30024.25,30026.5,143
2026-06-29T16:14:00-04:00,30026.0,30029.75,30022.5,30025.75,292
2026-06-29T16:15:00-04:00,30025.5,30027.5,30021.0,30025.5,139
2026-06-29T16:16:00-04:00,30025.0,30025.75,30022.0,30023.0,80
2026-06-29T16:17:00-04:00,30022.25,30025.25,30017.75,30023.5,234
2026-06-29T16:18:00-04:00,30023.0,30023.0,30016.0,30016.75,228
2026-06-29T16:19:00-04:00,30017.5,30021.75,30017.5,30019.75,88
2026-06-29T16:20:00-04:00,30020.75,30027.75,30020.75,30026.25,149
2026-06-29T16:21:00-04:00,30026.75,30031.0,30025.75,30026.25,74
2026-06-29T16:22:00-04:00,30026.5,30029.5,30026.25,30028.0,45
2026-06-29T16:23:00-04:00,30028.25,30029.5,30025.0,30028.75,85
2026-06-29T16:24:00-04:00,30028.5,30037.0,30028.25,30030.5,204
2026-06-29T16:25:00-04:00,30029.75,30032.5,30028.5,30030.25,78
2026-06-29T16:26:00-04:00,30030.0,30033.5,30028.5,30030.5,122
2026-06-29T16:27:00-04:00,30030.5,30030.5,30023.75,30027.5,113
2026-06-29T16:28:00-04:00,30027.25,30028.5,30024.75,30024.75,97
2026-06-29T16:29:00-04:00,30024.5,30026.0,30020.0,30020.5,177
2026-06-29T16:30:00-04:00,30021.0,30021.5,30012.25,30016.5,179
2026-06-29T16:31:00-04:00,30017.0,30018.5,30011.5,30013.75,147
2026-06-29T16:32:00-04:00,30013.25,30014.75,30011.5,30012.75,54
2026-06-29T16:33:00-04:00,30011.75,30014.25,30009.25,30012.25,73
2026-06-29T16:34:00-04:00,30012.25,30016.0,30010.0,30015.25,167
2026-06-29T16:35:00-04:00,30014.25,30016.5,30008.25,30009.0,91
2026-06-29T16:36:00-04:00,30009.75,30010.75,30003.5,30004.25,132
2026-06-29T16:37:00-04:00,30004.5,30005.0,29997.0,30003.0,161
2026-06-29T16:38:00-04:00,30003.5,30005.0,30000.0,30001.75,57
2026-06-29T16:39:00-04:00,30000.75,30004.25,29999.5,30002.0,44
2026-06-29T16:40:00-04:00,30001.0,30003.25,30000.0,30001.75,41
2026-06-29T16:41:00-04:00,30000.75,30001.25,29995.25,29998.75,83
2026-06-29T16:42:00-04:00,29999.0,30004.5,29999.0,30002.5,71
2026-06-29T16:43:00-04:00,30002.25,30005.75,30002.25,30003.0,51
2026-06-29T16:44:00-04:00,30003.25,30005.5,30001.25,30004.0,59
2026-06-29T16:45:00-04:00,30005.0,30005.75,30001.25,30004.25,115
2026-06-29T16:46:00-04:00,30004.5,30006.0,30002.0,30002.0,41
2026-06-29T16:47:00-04:00,30002.0,30004.0,30000.0,30001.25,61
2026-06-29T16:48:00-04:00,30000.75,30002.5,29993.0,30002.25,125
2026-06-29T16:49:00-04:00,30001.25,30006.25,29999.5,30003.0,165
2026-06-29T16:50:00-04:00,30003.0,30008.25,30000.5,30003.25,102
2026-06-29T16:51:00-04:00,30004.25,30006.0,30002.0,30003.25,65
2026-06-29T16:52:00-04:00,30001.75,30005.0,30001.75,30003.75,42
2026-06-29T16:53:00-04:00,30002.75,30003.25,30002.0,30003.25,13
2026-06-29T16:54:00-04:00,30004.0,30007.5,30002.75,30002.75,54
2026-06-29T16:55:00-04:00,30003.0,30014.5,30000.5,30012.0,123
2026-06-29T16:56:00-04:00,30011.75,30014.25,30004.5,30005.75,89
2026-06-29T16:57:00-04:00,30005.0,30007.5,30004.25,30007.5,31
2026-06-29T16:58:00-04:00,30007.0,30010.75,30007.0,30008.5,34
2026-06-29T16:59:00-04:00,30007.5,30010.0,29991.25,29995.0,285
2026-06-29T18:00:00-04:00,30007.25,30011.25,29977.5,29991.75,0
2026-06-29T18:01:00-04:00,29992.25,29994.5,29976.25,29977.75,288
2026-06-29T18:02:00-04:00,29980.0,29986.5,29970.25,29982.0,265
2026-06-29T18:03:00-04:00,29984.0,30006.25,29984.0,29998.5,243
2026-06-29T18:04:00-04:00,29999.5,30013.75,29984.75,29989.25,179
2026-06-29T18:05:00-04:00,29990.5,30029.5,29985.75,30017.25,394
2026-06-29T18:06:00-04:00,30014.75,30014.75,29987.5,29997.5,163
2026-06-29T18:07:00-04:00,29998.25,30002.0,29991.75,29999.0,35
2026-06-29T18:08:00-04:00,29995.25,30004.5,29991.25,30004.0,37
2026-06-29T18:09:00-04:00,30002.5,30024.5,30002.5,30022.75,227
2026-06-29T18:10:00-04:00,30022.0,30033.25,30020.0,30026.0,191
2026-06-29T18:11:00-04:00,30027.5,30029.5,30021.75,30024.5,124
2026-06-29T18:12:00-04:00,30022.75,30022.75,30007.75,30011.5,135
2026-06-29T18:13:00-04:00,30015.5,30018.0,30005.75,30010.75,90
2026-06-29T18:14:00-04:00,30009.5,30012.5,30008.0,30012.5,23
2026-06-29T18:15:00-04:00,30012.5,30018.75,30009.25,30013.75,45
2026-06-29T18:16:00-04:00,30014.0,30015.0,30011.25,30013.25,29
2026-06-29T18:17:00-04:00,30013.25,30016.25,30009.5,30014.0,43
2026-06-29T18:18:00-04:00,30013.0,30013.0,30003.5,30008.25,73
2026-06-29T18:19:00-04:00,30007.5,30024.0,30007.25,30022.5,90
2026-06-29T18:20:00-04:00,30021.5,30035.5,30021.5,30029.0,173
2026-06-29T18:21:00-04:00,30028.5,30030.75,30026.25,30028.75,32
2026-06-29T18:22:00-04:00,30030.5,30034.0,30028.0,30032.5,32
2026-06-29T18:23:00-04:00,30031.0,30033.75,30028.5,30029.5,22
2026-06-29T18:24:00-04:00,30028.0,30028.75,30020.25,30020.5,112
2026-06-29T18:25:00-04:00,30020.25,30028.5,30018.25,30022.5,94
2026-06-29T18:26:00-04:00,30020.5,30020.5,30010.75,30015.25,112
2026-06-29T18:27:00-04:00,30015.0,30016.75,30011.5,30012.5,25
2026-06-29T18:28:00-04:00,30014.75,30017.0,30012.0,30014.75,24
2026-06-29T18:29:00-04:00,30013.0,30013.0,30005.75,30010.75,84
2026-06-29T18:30:00-04:00,30012.0,30017.0,30007.25,30011.75,93
2026-06-29T18:31:00-04:00,30010.0,30010.0,29999.25,30002.75,134
2026-06-29T18:32:00-04:00,30001.75,30002.0,29995.75,30000.0,74
2026-06-29T18:33:00-04:00,29998.25,29999.5,29991.5,29995.25,124
2026-06-29T18:34:00-04:00,29995.5,30000.25,29994.75,29997.75,78
2026-06-29T18:35:00-04:00,29996.75,30002.0,29995.5,29997.75,50
2026-06-29T18:36:00-04:00,29997.0,29999.25,29995.0,29998.75,19
2026-06-29T18:37:00-04:00,29998.75,29999.5,29994.5,29995.75,25
2026-06-29T18:38:00-04:00,29998.0,30003.5,29996.0,30000.75,37
2026-06-29T18:39:00-04:00,30000.5,30002.5,30000.0,30001.75,23
2026-06-29T18:40:00-04:00,30000.5,30005.75,29998.75,30002.0,54
2026-06-29T18:41:00-04:00,30001.0,30016.0,29997.25,30012.5,165
2026-06-29T18:42:00-04:00,30011.5,30023.5,30011.5,30018.5,152
2026-06-29T18:43:00-04:00,30020.5,30029.25,30018.25,30025.5,94
2026-06-29T18:44:00-04:00,30025.0,30026.5,30019.0,30021.0,44
2026-06-29T18:45:00-04:00,30022.75,30024.25,30019.25,30020.25,21
2026-06-29T18:46:00-04:00,30020.0,30024.25,30017.25,30023.0,114
2026-06-29T18:47:00-04:00,30020.0,30021.0,30015.75,30018.0,31
2026-06-29T18:48:00-04:00,30015.75,30018.5,30014.0,30016.5,21
2026-06-29T18:49:00-04:00,30015.5,30017.25,30012.75,30016.25,25
2026-06-29T18:50:00-04:00,30013.75,30013.75,30007.5,30010.5,86
2026-06-29T18:51:00-04:00,30009.5,30009.5,30003.0,30008.75,103
2026-06-29T18:52:00-04:00,30008.0,30008.5,30004.75,30005.5,9
2026-06-29T18:53:00-04:00,30006.25,30009.0,30003.5,30005.25,43
2026-06-29T18:54:00-04:00,30006.0,30016.0,30004.25,30015.0,60
2026-06-29T18:55:00-04:00,30015.25,30015.75,30010.75,30010.75,18
2026-06-29T18:56:00-04:00,30009.75,30009.75,30005.5,30008.0,54
2026-06-29T18:57:00-04:00,30008.0,30011.25,30006.25,30009.75,39
2026-06-29T18:58:00-04:00,30011.25,30011.75,30009.0,30010.5,14
2026-06-29T18:59:00-04:00,30011.25,30012.25,30009.75,30012.25,21
2026-06-29T19:00:00-04:00,30011.25,30014.5,30006.25,30006.25,73
2026-06-29T19:01:00-04:00,30006.0,30013.0,30006.0,30011.25,39
2026-06-29T19:02:00-04:00,30011.75,30019.25,30011.75,30015.75,65
2026-06-29T19:03:00-04:00,30015.25,30018.25,30014.25,30016.0,36
2026-06-29T19:04:00-04:00,30017.5,30023.25,30015.75,30022.75,44
2026-06-29T19:05:00-04:00,30021.0,30022.0,30017.25,30021.25,73
2026-06-29T19:06:00-04:00,30020.5,30024.75,30019.0,30024.25,45
2026-06-29T19:07:00-04:00,30024.75,30027.5,30024.0,30025.5,63
2026-06-29T19:08:00-04:00,30025.0,30027.5,30022.5,30025.75,45
2026-06-29T19:09:00-04:00,30025.0,30038.0,30025.0,30036.25,205
2026-06-29T19:10:00-04:00,30037.5,30045.75,30033.25,30040.5,317
2026-06-29T19:11:00-04:00,30041.0,30044.5,30039.75,30039.75,80
2026-06-29T19:12:00-04:00,30039.5,30039.75,30025.25,30029.5,151
2026-06-29T19:13:00-04:00,30029.25,30034.0,30027.75,30028.0,23
2026-06-29T19:14:00-04:00,30030.0,30032.5,30027.5,30030.0,37
2026-06-29T19:15:00-04:00,30031.0,30033.75,30025.0,30028.25,64
2026-06-29T19:16:00-04:00,30029.25,30038.25,30029.25,30035.5,60
2026-06-29T19:17:00-04:00,30036.5,30041.25,30036.0,30036.75,73
2026-06-29T19:18:00-04:00,30037.25,30042.25,30033.75,30033.75,87
2026-06-29T19:19:00-04:00,30032.5,30033.5,30030.25,30033.5,29
2026-06-29T19:20:00-04:00,30032.75,30035.75,30032.75,30035.75,19
2026-06-29T19:21:00-04:00,30036.0,30040.5,30034.25,30034.25,29
2026-06-29T19:22:00-04:00,30035.0,30035.25,30033.25,30033.5,12
2026-06-29T19:23:00-04:00,30033.5,30033.75,30023.75,30026.0,82
2026-06-29T19:24:00-04:00,30025.25,30029.0,30024.0,30027.75,67
2026-06-29T19:25:00-04:00,30027.75,30031.5,30027.75,30031.5,44
2026-06-29T19:26:00-04:00,30031.5,30033.0,30029.0,30029.0,18
2026-06-29T19:27:00-04:00,30032.0,30040.0,30032.0,30036.5,93
2026-06-29T19:28:00-04:00,30036.25,30043.0,30034.5,30041.5,87
2026-06-29T19:29:00-04:00,30041.0,30042.5,30035.75,30035.75,40
2026-06-29T19:30:00-04:00,30035.0,30042.75,30026.0,30040.0,84
2026-06-29T19:31:00-04:00,30038.75,30041.0,30037.25,30039.5,66
2026-06-29T19:32:00-04:00,30041.0,30043.0,30038.5,30040.0,20
2026-06-29T19:33:00-04:00,30038.25,30050.75,30038.25,30049.0,73
2026-06-29T19:34:00-04:00,30049.25,30053.25,30047.25,30052.0,108
2026-06-29T19:35:00-04:00,30051.75,30052.0,30049.0,30049.25,56
2026-06-29T19:36:00-04:00,30049.0,30049.0,30044.5,30046.0,87
2026-06-29T19:37:00-04:00,30047.25,30054.0,30047.25,30048.25,80
2026-06-29T19:38:00-04:00,30048.75,30048.75,30044.5,30046.5,54
2026-06-29T19:39:00-04:00,30046.5,30048.25,30041.75,30043.25,58
2026-06-29T19:40:00-04:00,30042.0,30046.0,30040.75,30043.5,43
2026-06-29T19:41:00-04:00,30046.5,30050.0,30044.75,30047.0,39
2026-06-29T19:42:00-04:00,30048.25,30049.5,30040.75,30043.75,29
2026-06-29T19:43:00-04:00,30044.75,30046.75,30042.75,30042.75,27
2026-06-29T19:44:00-04:00,30040.5,30046.75,30040.0,30044.0,30
2026-06-29T19:45:00-04:00,30044.25,30044.5,30032.0,30037.75,147
2026-06-29T19:46:00-04:00,30038.0,30044.5,30032.5,30040.5,81
2026-06-29T19:47:00-04:00,30039.25,30039.25,30035.0,30037.75,27
2026-06-29T19:48:00-04:00,30038.0,30038.5,30026.75,30028.5,157
2026-06-29T19:49:00-04:00,30028.5,30031.25,30022.25,30031.25,150
2026-06-29T19:50:00-04:00,30032.0,30036.5,30025.0,30025.0,65
2026-06-29T19:51:00-04:00,30027.25,30028.0,30023.0,30024.25,43
2026-06-29T19:52:00-04:00,30023.75,30026.25,30020.25,30025.5,48
2026-06-29T19:53:00-04:00,30025.5,30027.25,30018.0,30021.5,58
2026-06-29T19:54:00-04:00,30020.5,30030.5,30019.0,30029.75,78
2026-06-29T19:55:00-04:00,30029.75,30042.25,30027.5,30038.25,113
2026-06-29T19:56:00-04:00,30039.5,30040.0,30034.5,30037.5,31
2026-06-29T19:57:00-04:00,30037.75,30046.0,30036.0,30040.75,54
2026-06-29T19:58:00-04:00,30040.5,30044.75,30037.75,30040.0,44
2026-06-29T19:59:00-04:00,30036.5,30050.5,30034.0,30041.0,166
2026-06-29T20:00:00-04:00,30040.0,30040.5,30012.75,30022.0,263
2026-06-29T20:01:00-04:00,30023.0,30029.25,30010.5,30018.5,141
2026-06-29T20:02:00-04:00,30018.5,30033.0,30017.75,30022.5,101
2026-06-29T20:03:00-04:00,30023.75,30032.25,30017.25,30023.25,128
2026-06-29T20:04:00-04:00,30022.0,30053.75,30019.0,30050.75,179
2026-06-29T20:05:00-04:00,30052.0,30063.5,30046.25,30061.0,284
2026-06-29T20:06:00-04:00,30061.75,30080.0,30061.75,30070.0,401
2026-06-29T20:07:00-04:00,30069.25,30072.0,30053.25,30068.25,179
2026-06-29T20:08:00-04:00,30068.25,30071.25,30051.75,30058.25,88
2026-06-29T20:09:00-04:00,30060.25,30064.75,30048.75,30048.75,76
2026-06-29T20:10:00-04:00,30048.75,30053.75,30035.75,30048.75,166
2026-06-29T20:11:00-04:00,30050.0,30071.0,30048.5,30068.75,179
2026-06-29T20:12:00-04:00,30068.0,30085.0,30065.5,30081.75,200
2026-06-29T20:13:00-04:00,30080.0,30082.0,30061.0,30067.25,172
2026-06-29T20:14:00-04:00,30068.75,30070.75,30062.5,30066.5,68
2026-06-29T20:15:00-04:00,30065.0,30074.25,30055.5,30070.5,177
2026-06-29T20:16:00-04:00,30068.5,30080.0,30063.75,30074.0,116
2026-06-29T20:17:00-04:00,30073.75,30086.0,30073.5,30083.0,120
2026-06-29T20:18:00-04:00,30082.0,30082.5,30061.5,30064.0,150
2026-06-29T20:19:00-04:00,30062.25,30067.25,30058.75,30062.25,148
2026-06-29T20:20:00-04:00,30062.5,30068.5,30050.25,30051.5,102
2026-06-29T20:21:00-04:00,30048.75,30058.75,30040.75,30044.0,155
2026-06-29T20:22:00-04:00,30046.25,30051.5,30034.75,30045.25,155
2026-06-29T20:23:00-04:00,30047.25,30050.0,30031.0,30034.5,102
2026-06-29T20:24:00-04:00,30034.0,30046.25,30026.25,30044.75,176
2026-06-29T20:25:00-04:00,30045.5,30050.0,30039.0,30042.0,60
2026-06-29T20:26:00-04:00,30040.75,30047.5,30033.75,30042.75,74
2026-06-29T20:27:00-04:00,30039.0,30040.0,30015.5,30016.0,182
2026-06-29T20:28:00-04:00,30017.5,30017.5,29990.0,29991.75,395
2026-06-29T20:29:00-04:00,29990.75,29998.25,29986.5,29997.75,181
2026-06-29T20:30:00-04:00,29997.25,30003.5,29964.25,29972.0,500
2026-06-29T20:31:00-04:00,29971.0,29976.5,29956.5,29962.0,268
2026-06-29T20:32:00-04:00,29962.5,29970.5,29938.25,29962.25,624
2026-06-29T20:33:00-04:00,29963.0,29972.25,29960.0,29965.5,162
2026-06-29T20:34:00-04:00,29964.75,29967.25,29956.25,29966.75,154
2026-06-29T20:35:00-04:00,29964.75,29976.0,29954.5,29973.0,200
2026-06-29T20:36:00-04:00,29972.25,29976.75,29954.5,29958.0,248
2026-06-29T20:37:00-04:00,29959.25,29961.25,29949.25,29958.25,206
2026-06-29T20:38:00-04:00,29957.25,29962.5,29949.0,29961.5,91
2026-06-29T20:39:00-04:00,29960.75,29968.0,29955.25,29964.75,125
2026-06-29T20:40:00-04:00,29967.5,29982.5,29967.0,29971.25,264
2026-06-29T20:41:00-04:00,29969.5,29972.25,29954.5,29957.5,251
2026-06-29T20:42:00-04:00,29955.75,29956.25,29938.5,29941.75,228
2026-06-29T20:43:00-04:00,29941.5,29949.75,29939.25,29944.0,176
2026-06-29T20:44:00-04:00,29943.75,29949.0,29936.25,29942.25,152
2026-06-29T20:45:00-04:00,29942.25,29951.0,29934.75,29948.0,252
2026-06-29T20:46:00-04:00,29947.25,29986.0,29945.5,29980.75,509
2026-06-29T20:47:00-04:00,29978.5,29979.25,29966.75,29976.0,169
2026-06-29T20:48:00-04:00,29974.0,29994.5,29972.25,29977.0,278
2026-06-29T20:49:00-04:00,29980.0,29990.0,29974.75,29988.5,180
2026-06-29T20:50:00-04:00,29990.0,29998.0,29977.0,29977.0,210
2026-06-29T20:51:00-04:00,29980.0,30000.25,29980.0,30000.25,141
2026-06-29T20:52:00-04:00,29998.5,30012.25,29996.0,30009.5,205
2026-06-29T20:53:00-04:00,30009.0,30015.0,29998.75,30007.5,162
2026-06-29T20:54:00-04:00,30007.25,30011.25,29999.75,30008.25,131
2026-06-29T20:55:00-04:00,30010.0,30010.5,30002.0,30004.25,83
2026-06-29T20:56:00-04:00,30009.75,30015.5,29998.75,30000.0,123
2026-06-29T20:57:00-04:00,29998.0,30005.5,29993.25,30002.5,127
2026-06-29T20:58:00-04:00,30003.25,30010.5,29998.75,30009.25,94
2026-06-29T20:59:00-04:00,30007.25,30011.25,30003.0,30009.5,58
2026-06-29T21:00:00-04:00,30010.75,30020.0,29975.5,29979.75,321
2026-06-29T21:01:00-04:00,29979.0,29984.75,29971.75,29977.0,173
2026-06-29T21:02:00-04:00,29978.0,29985.75,29966.75,29970.0,233
2026-06-29T21:03:00-04:00,29969.5,29978.75,29963.25,29976.75,252
2026-06-29T21:04:00-04:00,29975.5,29984.5,29973.25,29980.5,145
2026-06-29T21:05:00-04:00,29979.75,29982.0,29971.25,29978.0,134
2026-06-29T21:06:00-04:00,29976.75,29980.0,29966.75,29970.5,146
2026-06-29T21:07:00-04:00,29971.0,29975.0,29964.5,29971.0,114
2026-06-29T21:08:00-04:00,29972.25,29985.5,29961.75,29979.5,191
2026-06-29T21:09:00-04:00,29978.25,29981.75,29960.0,29961.75,188
2026-06-29T21:10:00-04:00,29963.0,29967.0,29957.25,29960.25,117
2026-06-29T21:11:00-04:00,29962.5,29965.0,29955.25,29960.25,76
2026-06-29T21:12:00-04:00,29961.5,29975.0,29959.0,29959.5,122
2026-06-29T21:13:00-04:00,29958.0,29960.5,29951.0,29955.0,130
2026-06-29T21:14:00-04:00,29957.75,29971.5,29955.5,29968.0,99
2026-06-29T21:15:00-04:00,29968.0,29977.25,29960.0,29969.0,215
2026-06-29T21:16:00-04:00,29968.5,29972.75,29961.0,29971.5,73
2026-06-29T21:17:00-04:00,29972.0,29981.25,29962.25,29967.75,160
2026-06-29T21:18:00-04:00,29963.75,29984.75,29963.75,29982.25,100
2026-06-29T21:19:00-04:00,29984.0,29995.5,29983.5,29991.0,159
2026-06-29T21:20:00-04:00,29993.5,29995.25,29986.0,29991.25,141
2026-06-29T21:21:00-04:00,29989.25,29994.25,29979.5,29994.25,81
2026-06-29T21:22:00-04:00,29995.0,30008.25,29994.75,30007.25,228
2026-06-29T21:23:00-04:00,30006.75,30010.75,29997.75,30002.0,97
2026-06-29T21:24:00-04:00,30002.75,30013.75,29998.25,30005.75,76
2026-06-29T21:25:00-04:00,30001.75,30007.75,29993.75,29999.75,84
2026-06-29T21:26:00-04:00,29996.75,30028.0,29996.75,30027.0,227
2026-06-29T21:27:00-04:00,30027.0,30033.5,30025.5,30032.0,149
2026-06-29T21:28:00-04:00,30032.5,30060.75,30025.5,30048.5,301
2026-06-29T21:29:00-04:00,30047.25,30064.75,30045.0,30064.25,153
2026-06-29T21:30:00-04:00,30066.25,30070.0,30047.0,30063.5,333
2026-06-29T21:31:00-04:00,30066.5,30074.75,30060.0,30065.25,207
2026-06-29T21:32:00-04:00,30066.75,30079.25,30060.0,30075.75,246
2026-06-29T21:33:00-04:00,30075.5,30077.0,30059.5,30062.5,108
2026-06-29T21:34:00-04:00,30059.75,30062.5,30048.25,30054.5,328
2026-06-29T21:35:00-04:00,30057.25,30057.25,30040.0,30044.25,160
2026-06-29T21:36:00-04:00,30044.25,30049.0,30033.75,30036.5,241
2026-06-29T21:37:00-04:00,30037.0,30037.25,30021.75,30025.75,210
2026-06-29T21:38:00-04:00,30024.5,30033.25,30014.0,30031.5,130
2026-06-29T21:39:00-04:00,30027.5,30035.75,30025.5,30028.5,99
2026-06-29T21:40:00-04:00,30028.5,30037.25,30027.5,30034.25,153
2026-06-29T21:41:00-04:00,30035.0,30048.75,30034.5,30048.75,142
2026-06-29T21:42:00-04:00,30049.5,30054.75,30043.75,30052.25,168
2026-06-29T21:43:00-04:00,30052.5,30053.5,30041.0,30046.0,97
2026-06-29T21:44:00-04:00,30046.0,30056.5,30046.0,30048.75,113
2026-06-29T21:45:00-04:00,30048.75,30056.5,30039.25,30039.75,127
2026-06-29T21:46:00-04:00,30040.0,30040.5,30024.5,30026.0,177
2026-06-29T21:47:00-04:00,30026.75,30028.0,30015.0,30022.5,159
2026-06-29T21:48:00-04:00,30022.5,30034.75,30016.75,30032.75,110
2026-06-29T21:49:00-04:00,30032.25,30043.0,30032.25,30034.75,131
2026-06-29T21:50:00-04:00,30035.25,30044.25,30029.5,30033.25,110
2026-06-29T21:51:00-04:00,30030.25,30042.0,30030.25,30034.25,62
2026-06-29T21:52:00-04:00,30033.25,30043.75,30033.25,30042.25,92
2026-06-29T21:53:00-04:00,30043.0,30045.25,30039.25,30045.25,38
2026-06-29T21:54:00-04:00,30045.0,30049.25,30041.5,30043.25,58
2026-06-29T21:55:00-04:00,30042.0,30048.5,30040.0,30044.25,64
2026-06-29T21:56:00-04:00,30043.5,30054.0,30043.5,30051.0,100
2026-06-29T21:57:00-04:00,30051.75,30054.75,30050.0,30053.25,43
2026-06-29T21:58:00-04:00,30052.25,30052.25,30048.0,30051.0,20
2026-06-29T21:59:00-04:00,30048.0,30054.25,30046.0,30053.25,65
2026-06-29T22:00:00-04:00,30054.5,30056.75,30033.75,30035.25,139
2026-06-29T22:01:00-04:00,30033.5,30033.5,30023.0,30025.0,100
2026-06-29T22:02:00-04:00,30025.5,30031.75,30023.25,30029.75,83
2026-06-29T22:03:00-04:00,30027.75,30031.5,30018.0,30026.0,129
2026-06-29T22:04:00-04:00,30028.0,30030.75,30018.0,30019.0,119
2026-06-29T22:05:00-04:00,30022.0,30023.0,30010.75,30011.25,88
2026-06-29T22:06:00-04:00,30011.0,30025.25,30010.0,30021.5,87
2026-06-29T22:07:00-04:00,30025.75,30027.75,30018.25,30019.5,49
2026-06-29T22:08:00-04:00,30019.25,30023.5,30016.75,30020.0,46
2026-06-29T22:09:00-04:00,30018.75,30031.75,30018.75,30027.75,71
2026-06-29T22:10:00-04:00,30027.0,30027.0,30016.0,30017.5,60
2026-06-29T22:11:00-04:00,30017.75,30017.75,30006.0,30011.75,79
2026-06-29T22:12:00-04:00,30011.0,30021.75,30005.5,30019.5,87
2026-06-29T22:13:00-04:00,30016.75,30020.25,30002.25,30003.25,49
2026-06-29T22:14:00-04:00,30003.75,30008.25,30000.5,30006.25,49
2026-06-29T22:15:00-04:00,30008.25,30011.5,29989.75,29990.0,115
2026-06-29T22:16:00-04:00,29989.5,29994.0,29980.25,29982.25,116
2026-06-29T22:17:00-04:00,29981.75,29991.5,29977.5,29991.5,116
2026-06-29T22:18:00-04:00,29987.75,30000.0,29985.75,30000.0,98
2026-06-29T22:19:00-04:00,29999.0,30003.5,29997.75,29999.75,73
2026-06-29T22:20:00-04:00,29998.25,30008.0,29998.25,30000.75,68
2026-06-29T22:21:00-04:00,30001.25,30012.75,29995.75,30012.25,72
2026-06-29T22:22:00-04:00,30012.25,30022.75,30009.25,30020.5,167
2026-06-29T22:23:00-04:00,30022.0,30030.5,30020.0,30029.0,96
2026-06-29T22:24:00-04:00,30027.5,30033.5,30023.5,30031.75,130
2026-06-29T22:25:00-04:00,30031.25,30035.75,30028.25,30033.5,156
2026-06-29T22:26:00-04:00,30032.75,30038.25,30030.75,30030.75,131
2026-06-29T22:27:00-04:00,30031.0,30032.5,30021.5,30031.5,70
2026-06-29T22:28:00-04:00,30030.0,30037.25,30029.5,30033.5,47
2026-06-29T22:29:00-04:00,30035.75,30040.25,30027.25,30029.5,78
2026-06-29T22:30:00-04:00,30028.25,30033.25,30025.25,30031.5,45
2026-06-29T22:31:00-04:00,30029.0,30044.25,30026.5,30042.0,173
2026-06-29T22:32:00-04:00,30041.0,30052.0,30037.0,30039.0,217
2026-06-29T22:33:00-04:00,30039.5,30039.5,30029.25,30029.25,130
2026-06-29T22:34:00-04:00,30030.25,30033.75,30023.0,30031.25,128
2026-06-29T22:35:00-04:00,30031.5,30033.5,30026.75,30028.75,26
2026-06-29T22:36:00-04:00,30030.5,30032.25,30023.25,30030.5,49
2026-06-29T22:37:00-04:00,30029.25,30034.5,30027.5,30034.25,45
2026-06-29T22:38:00-04:00,30035.0,30035.0,30028.75,30029.5,56
2026-06-29T22:39:00-04:00,30032.25,30033.5,30030.0,30030.0,7
2026-06-29T22:40:00-04:00,30034.0,30036.25,30030.25,30030.25,18
2026-06-29T22:41:00-04:00,30030.75,30035.75,30025.0,30026.0,39
2026-06-29T22:42:00-04:00,30027.0,30031.0,30023.0,30023.25,64
2026-06-29T22:43:00-04:00,30023.25,30025.75,30018.0,30020.25,103
2026-06-29T22:44:00-04:00,30019.75,30023.25,30016.75,30022.25,89
2026-06-29T22:45:00-04:00,30023.25,30024.0,30019.25,30022.0,38
2026-06-29T22:46:00-04:00,30022.75,30027.75,30018.75,30024.5,56
2026-06-29T22:47:00-04:00,30024.5,30028.0,30022.25,30026.75,25
2026-06-29T22:48:00-04:00,30027.5,30033.75,30027.0,30031.0,101
2026-06-29T22:49:00-04:00,30030.75,30040.25,30030.75,30036.5,79
2026-06-29T22:50:00-04:00,30035.25,30037.75,30033.75,30037.0,47
2026-06-29T22:51:00-04:00,30036.5,30042.75,30035.0,30041.75,37
2026-06-29T22:52:00-04:00,30040.0,30041.5,30028.5,30030.25,35
2026-06-29T22:53:00-04:00,30029.75,30035.25,30029.75,30033.75,19
2026-06-29T22:54:00-04:00,30035.0,30036.75,30030.75,30036.75,43
2026-06-29T22:55:00-04:00,30037.0,30041.0,30035.0,30035.5,105
2026-06-29T22:56:00-04:00,30033.25,30035.5,30028.25,30031.25,100
2026-06-29T22:57:00-04:00,30032.0,30035.25,30027.0,30028.0,43
2026-06-29T22:58:00-04:00,30028.5,30029.75,30026.25,30028.0,24
2026-06-29T22:59:00-04:00,30027.0,30027.0,30016.75,30020.25,102
2026-06-29T23:00:00-04:00,30021.5,30023.25,30012.0,30012.5,102
2026-06-29T23:01:00-04:00,30013.0,30019.25,30011.0,30014.25,85
2026-06-29T23:02:00-04:00,30014.25,30019.5,30012.5,30017.75,22
2026-06-29T23:03:00-04:00,30018.75,30020.25,30017.75,30018.5,34
2026-06-29T23:04:00-04:00,30019.5,30028.0,30019.25,30023.5,92
2026-06-29T23:05:00-04:00,30024.25,30033.25,30021.0,30031.25,62
2026-06-29T23:06:00-04:00,30031.0,30040.5,30031.0,30038.0,55
2026-06-29T23:07:00-04:00,30038.0,30038.0,30033.75,30034.25,29
2026-06-29T23:08:00-04:00,30034.0,30035.0,30031.0,30035.0,24
2026-06-29T23:09:00-04:00,30034.75,30043.5,30034.75,30040.5,57
2026-06-29T23:10:00-04:00,30041.5,30041.75,30032.5,30032.5,69
2026-06-29T23:11:00-04:00,30030.0,30035.5,30030.0,30035.5,47
2026-06-29T23:12:00-04:00,30033.75,30041.0,30033.75,30038.0,49
2026-06-29T23:13:00-04:00,30038.25,30042.5,30035.0,30041.5,41
2026-06-29T23:14:00-04:00,30041.75,30045.25,30031.25,30032.5,64
2026-06-29T23:15:00-04:00,30033.25,30042.5,30033.25,30042.0,37
2026-06-29T23:16:00-04:00,30043.25,30048.25,30042.5,30048.25,54
2026-06-29T23:17:00-04:00,30047.75,30053.75,30047.75,30052.5,56
2026-06-29T23:18:00-04:00,30052.25,30056.5,30049.75,30056.25,54
2026-06-29T23:19:00-04:00,30057.25,30060.25,30052.0,30053.5,75
2026-06-29T23:20:00-04:00,30053.25,30057.5,30050.0,30056.75,66
2026-06-29T23:21:00-04:00,30055.75,30056.0,30050.0,30050.0,27
2026-06-29T23:22:00-04:00,30050.25,30052.5,30043.75,30051.75,122
2026-06-29T23:23:00-04:00,30050.5,30057.5,30050.5,30051.75,39
2026-06-29T23:24:00-04:00,30051.0,30052.25,30043.0,30047.25,56
2026-06-29T23:25:00-04:00,30042.5,30045.25,30040.25,30043.25,57
2026-06-29T23:26:00-04:00,30044.25,30050.75,30043.25,30047.25,35
2026-06-29T23:27:00-04:00,30045.75,30056.5,30043.75,30056.5,58
2026-06-29T23:28:00-04:00,30057.75,30065.0,30055.0,30064.0,119
2026-06-29T23:29:00-04:00,30063.0,30065.5,30061.5,30062.0,43
2026-06-29T23:30:00-04:00,30062.0,30077.0,30062.0,30063.25,164
2026-06-29T23:31:00-04:00,30062.75,30065.5,30057.0,30059.5,61
2026-06-29T23:32:00-04:00,30060.5,30071.75,30060.5,30069.75,39
2026-06-29T23:33:00-04:00,30071.0,30073.75,30065.75,30068.5,57
2026-06-29T23:34:00-04:00,30068.5,30080.75,30068.25,30077.25,134
2026-06-29T23:35:00-04:00,30077.25,30084.25,30073.5,30073.5,141
2026-06-29T23:36:00-04:00,30073.0,30106.75,30071.75,30103.75,436
2026-06-29T23:37:00-04:00,30103.5,30112.0,30100.0,30109.25,256
2026-06-29T23:38:00-04:00,30108.0,30116.0,30105.0,30112.5,159
2026-06-29T23:39:00-04:00,30112.5,30118.25,30112.25,30113.75,119
2026-06-29T23:40:00-04:00,30113.0,30117.25,30108.0,30116.5,60
2026-06-29T23:41:00-04:00,30115.25,30122.5,30112.0,30122.25,180
2026-06-29T23:42:00-04:00,30123.0,30129.5,30120.0,30121.0,182
2026-06-29T23:43:00-04:00,30120.25,30121.5,30114.0,30120.0,101
2026-06-29T23:44:00-04:00,30119.25,30119.75,30114.75,30117.25,42
2026-06-29T23:45:00-04:00,30116.0,30120.25,30111.25,30116.0,66
2026-06-29T23:46:00-04:00,30117.25,30119.75,30108.75,30114.75,66
2026-06-29T23:47:00-04:00,30114.25,30118.5,30109.25,30111.75,81
2026-06-29T23:48:00-04:00,30114.75,30119.75,30110.75,30111.0,43
2026-06-29T23:49:00-04:00,30110.0,30113.75,30108.5,30112.75,64
2026-06-29T23:50:00-04:00,30112.0,30126.5,30112.0,30123.25,137
2026-06-29T23:51:00-04:00,30122.5,30130.75,30120.5,30127.5,95
2026-06-29T23:52:00-04:00,30126.75,30129.0,30122.75,30122.75,63
2026-06-29T23:53:00-04:00,30122.5,30123.0,30111.0,30111.0,83
2026-06-29T23:54:00-04:00,30110.5,30113.75,30105.0,30106.0,85
2026-06-29T23:55:00-04:00,30105.5,30105.5,30091.0,30096.75,255
2026-06-29T23:56:00-04:00,30096.5,30102.0,30096.5,30098.5,74
2026-06-29T23:57:00-04:00,30097.5,30102.25,30096.75,30100.0,67
2026-06-29T23:58:00-04:00,30099.75,30105.5,30099.75,30103.0,81
2026-06-30T00:09:00-04:00,30134.0,30134.75,30128.5,30130.0,65
2026-06-30T00:10:00-04:00,30130.75,30142.25,30130.0,30133.0,97
2026-06-30T00:11:00-04:00,30132.25,30134.5,30131.0,30131.75,22
2026-06-30T00:12:00-04:00,30133.0,30134.5,30130.0,30131.25,25
2026-06-30T00:13:00-04:00,30133.0,30139.75,30133.0,30135.0,36
2026-06-30T00:14:00-04:00,30135.25,30139.75,30131.5,30138.25,56
2026-06-30T00:15:00-04:00,30139.25,30142.0,30134.0,30141.25,72
2026-06-30T00:16:00-04:00,30140.0,30140.0,30134.0,30136.5,30
2026-06-30T00:17:00-04:00,30137.5,30138.0,30131.25,30138.0,53
2026-06-30T00:18:00-04:00,30138.25,30139.25,30133.0,30135.25,51
2026-06-30T00:19:00-04:00,30135.75,30136.0,30132.0,30135.25,39
2026-06-30T00:20:00-04:00,30135.5,30141.0,30135.0,30140.5,40
2026-06-30T00:21:00-04:00,30140.75,30153.0,30140.25,30151.75,140
2026-06-30T00:22:00-04:00,30152.0,30155.0,30149.75,30152.25,88
2026-06-30T00:23:00-04:00,30152.5,30157.75,30149.75,30157.25,127
2026-06-30T00:24:00-04:00,30157.0,30157.25,30147.25,30149.25,82
2026-06-30T00:25:00-04:00,30149.25,30155.25,30148.75,30154.25,62
2026-06-30T00:26:00-04:00,30155.0,30166.75,30155.0,30165.5,231
2026-06-30T00:27:00-04:00,30164.25,30167.25,30163.0,30164.75,54
2026-06-30T00:28:00-04:00,30164.25,30167.0,30162.25,30167.0,52
2026-06-30T00:29:00-04:00,30166.75,30170.0,30162.5,30169.25,95
2026-06-30T00:30:00-04:00,30169.25,30171.75,30166.25,30169.75,84
2026-06-30T00:31:00-04:00,30169.0,30170.25,30162.5,30168.25,68
2026-06-30T00:32:00-04:00,30169.0,30171.75,30166.25,30171.25,64
2026-06-30T00:33:00-04:00,30169.75,30170.75,30164.5,30169.0,49
2026-06-30T00:34:00-04:00,30167.75,30178.0,30167.0,30177.0,112
2026-06-30T00:35:00-04:00,30176.25,30188.0,30176.25,30186.0,213
2026-06-30T00:36:00-04:00,30185.0,30193.75,30183.75,30188.25,159
2026-06-30T00:37:00-04:00,30186.75,30187.25,30181.0,30184.5,57
2026-06-30T00:38:00-04:00,30184.0,30195.5,30183.75,30193.25,85
2026-06-30T00:39:00-04:00,30193.5,30195.0,30192.25,30192.75,52
2026-06-30T00:40:00-04:00,30192.75,30192.75,30183.0,30186.25,85
2026-06-30T00:41:00-04:00,30185.5,30196.25,30185.5,30191.0,319
2026-06-30T00:42:00-04:00,30190.0,30194.5,30189.75,30191.0,87
2026-06-30T00:43:00-04:00,30191.5,30197.75,30190.0,30194.25,323
2026-06-30T00:44:00-04:00,30194.5,30202.75,30193.25,30201.5,206
2026-06-30T00:45:00-04:00,30200.5,30209.5,30198.75,30202.25,238
2026-06-30T00:46:00-04:00,30202.5,30205.25,30193.25,30194.5,182
2026-06-30T00:47:00-04:00,30193.75,30194.75,30184.25,30184.25,183
2026-06-30T00:48:00-04:00,30184.25,30192.25,30184.25,30190.0,65
2026-06-30T00:49:00-04:00,30190.25,30196.0,30189.5,30194.0,77
2026-06-30T00:50:00-04:00,30194.5,30194.75,30183.75,30190.75,107
2026-06-30T00:51:00-04:00,30190.5,30199.0,30189.75,30191.25,93
2026-06-30T00:52:00-04:00,30192.25,30199.75,30192.25,30193.5,208
2026-06-30T00:53:00-04:00,30196.5,30204.25,30195.5,30197.75,115
2026-06-30T00:54:00-04:00,30198.75,30198.75,30191.75,30195.75,118
2026-06-30T00:55:00-04:00,30194.25,30197.0,30189.5,30196.75,43
2026-06-30T00:56:00-04:00,30196.25,30202.75,30193.0,30196.25,48
2026-06-30T00:57:00-04:00,30198.25,30198.25,30188.5,30190.0,37
2026-06-30T00:58:00-04:00,30188.5,30189.75,30186.0,30187.25,34
2026-06-30T00:59:00-04:00,30187.5,30192.5,30185.25,30186.5,56
2026-06-30T01:00:00-04:00,30187.75,30197.25,30183.0,30196.0,167
2026-06-30T01:01:00-04:00,30196.0,30211.0,30194.75,30200.75,239
2026-06-30T01:02:00-04:00,30201.25,30212.5,30200.5,30209.0,167
2026-06-30T01:03:00-04:00,30209.25,30217.0,30207.5,30211.75,211
2026-06-30T01:04:00-04:00,30211.0,30211.0,30200.25,30203.0,99
2026-06-30T01:05:00-04:00,30202.5,30203.25,30196.25,30199.25,83
2026-06-30T01:06:00-04:00,30199.5,30205.75,30198.5,30201.25,37
2026-06-30T01:07:00-04:00,30202.5,30202.5,30198.0,30200.0,16
2026-06-30T01:08:00-04:00,30201.0,30206.75,30200.5,30201.75,36
2026-06-30T01:09:00-04:00,30202.0,30203.5,30192.0,30192.75,113
2026-06-30T01:10:00-04:00,30193.25,30193.25,30186.75,30190.5,132
2026-06-30T01:11:00-04:00,30191.25,30192.75,30185.0,30191.75,43
2026-06-30T01:12:00-04:00,30192.5,30196.75,30182.5,30183.5,114
2026-06-30T01:13:00-04:00,30185.5,30191.75,30182.5,30191.75,85
2026-06-30T01:14:00-04:00,30191.75,30195.25,30190.25,30194.0,35
2026-06-30T01:15:00-04:00,30191.5,30194.0,30179.25,30181.75,116
2026-06-30T01:16:00-04:00,30182.0,30186.0,30176.75,30181.5,81
2026-06-30T01:17:00-04:00,30183.0,30183.25,30170.25,30174.25,208
2026-06-30T01:18:00-04:00,30175.0,30178.25,30172.0,30173.75,133
2026-06-30T01:19:00-04:00,30173.5,30176.0,30170.75,30174.5,65
2026-06-30T01:20:00-04:00,30175.0,30184.75,30172.0,30179.0,137
2026-06-30T01:21:00-04:00,30179.5,30187.25,30179.25,30186.0,129
2026-06-30T01:22:00-04:00,30185.75,30194.25,30184.25,30193.75,128
2026-06-30T01:23:00-04:00,30193.75,30195.5,30189.5,30189.5,58
2026-06-30T01:24:00-04:00,30189.5,30193.5,30185.5,30189.5,74
2026-06-30T01:25:00-04:00,30190.5,30192.25,30170.75,30171.5,137
2026-06-30T01:26:00-04:00,30171.5,30172.75,30163.25,30165.75,189
2026-06-30T01:27:00-04:00,30164.5,30167.0,30155.0,30165.25,216
2026-06-30T01:28:00-04:00,30166.25,30172.5,30161.75,30165.75,166
2026-06-30T01:29:00-04:00,30164.75,30167.0,30156.5,30160.75,119
2026-06-30T01:30:00-04:00,30163.0,30164.5,30146.0,30160.0,228
2026-06-30T01:31:00-04:00,30160.0,30164.5,30146.5,30149.75,287
2026-06-30T01:32:00-04:00,30150.0,30153.5,30137.0,30137.25,186
2026-06-30T01:33:00-04:00,30138.5,30139.5,30131.0,30135.5,143
2026-06-30T01:34:00-04:00,30136.0,30136.75,30131.75,30135.25,80
2026-06-30T01:35:00-04:00,30134.25,30138.0,30122.0,30122.25,210
2026-06-30T01:36:00-04:00,30122.75,30123.25,30118.0,30121.5,105
2026-06-30T01:37:00-04:00,30121.25,30128.75,30117.0,30127.5,77
2026-06-30T01:38:00-04:00,30130.25,30132.5,30124.0,30127.25,92
2026-06-30T01:39:00-04:00,30127.0,30140.75,30120.0,30138.0,235
2026-06-30T01:40:00-04:00,30138.5,30150.0,30137.75,30149.5,214
2026-06-30T01:41:00-04:00,30149.5,30158.5,30149.5,30153.5,221
2026-06-30T01:42:00-04:00,30154.0,30162.75,30152.0,30155.0,148
2026-06-30T01:43:00-04:00,30154.0,30163.0,30146.0,30148.25,100
2026-06-30T01:44:00-04:00,30149.75,30154.25,30141.0,30145.75,111
2026-06-30T01:45:00-04:00,30146.75,30153.5,30142.5,30153.25,34
2026-06-30T01:46:00-04:00,30152.75,30153.25,30147.75,30151.75,29
2026-06-30T01:47:00-04:00,30152.75,30154.75,30146.0,30146.5,70
2026-06-30T01:48:00-04:00,30148.75,30157.5,30148.75,30154.25,67
2026-06-30T01:49:00-04:00,30153.5,30158.25,30150.0,30157.25,35
2026-06-30T01:50:00-04:00,30156.75,30158.0,30146.0,30148.25,77
2026-06-30T01:51:00-04:00,30148.25,30153.0,30147.0,30150.5,52
2026-06-30T01:52:00-04:00,30151.25,30168.0,30146.25,30164.0,179
2026-06-30T01:53:00-04:00,30164.75,30168.25,30162.25,30167.0,108
2026-06-30T01:54:00-04:00,30167.75,30168.25,30156.0,30162.25,94
2026-06-30T01:55:00-04:00,30160.75,30169.75,30155.25,30159.5,187
2026-06-30T01:56:00-04:00,30161.25,30170.25,30161.25,30165.5,73
2026-06-30T01:57:00-04:00,30163.5,30167.25,30160.0,30167.0,56
2026-06-30T01:58:00-04:00,30167.75,30169.0,30163.75,30165.75,59
2026-06-30T01:59:00-04:00,30164.75,30168.0,30160.75,30167.0,72
2026-06-30T02:00:00-04:00,30167.75,30173.25,30155.75,30157.5,281
2026-06-30T02:01:00-04:00,30159.0,30169.75,30151.0,30164.75,215
2026-06-30T02:02:00-04:00,30163.75,30163.75,30153.0,30159.0,82
2026-06-30T02:03:00-04:00,30158.5,30168.0,30158.25,30166.0,96
2026-06-30T02:04:00-04:00,30166.25,30170.0,30160.0,30168.5,156
2026-06-30T02:05:00-04:00,30164.5,30165.0,30151.25,30157.0,117
2026-06-30T02:06:00-04:00,30154.75,30160.75,30148.25,30157.75,87
2026-06-30T02:07:00-04:00,30158.75,30167.25,30158.25,30161.0,132
2026-06-30T02:08:00-04:00,30161.5,30162.0,30152.75,30154.75,59
2026-06-30T02:09:00-04:00,30153.25,30155.0,30150.5,30154.25,64
2026-06-30T02:10:00-04:00,30156.0,30160.0,30153.25,30155.25,86
2026-06-30T02:11:00-04:00,30154.75,30159.25,30151.5,30151.5,54
2026-06-30T02:12:00-04:00,30152.0,30154.25,30146.25,30151.75,102
2026-06-30T02:13:00-04:00,30154.0,30161.5,30152.75,30160.5,114
2026-06-30T02:14:00-04:00,30160.0,30163.25,30147.75,30151.25,160
2026-06-30T02:15:00-04:00,30152.5,30152.5,30143.0,30145.5,73
2026-06-30T02:16:00-04:00,30143.5,30145.25,30137.0,30144.0,136
2026-06-30T02:17:00-04:00,30143.25,30149.25,30141.0,30147.75,113
2026-06-30T02:18:00-04:00,30145.75,30146.0,30138.5,30140.0,53
2026-06-30T02:19:00-04:00,30141.0,30146.75,30139.5,30143.75,99
2026-06-30T02:20:00-04:00,30142.5,30144.0,30136.75,30139.25,124
2026-06-30T02:21:00-04:00,30137.75,30146.0,30134.25,30143.75,100
2026-06-30T02:22:00-04:00,30142.5,30145.0,30132.75,30133.0,95
2026-06-30T02:23:00-04:00,30134.25,30142.25,30128.75,30138.25,140
2026-06-30T02:24:00-04:00,30140.0,30141.0,30134.75,30138.0,79
2026-06-30T02:25:00-04:00,30133.25,30133.75,30124.5,30128.0,127
2026-06-30T02:26:00-04:00,30127.75,30131.0,30118.25,30129.75,235
2026-06-30T02:27:00-04:00,30128.75,30137.25,30126.25,30137.25,176
2026-06-30T02:28:00-04:00,30137.25,30146.25,30137.0,30146.25,82
2026-06-30T02:29:00-04:00,30147.5,30154.0,30143.75,30144.5,187
2026-06-30T02:30:00-04:00,30142.75,30148.5,30128.5,30131.25,203
2026-06-30T02:31:00-04:00,30129.25,30135.5,30127.75,30132.25,170
2026-06-30T02:32:00-04:00,30133.0,30135.75,30117.5,30118.5,154
2026-06-30T02:33:00-04:00,30118.0,30118.0,30103.0,30111.75,303
2026-06-30T02:34:00-04:00,30111.75,30111.75,30098.0,30106.0,153
2026-06-30T02:35:00-04:00,30106.5,30109.0,30099.0,30103.75,150
2026-06-30T02:36:00-04:00,30104.0,30118.5,30101.75,30118.5,183
2026-06-30T02:37:00-04:00,30117.25,30119.5,30111.5,30111.5,153
2026-06-30T02:38:00-04:00,30112.75,30116.25,30108.0,30116.25,63
2026-06-30T02:39:00-04:00,30117.75,30122.25,30110.75,30111.5,79
2026-06-30T02:40:00-04:00,30113.25,30113.5,30108.75,30113.5,34
2026-06-30T02:41:00-04:00,30112.75,30122.5,30108.0,30121.0,98
2026-06-30T02:42:00-04:00,30121.0,30122.5,30116.0,30121.0,29
2026-06-30T02:43:00-04:00,30119.5,30120.75,30115.0,30115.25,50
2026-06-30T02:44:00-04:00,30115.0,30115.0,30104.25,30106.75,82
2026-06-30T02:45:00-04:00,30104.25,30110.75,30103.75,30109.25,72
2026-06-30T02:46:00-04:00,30111.5,30112.5,30102.5,30110.5,192
2026-06-30T02:47:00-04:00,30111.0,30122.5,30109.5,30110.5,151
2026-06-30T02:48:00-04:00,30109.25,30119.75,30109.25,30117.75,35
2026-06-30T02:49:00-04:00,30120.0,30128.5,30120.0,30126.5,84
2026-06-30T02:50:00-04:00,30127.0,30127.0,30120.0,30120.0,47
2026-06-30T02:51:00-04:00,30122.0,30125.5,30122.0,30124.75,20
2026-06-30T02:52:00-04:00,30127.0,30129.5,30121.0,30123.0,117
2026-06-30T02:53:00-04:00,30123.25,30124.75,30120.0,30120.0,31
2026-06-30T02:54:00-04:00,30120.25,30123.5,30118.5,30123.5,56
2026-06-30T02:55:00-04:00,30122.25,30125.25,30119.0,30119.0,33
2026-06-30T02:56:00-04:00,30119.5,30127.25,30119.5,30125.75,76
2026-06-30T02:57:00-04:00,30127.75,30132.25,30127.25,30130.0,82
2026-06-30T02:58:00-04:00,30130.75,30133.5,30127.5,30129.0,45
2026-06-30T02:59:00-04:00,30129.5,30134.0,30124.75,30132.5,53
2026-06-30T03:00:00-04:00,30133.25,30136.5,30122.0,30125.5,163
2026-06-30T03:01:00-04:00,30126.5,30138.25,30123.5,30136.75,88
2026-06-30T03:02:00-04:00,30137.25,30150.0,30137.0,30141.75,154
2026-06-30T03:03:00-04:00,30142.75,30148.25,30139.75,30145.5,105
2026-06-30T03:04:00-04:00,30145.25,30145.25,30135.0,30135.75,129
2026-06-30T03:05:00-04:00,30137.75,30143.75,30133.5,30142.0,119
2026-06-30T03:06:00-04:00,30140.0,30148.5,30138.0,30143.25,128
2026-06-30T03:07:00-04:00,30143.0,30151.25,30140.75,30148.0,69
2026-06-30T03:08:00-04:00,30147.75,30148.0,30129.25,30129.5,140
2026-06-30T03:09:00-04:00,30128.75,30129.0,30117.25,30124.5,186
2026-06-30T03:10:00-04:00,30123.5,30123.5,30114.5,30114.5,111
2026-06-30T03:11:00-04:00,30113.75,30117.0,30109.75,30113.0,80
2026-06-30T03:12:00-04:00,30113.5,30119.0,30109.5,30113.5,118
2026-06-30T03:13:00-04:00,30113.0,30121.0,30111.25,30115.25,67
2026-06-30T03:14:00-04:00,30114.75,30115.25,30106.5,30112.0,54
2026-06-30T03:15:00-04:00,30113.25,30118.25,30110.0,30118.25,45
2026-06-30T03:16:00-04:00,30116.75,30124.0,30116.25,30122.75,96
2026-06-30T03:17:00-04:00,30123.75,30124.0,30118.5,30122.5,35
2026-06-30T03:18:00-04:00,30123.25,30123.5,30111.25,30113.0,107
2026-06-30T03:19:00-04:00,30114.5,30119.25,30112.5,30116.25,42
2026-06-30T03:20:00-04:00,30116.5,30122.75,30111.5,30122.25,50
2026-06-30T03:21:00-04:00,30121.25,30121.5,30113.0,30119.25,37
2026-06-30T03:22:00-04:00,30117.5,30120.0,30110.0,30115.75,37
2026-06-30T03:23:00-04:00,30112.5,30122.75,30112.5,30119.5,52
2026-06-30T03:24:00-04:00,30121.25,30131.5,30118.75,30127.75,85
2026-06-30T03:25:00-04:00,30127.5,30134.75,30124.25,30129.5,63
2026-06-30T03:26:00-04:00,30132.0,30133.75,30123.75,30124.5,31
2026-06-30T03:27:00-04:00,30123.5,30126.5,30117.0,30118.25,62
2026-06-30T03:28:00-04:00,30119.75,30124.5,30114.5,30124.5,81
2026-06-30T03:29:00-04:00,30124.25,30124.75,30117.0,30117.0,22
2026-06-30T03:30:00-04:00,30117.5,30130.0,30116.5,30126.5,48
2026-06-30T03:31:00-04:00,30126.5,30126.5,30119.25,30122.25,87
2026-06-30T03:32:00-04:00,30122.0,30127.0,30115.75,30126.25,97
2026-06-30T03:33:00-04:00,30124.75,30126.25,30115.0,30115.5,50
2026-06-30T03:34:00-04:00,30117.0,30124.0,30116.5,30120.0,21
2026-06-30T03:35:00-04:00,30121.0,30128.25,30121.0,30124.5,42
2026-06-30T03:36:00-04:00,30125.25,30128.0,30124.75,30125.75,29
2026-06-30T03:37:00-04:00,30127.25,30130.5,30126.25,30128.5,47
2026-06-30T03:38:00-04:00,30128.0,30131.0,30122.0,30123.0,31
2026-06-30T03:39:00-04:00,30122.5,30124.0,30114.0,30115.0,80
2026-06-30T03:40:00-04:00,30114.75,30122.75,30114.75,30119.25,78
2026-06-30T03:41:00-04:00,30117.75,30119.25,30112.25,30117.0,58
2026-06-30T03:42:00-04:00,30112.75,30113.25,30108.5,30112.75,109
2026-06-30T03:43:00-04:00,30112.0,30113.75,30108.25,30109.0,55
2026-06-30T03:44:00-04:00,30109.25,30110.0,30103.0,30106.25,82
2026-06-30T03:45:00-04:00,30106.25,30106.75,30085.5,30092.0,312
2026-06-30T03:46:00-04:00,30090.5,30097.0,30089.5,30097.0,74
2026-06-30T03:47:00-04:00,30095.25,30103.5,30095.0,30098.25,117
2026-06-30T03:48:00-04:00,30098.25,30101.25,30094.0,30098.5,79
2026-06-30T03:49:00-04:00,30099.5,30100.25,30091.0,30097.5,89
2026-06-30T03:50:00-04:00,30095.25,30096.5,30070.25,30072.0,284
2026-06-30T03:51:00-04:00,30070.75,30077.5,30069.25,30076.5,127
2026-06-30T03:52:00-04:00,30074.75,30086.0,30073.75,30085.75,100
2026-06-30T03:53:00-04:00,30084.75,30088.25,30081.5,30086.5,108
2026-06-30T03:54:00-04:00,30086.25,30091.75,30084.5,30089.5,78
2026-06-30T03:55:00-04:00,30088.75,30089.75,30082.5,30083.5,53
2026-06-30T03:56:00-04:00,30084.25,30087.75,30078.0,30085.5,136
2026-06-30T03:57:00-04:00,30086.25,30093.5,30085.0,30093.5,81
2026-06-30T03:58:00-04:00,30093.0,30094.5,30084.0,30088.0,100
2026-06-30T03:59:00-04:00,30085.75,30086.5,30081.25,30081.25,49
2026-06-30T04:00:00-04:00,30081.0,30110.5,30067.0,30105.75,485
2026-06-30T04:01:00-04:00,30104.75,30112.0,30099.5,30108.5,126
2026-06-30T04:02:00-04:00,30110.0,30123.25,30105.75,30116.5,174
2026-06-30T04:03:00-04:00,30118.25,30123.5,30112.25,30115.75,178
2026-06-30T04:04:00-04:00,30115.75,30116.0,30095.0,30103.75,203
2026-06-30T04:05:00-04:00,30103.0,30124.75,30103.0,30115.75,191
2026-06-30T04:06:00-04:00,30115.5,30117.75,30104.75,30110.5,165
2026-06-30T04:07:00-04:00,30111.75,30119.5,30108.5,30119.5,97
2026-06-30T04:08:00-04:00,30118.75,30127.75,30115.75,30115.75,149
2026-06-30T04:09:00-04:00,30114.5,30114.75,30101.5,30109.0,121
2026-06-30T04:10:00-04:00,30109.75,30117.5,30106.5,30117.25,88
2026-06-30T04:11:00-04:00,30118.75,30122.25,30116.5,30119.5,44
2026-06-30T04:12:00-04:00,30120.75,30125.5,30108.25,30115.25,141
2026-06-30T04:13:00-04:00,30116.0,30116.25,30097.0,30099.75,151
2026-06-30T04:14:00-04:00,30100.5,30102.25,30089.0,30089.0,67
2026-06-30T04:15:00-04:00,30089.5,30091.0,30077.5,30078.5,174
2026-06-30T04:16:00-04:00,30080.0,30085.0,30069.25,30081.0,130
2026-06-30T04:17:00-04:00,30084.0,30084.0,30075.0,30077.0,63
2026-06-30T04:18:00-04:00,30077.25,30086.25,30076.5,30083.75,50
2026-06-30T04:19:00-04:00,30086.25,30093.0,30084.25,30091.75,77
2026-06-30T04:20:00-04:00,30092.25,30101.0,30091.75,30097.75,120
2026-06-30T04:21:00-04:00,30097.0,30112.5,30097.0,30111.25,176
2026-06-30T04:22:00-04:00,30110.25,30110.75,30106.25,30106.75,93
2026-06-30T04:23:00-04:00,30108.0,30116.5,30105.25,30115.0,192
2026-06-30T04:24:00-04:00,30117.25,30118.75,30114.0,30117.5,72
2026-06-30T04:25:00-04:00,30117.25,30122.5,30113.5,30118.75,82
2026-06-30T04:26:00-04:00,30120.5,30123.75,30116.25,30118.5,68
2026-06-30T04:27:00-04:00,30119.25,30122.75,30112.25,30118.0,142
2026-06-30T04:28:00-04:00,30118.0,30124.0,30116.75,30120.5,56
2026-06-30T04:29:00-04:00,30120.75,30127.25,30117.5,30125.75,90
2026-06-30T04:30:00-04:00,30124.0,30135.0,30119.75,30119.75,143
2026-06-30T04:31:00-04:00,30120.5,30120.5,30106.5,30108.0,150
2026-06-30T04:32:00-04:00,30109.0,30109.5,30094.5,30096.0,156
2026-06-30T04:33:00-04:00,30096.5,30096.75,30082.0,30087.25,169
2026-06-30T04:34:00-04:00,30087.25,30090.75,30079.0,30079.75,154
2026-06-30T04:35:00-04:00,30079.25,30086.0,30071.75,30074.75,137
2026-06-30T04:36:00-04:00,30076.0,30080.0,30064.75,30067.25,188
2026-06-30T04:37:00-04:00,30067.25,30073.75,30064.5,30068.25,95
2026-06-30T04:38:00-04:00,30068.25,30068.25,30057.0,30061.25,154
2026-06-30T04:39:00-04:00,30060.25,30062.0,30036.75,30036.75,388
2026-06-30T04:40:00-04:00,30037.25,30039.75,30018.75,30035.0,307
2026-06-30T04:41:00-04:00,30036.0,30049.0,30031.75,30047.5,210
2026-06-30T04:42:00-04:00,30047.75,30052.5,30043.5,30044.25,122
2026-06-30T04:43:00-04:00,30046.5,30053.0,30045.25,30051.25,58
2026-06-30T04:44:00-04:00,30050.5,30053.25,30040.75,30046.5,130
2026-06-30T04:45:00-04:00,30047.75,30050.5,30038.0,30040.75,82
2026-06-30T04:46:00-04:00,30039.75,30048.25,30033.75,30046.5,111
2026-06-30T04:47:00-04:00,30045.25,30050.5,30044.5,30045.25,61
2026-06-30T04:48:00-04:00,30045.75,30046.75,30039.0,30041.25,84
2026-06-30T04:49:00-04:00,30040.75,30040.75,30028.5,30037.75,90
2026-06-30T04:50:00-04:00,30038.25,30047.0,30031.0,30034.75,82
2026-06-30T04:51:00-04:00,30031.0,30033.25,30022.25,30032.0,100
2026-06-30T04:52:00-04:00,30030.5,30051.5,30030.5,30048.25,150
2026-06-30T04:53:00-04:00,30048.0,30050.75,30045.0,30047.75,111
2026-06-30T04:54:00-04:00,30049.5,30064.5,30049.5,30064.25,139
2026-06-30T04:55:00-04:00,30064.5,30065.75,30060.0,30061.75,106
2026-06-30T04:56:00-04:00,30062.0,30069.5,30062.0,30068.0,111
2026-06-30T04:57:00-04:00,30068.0,30068.0,30060.5,30063.25,42
2026-06-30T04:58:00-04:00,30064.25,30071.75,30062.5,30070.75,60
2026-06-30T04:59:00-04:00,30071.25,30073.75,30068.25,30069.25,48
2026-06-30T05:00:00-04:00,30071.25,30082.0,30060.75,30081.25,154
2026-06-30T05:01:00-04:00,30081.25,30083.25,30068.5,30070.5,118
2026-06-30T05:02:00-04:00,30070.75,30072.75,30063.25,30067.25,82
2026-06-30T05:03:00-04:00,30069.25,30079.75,30069.25,30079.25,74
2026-06-30T05:04:00-04:00,30077.5,30083.0,30076.75,30080.0,77
2026-06-30T05:05:00-04:00,30080.0,30082.75,30072.75,30072.75,35
2026-06-30T05:06:00-04:00,30074.75,30078.5,30070.0,30071.25,46
2026-06-30T05:07:00-04:00,30071.75,30073.0,30067.0,30072.25,91
2026-06-30T05:08:00-04:00,30071.5,30071.75,30065.75,30067.0,50
2026-06-30T05:09:00-04:00,30064.75,30067.25,30061.5,30062.0,50
2026-06-30T05:10:00-04:00,30062.5,30067.75,30059.0,30063.0,65
2026-06-30T05:11:00-04:00,30066.0,30078.25,30066.0,30075.25,99
2026-06-30T05:12:00-04:00,30074.0,30077.0,30069.75,30077.0,56
2026-06-30T05:13:00-04:00,30077.25,30078.0,30073.0,30075.25,52
2026-06-30T05:14:00-04:00,30074.25,30076.25,30070.5,30075.25,79
2026-06-30T05:15:00-04:00,30074.5,30086.25,30073.5,30085.75,120
2026-06-30T05:16:00-04:00,30086.75,30088.0,30077.25,30077.75,63
2026-06-30T05:17:00-04:00,30077.25,30084.0,30075.5,30083.0,76
2026-06-30T05:18:00-04:00,30081.5,30083.75,30075.75,30082.75,75
2026-06-30T05:19:00-04:00,30081.75,30083.0,30078.0,30081.5,36
2026-06-30T05:20:00-04:00,30082.75,30083.0,30076.0,30077.0,61
2026-06-30T05:21:00-04:00,30076.25,30082.25,30073.75,30077.0,75
2026-06-30T05:22:00-04:00,30076.25,30077.5,30068.25,30068.5,73
2026-06-30T05:23:00-04:00,30068.75,30075.5,30065.5,30065.5,84
2026-06-30T05:24:00-04:00,30065.0,30068.75,30063.25,30067.25,50
2026-06-30T05:25:00-04:00,30066.0,30074.75,30066.0,30074.25,92
2026-06-30T05:26:00-04:00,30073.25,30074.5,30070.5,30072.0,33
2026-06-30T05:27:00-04:00,30072.25,30076.25,30070.25,30071.25,32
2026-06-30T05:28:00-04:00,30069.25,30070.0,30061.75,30066.0,95
2026-06-30T05:29:00-04:00,30067.25,30068.75,30059.25,30059.25,80
2026-06-30T05:30:00-04:00,30060.0,30062.0,30040.75,30044.25,216
2026-06-30T05:31:00-04:00,30045.5,30046.75,30034.5,30041.25,150
2026-06-30T05:32:00-04:00,30039.75,30049.0,30038.0,30048.75,95
2026-06-30T05:33:00-04:00,30047.75,30050.0,30036.5,30039.75,44
2026-06-30T05:34:00-04:00,30041.0,30042.5,30036.75,30041.25,58
2026-06-30T05:35:00-04:00,30040.25,30053.25,30040.25,30052.5,44
2026-06-30T05:36:00-04:00,30051.25,30054.5,30045.25,30050.0,62
2026-06-30T05:37:00-04:00,30052.5,30064.5,30052.5,30060.25,88
2026-06-30T05:38:00-04:00,30061.25,30069.25,30061.25,30065.0,92
2026-06-30T05:39:00-04:00,30064.25,30070.25,30064.25,30070.0,59
2026-06-30T05:40:00-04:00,30069.75,30076.0,30067.0,30074.25,78
2026-06-30T05:41:00-04:00,30074.75,30078.75,30073.25,30076.25,70
2026-06-30T05:42:00-04:00,30076.0,30079.0,30071.25,30078.25,50
2026-06-30T05:43:00-04:00,30078.75,30079.25,30069.75,30075.0,68
2026-06-30T05:44:00-04:00,30075.25,30076.0,30069.5,30072.0,49
2026-06-30T05:45:00-04:00,30071.0,30078.5,30071.0,30076.25,68
2026-06-30T05:46:00-04:00,30075.5,30079.0,30073.5,30077.5,81
2026-06-30T05:47:00-04:00,30077.5,30082.5,30077.5,30079.5,71
2026-06-30T05:48:00-04:00,30079.25,30082.0,30076.75,30077.25,60
2026-06-30T05:49:00-04:00,30076.75,30091.75,30076.0,30090.5,137
2026-06-30T05:50:00-04:00,30091.5,30093.5,30081.5,30087.0,130
2026-06-30T05:51:00-04:00,30088.25,30093.75,30087.0,30090.75,101
2026-06-30T05:52:00-04:00,30090.75,30093.0,30085.5,30089.25,75
2026-06-30T05:53:00-04:00,30090.5,30090.5,30085.5,30086.75,59
2026-06-30T05:54:00-04:00,30085.0,30087.0,30080.0,30082.25,89
2026-06-30T05:55:00-04:00,30082.25,30088.25,30081.0,30082.0,48
2026-06-30T05:56:00-04:00,30081.0,30084.25,30079.75,30084.25,31
2026-06-30T05:57:00-04:00,30085.25,30088.0,30083.5,30088.0,24
2026-06-30T05:58:00-04:00,30085.75,30087.0,30083.25,30085.0,23
2026-06-30T05:59:00-04:00,30084.25,30086.25,30078.5,30082.5,128
2026-06-30T06:00:00-04:00,30083.0,30096.0,30080.25,30091.5,253
2026-06-30T06:01:00-04:00,30089.5,30092.75,30086.0,30086.25,58
2026-06-30T06:02:00-04:00,30086.5,30091.5,30084.25,30084.25,53
2026-06-30T06:03:00-04:00,30083.75,30083.75,30075.0,30075.5,89
2026-06-30T06:04:00-04:00,30074.75,30081.25,30072.25,30078.75,56
2026-06-30T06:05:00-04:00,30078.0,30085.75,30077.25,30084.5,71
2026-06-30T06:06:00-04:00,30086.25,30089.5,30083.5,30084.5,76
2026-06-30T06:07:00-04:00,30086.0,30096.75,30084.0,30094.25,96
2026-06-30T06:08:00-04:00,30093.0,30093.25,30087.5,30089.5,53
2026-06-30T06:09:00-04:00,30090.75,30091.25,30084.0,30088.75,42
2026-06-30T06:10:00-04:00,30087.5,30087.5,30073.25,30074.25,92
2026-06-30T06:11:00-04:00,30074.25,30078.5,30068.25,30072.75,109
2026-06-30T06:12:00-04:00,30074.0,30087.0,30074.0,30083.25,110
2026-06-30T06:13:00-04:00,30083.25,30092.25,30082.75,30092.25,110
2026-06-30T06:14:00-04:00,30092.5,30103.0,30088.25,30101.75,345
2026-06-30T06:15:00-04:00,30101.0,30108.5,30100.25,30103.5,175
2026-06-30T06:16:00-04:00,30104.0,30110.5,30100.5,30110.25,133
2026-06-30T06:17:00-04:00,30108.75,30112.0,30103.75,30104.25,161
2026-06-30T06:18:00-04:00,30103.0,30111.0,30102.5,30108.25,124
2026-06-30T06:19:00-04:00,30108.5,30112.5,30106.5,30109.0,152
2026-06-30T06:20:00-04:00,30109.0,30114.25,30099.5,30101.75,151
2026-06-30T06:21:00-04:00,30102.75,30109.0,30102.75,30106.5,55
2026-06-30T06:22:00-04:00,30106.0,30110.25,30104.0,30108.0,50
2026-06-30T06:23:00-04:00,30106.25,30108.5,30101.0,30105.75,69
2026-06-30T06:24:00-04:00,30106.5,30108.0,30103.0,30103.0,78
2026-06-30T06:25:00-04:00,30104.5,30114.0,30102.0,30111.5,194
2026-06-30T06:26:00-04:00,30111.5,30115.5,30107.5,30114.25,133
2026-06-30T06:27:00-04:00,30113.25,30118.25,30111.5,30117.25,72
2026-06-30T06:28:00-04:00,30117.75,30118.0,30109.0,30109.0,93
2026-06-30T06:29:00-04:00,30108.0,30116.25,30107.0,30116.25,65
2026-06-30T06:30:00-04:00,30115.25,30117.0,30106.5,30106.75,113
2026-06-30T06:31:00-04:00,30105.75,30109.5,30104.5,30108.5,50
2026-06-30T06:32:00-04:00,30107.25,30115.0,30105.0,30115.0,49
2026-06-30T06:33:00-04:00,30113.5,30113.5,30099.75,30103.5,106
2026-06-30T06:34:00-04:00,30104.5,30106.0,30101.0,30101.0,70
2026-06-30T06:35:00-04:00,30100.0,30101.25,30093.0,30095.25,113
2026-06-30T06:36:00-04:00,30094.25,30096.75,30086.5,30094.5,151
2026-06-30T06:37:00-04:00,30095.25,30097.5,30093.25,30093.5,79
2026-06-30T06:38:00-04:00,30093.25,30097.0,30088.5,30096.75,69
2026-06-30T06:39:00-04:00,30098.0,30101.0,30096.25,30096.5,82
2026-06-30T06:40:00-04:00,30095.75,30102.25,30095.25,30102.0,90
2026-06-30T06:41:00-04:00,30101.0,30102.25,30095.0,30099.0,48
2026-06-30T06:42:00-04:00,30098.75,30108.25,30098.75,30105.5,68
2026-06-30T06:43:00-04:00,30104.75,30109.0,30100.5,30102.75,74
2026-06-30T06:44:00-04:00,30105.5,30107.0,30099.25,30101.25,63
2026-06-30T06:45:00-04:00,30102.75,30102.75,30091.0,30101.5,108
2026-06-30T06:46:00-04:00,30102.5,30110.5,30102.5,30108.0,94
2026-06-30T06:47:00-04:00,30108.25,30114.0,30107.75,30111.75,116
2026-06-30T06:48:00-04:00,30112.5,30121.75,30112.25,30118.5,204
2026-06-30T06:49:00-04:00,30118.75,30122.5,30116.25,30116.5,95
2026-06-30T06:50:00-04:00,30116.75,30118.5,30112.0,30112.0,80
2026-06-30T06:51:00-04:00,30113.25,30120.75,30113.25,30119.75,73
2026-06-30T06:52:00-04:00,30120.0,30125.75,30117.5,30120.25,160
2026-06-30T06:53:00-04:00,30119.75,30128.25,30119.75,30126.0,206
2026-06-30T06:54:00-04:00,30125.25,30128.25,30123.0,30126.25,153
2026-06-30T06:55:00-04:00,30124.5,30132.0,30121.25,30128.25,194
2026-06-30T06:56:00-04:00,30129.0,30137.25,30126.0,30136.5,187
2026-06-30T06:57:00-04:00,30136.5,30138.75,30134.0,30136.0,111
2026-06-30T06:58:00-04:00,30136.0,30142.0,30135.5,30139.75,114
2026-06-30T06:59:00-04:00,30139.25,30151.5,30139.0,30139.75,227
2026-06-30T07:00:00-04:00,30141.25,30147.25,30129.75,30129.75,298
2026-06-30T07:01:00-04:00,30130.25,30139.75,30129.0,30138.5,105
2026-06-30T07:02:00-04:00,30137.75,30141.5,30132.0,30136.5,110
2026-06-30T07:03:00-04:00,30136.0,30137.5,30131.75,30136.25,45
2026-06-30T07:04:00-04:00,30137.25,30153.25,30137.25,30151.0,160
2026-06-30T07:05:00-04:00,30151.0,30163.5,30151.0,30160.25,291
2026-06-30T07:06:00-04:00,30160.0,30170.0,30158.5,30165.25,183
2026-06-30T07:07:00-04:00,30162.5,30164.5,30157.0,30162.75,186
2026-06-30T07:08:00-04:00,30164.0,30165.0,30151.5,30152.5,202
2026-06-30T07:09:00-04:00,30154.5,30161.0,30153.0,30159.0,95
2026-06-30T07:10:00-04:00,30161.25,30164.25,30156.75,30157.0,180
2026-06-30T07:11:00-04:00,30158.0,30161.25,30153.5,30154.25,129
2026-06-30T07:12:00-04:00,30154.5,30159.0,30152.75,30154.25,66
2026-06-30T07:13:00-04:00,30154.25,30159.25,30151.0,30157.0,76
2026-06-30T07:14:00-04:00,30156.75,30164.5,30155.25,30164.5,94
2026-06-30T07:15:00-04:00,30164.5,30168.5,30155.0,30159.5,187
2026-06-30T07:16:00-04:00,30158.25,30164.5,30158.0,30162.0,105
2026-06-30T07:17:00-04:00,30161.5,30163.25,30156.5,30160.25,107
2026-06-30T07:18:00-04:00,30160.25,30161.0,30150.5,30151.5,96
2026-06-30T07:19:00-04:00,30151.5,30153.0,30145.0,30148.5,184
2026-06-30T07:20:00-04:00,30148.75,30153.25,30141.0,30142.5,161
2026-06-30T07:21:00-04:00,30142.5,30145.0,30138.5,30141.0,98
2026-06-30T07:22:00-04:00,30143.25,30147.0,30138.0,30146.0,120
2026-06-30T07:23:00-04:00,30144.25,30144.25,30134.0,30136.25,98
2026-06-30T07:24:00-04:00,30136.25,30136.5,30123.25,30124.0,148
2026-06-30T07:25:00-04:00,30123.0,30125.5,30117.5,30117.5,180
2026-06-30T07:26:00-04:00,30119.5,30123.0,30114.25,30119.25,72
2026-06-30T07:27:00-04:00,30120.25,30129.5,30118.0,30124.5,101
2026-06-30T07:28:00-04:00,30125.25,30135.75,30124.0,30133.75,297
2026-06-30T07:29:00-04:00,30132.75,30134.75,30126.0,30134.25,223
2026-06-30T07:30:00-04:00,30134.75,30142.25,30131.5,30133.0,162
2026-06-30T07:31:00-04:00,30133.75,30138.75,30128.5,30130.25,118
2026-06-30T07:32:00-04:00,30129.5,30134.5,30127.0,30127.0,50
2026-06-30T07:33:00-04:00,30128.0,30130.5,30120.25,30124.75,91
2026-06-30T07:34:00-04:00,30124.75,30131.25,30123.0,30129.0,111
2026-06-30T07:35:00-04:00,30129.0,30137.75,30129.0,30134.25,114
2026-06-30T07:36:00-04:00,30134.5,30135.5,30123.0,30132.25,90
2026-06-30T07:37:00-04:00,30132.0,30134.75,30124.75,30125.75,56
2026-06-30T07:38:00-04:00,30126.75,30128.0,30121.5,30124.25,61
2026-06-30T07:39:00-04:00,30125.75,30127.75,30123.25,30127.25,52
2026-06-30T07:40:00-04:00,30126.25,30136.5,30125.5,30135.5,79
2026-06-30T07:41:00-04:00,30135.5,30149.75,30135.5,30146.75,107
2026-06-30T07:42:00-04:00,30146.75,30150.0,30144.25,30146.5,48
2026-06-30T07:43:00-04:00,30145.25,30155.5,30144.25,30152.25,61
2026-06-30T07:44:00-04:00,30151.0,30153.25,30145.0,30149.25,87
2026-06-30T07:45:00-04:00,30149.0,30158.25,30146.5,30157.5,116
2026-06-30T07:46:00-04:00,30156.0,30167.0,30156.0,30164.25,167
2026-06-30T07:47:00-04:00,30163.5,30168.25,30160.25,30160.25,139
2026-06-30T07:48:00-04:00,30160.0,30162.75,30154.5,30162.0,128
2026-06-30T07:49:00-04:00,30160.25,30169.0,30160.25,30165.75,130
2026-06-30T07:50:00-04:00,30166.75,30169.25,30161.5,30165.25,155
2026-06-30T07:51:00-04:00,30165.0,30175.5,30157.5,30159.5,362
2026-06-30T07:52:00-04:00,30159.0,30169.75,30157.25,30166.25,128
2026-06-30T07:53:00-04:00,30165.5,30168.5,30163.0,30164.75,107
2026-06-30T07:54:00-04:00,30163.5,30163.5,30154.5,30159.0,150
2026-06-30T07:55:00-04:00,30158.0,30159.0,30149.25,30149.25,117
2026-06-30T07:56:00-04:00,30149.75,30154.5,30149.25,30150.75,74
2026-06-30T07:57:00-04:00,30153.25,30156.5,30147.25,30151.25,65
2026-06-30T07:58:00-04:00,30149.25,30150.25,30143.0,30143.0,94
2026-06-30T07:59:00-04:00,30143.0,30144.25,30136.0,30137.0,100
2026-06-30T08:00:00-04:00,30139.0,30142.75,30125.5,30127.0,222
2026-06-30T08:01:00-04:00,30126.5,30129.25,30118.0,30120.25,229
2026-06-30T08:02:00-04:00,30121.75,30126.0,30110.0,30111.25,179
2026-06-30T08:03:00-04:00,30112.5,30113.75,30098.75,30100.75,319
2026-06-30T08:04:00-04:00,30100.75,30105.75,30094.0,30102.75,196
2026-06-30T08:05:00-04:00,30101.75,30102.25,30089.75,30102.0,374
2026-06-30T08:06:00-04:00,30101.5,30105.75,30097.5,30099.0,192
2026-06-30T08:07:00-04:00,30100.0,30110.5,30100.0,30101.75,250
2026-06-30T08:08:00-04:00,30103.5,30107.75,30101.0,30106.0,131
2026-06-30T08:09:00-04:00,30105.0,30107.5,30097.0,30100.25,125
2026-06-30T08:10:00-04:00,30100.5,30114.5,30100.5,30113.25,139
2026-06-30T08:11:00-04:00,30114.0,30124.5,30112.25,30114.25,310
2026-06-30T08:12:00-04:00,30115.5,30115.5,30104.0,30107.0,142
2026-06-30T08:13:00-04:00,30104.75,30104.75,30093.5,30097.25,226
2026-06-30T08:14:00-04:00,30095.25,30095.25,30083.75,30090.0,179
2026-06-30T08:15:00-04:00,30090.5,30096.0,30083.5,30090.75,210
2026-06-30T08:16:00-04:00,30088.5,30095.75,30079.0,30084.25,229
2026-06-30T08:17:00-04:00,30085.25,30091.0,30081.0,30086.5,143
2026-06-30T08:18:00-04:00,30086.75,30094.25,30079.75,30088.5,171
2026-06-30T08:19:00-04:00,30088.5,30088.5,30078.75,30084.0,150
2026-06-30T08:20:00-04:00,30084.0,30085.25,30072.25,30080.25,262
2026-06-30T08:21:00-04:00,30077.75,30081.75,30073.0,30077.0,149
2026-06-30T08:22:00-04:00,30077.75,30078.25,30070.5,30071.75,98
2026-06-30T08:23:00-04:00,30071.25,30075.5,30062.5,30063.75,217
2026-06-30T08:24:00-04:00,30062.25,30067.25,30057.0,30065.5,302
2026-06-30T08:25:00-04:00,30066.0,30068.5,30046.25,30048.25,331
2026-06-30T08:26:00-04:00,30049.0,30057.25,30038.75,30040.0,316
2026-06-30T08:27:00-04:00,30040.5,30059.5,30038.5,30055.25,227
2026-06-30T08:28:00-04:00,30055.75,30055.75,30039.25,30043.5,197
2026-06-30T08:29:00-04:00,30042.25,30047.0,30036.75,30039.5,171
2026-06-30T08:30:00-04:00,30037.5,30048.0,30030.75,30036.25,330
2026-06-30T08:31:00-04:00,30035.5,30042.75,30017.75,30018.75,388
2026-06-30T08:32:00-04:00,30021.5,30021.75,30004.75,30006.5,452
2026-06-30T08:33:00-04:00,30008.0,30021.75,30007.75,30017.25,268
2026-06-30T08:34:00-04:00,30018.75,30021.25,30007.5,30016.5,228
2026-06-30T08:35:00-04:00,30018.5,30028.5,30017.75,30024.5,202
2026-06-30T08:36:00-04:00,30026.75,30034.25,30020.75,30029.75,276
2026-06-30T08:37:00-04:00,30028.25,30041.25,30028.0,30035.5,359
2026-06-30T08:38:00-04:00,30035.25,30039.0,30030.0,30034.75,143
2026-06-30T08:39:00-04:00,30033.25,30047.75,30030.0,30046.75,137
2026-06-30T08:40:00-04:00,30047.0,30052.0,30044.0,30045.5,231
2026-06-30T08:41:00-04:00,30045.25,30045.5,30037.5,30044.75,161
2026-06-30T08:42:00-04:00,30045.25,30056.5,30044.0,30054.25,165
2026-06-30T08:43:00-04:00,30054.0,30059.5,30050.5,30050.5,155
2026-06-30T08:44:00-04:00,30050.5,30051.5,30042.0,30048.5,180
2026-06-30T08:45:00-04:00,30047.25,30054.25,30042.75,30045.0,130
2026-06-30T08:46:00-04:00,30042.5,30048.0,30032.25,30048.0,236
2026-06-30T08:47:00-04:00,30047.5,30052.0,30038.0,30043.0,162
2026-06-30T08:48:00-04:00,30040.5,30043.0,30027.5,30028.0,176
2026-06-30T08:49:00-04:00,30028.0,30042.5,30027.25,30042.25,148
2026-06-30T08:50:00-04:00,30041.0,30045.25,30034.0,30034.5,95
2026-06-30T08:51:00-04:00,30034.5,30044.5,30032.25,30044.5,122
2026-06-30T08:52:00-04:00,30043.0,30044.5,30035.5,30041.5,147
2026-06-30T08:53:00-04:00,30041.0,30044.5,30037.75,30042.0,135
2026-06-30T08:54:00-04:00,30041.5,30042.25,30028.75,30032.5,171
2026-06-30T08:55:00-04:00,30032.75,30035.75,30026.25,30028.0,170
2026-06-30T08:56:00-04:00,30028.25,30030.5,30012.25,30013.25,456
2026-06-30T08:57:00-04:00,30013.0,30027.5,30012.5,30022.5,243
2026-06-30T08:58:00-04:00,30022.5,30024.75,30014.75,30016.75,166
2026-06-30T08:59:00-04:00,30016.0,30021.75,30008.25,30013.5,432
2026-06-30T09:00:00-04:00,30014.25,30025.0,30008.25,30009.5,398
2026-06-30T09:01:00-04:00,30009.75,30029.25,30006.0,30026.75,579
2026-06-30T09:02:00-04:00,30027.5,30031.5,30012.0,30012.0,275
2026-06-30T09:03:00-04:00,30012.25,30018.5,30008.25,30017.25,171
2026-06-30T09:04:00-04:00,30019.5,30020.5,30012.75,30015.0,173
2026-06-30T09:05:00-04:00,30015.5,30022.5,30006.25,30012.25,205
2026-06-30T09:06:00-04:00,30013.75,30030.0,30007.75,30024.25,264
2026-06-30T09:07:00-04:00,30023.5,30023.5,30008.75,30009.25,217
2026-06-30T09:08:00-04:00,30010.0,30016.0,30008.75,30010.75,218
2026-06-30T09:09:00-04:00,30011.25,30026.75,30009.25,30023.0,358
2026-06-30T09:10:00-04:00,30023.25,30035.25,30020.5,30034.75,365
2026-06-30T09:11:00-04:00,30034.75,30045.75,30032.5,30040.5,259
2026-06-30T09:12:00-04:00,30041.5,30041.5,30034.25,30035.0,141
2026-06-30T09:13:00-04:00,30034.5,30036.75,30029.25,30033.5,190
2026-06-30T09:14:00-04:00,30035.0,30038.0,30022.5,30029.5,142
2026-06-30T09:15:00-04:00,30029.75,30037.25,30018.0,30035.5,430
2026-06-30T09:16:00-04:00,30036.25,30037.5,30025.0,30031.0,308
2026-06-30T09:17:00-04:00,30031.0,30031.25,30022.25,30023.5,168
2026-06-30T09:18:00-04:00,30024.5,30034.5,30019.5,30030.0,186
2026-06-30T09:19:00-04:00,30030.0,30030.0,30017.25,30024.75,329
2026-06-30T09:20:00-04:00,30023.0,30028.0,30017.5,30022.0,112
2026-06-30T09:21:00-04:00,30022.0,30024.5,30013.25,30016.75,383
2026-06-30T09:22:00-04:00,30018.25,30031.75,30016.25,30019.5,215
2026-06-30T09:23:00-04:00,30020.0,30020.75,30008.0,30012.5,361
2026-06-30T09:24:00-04:00,30012.75,30013.25,29997.0,29999.5,600
2026-06-30T09:25:00-04:00,30000.0,30029.0,30000.0,30024.0,575
2026-06-30T09:26:00-04:00,30025.0,30030.0,30019.0,30021.5,416
2026-06-30T09:27:00-04:00,30022.75,30041.0,30021.25,30035.75,533
2026-06-30T09:28:00-04:00,30034.25,30037.75,30016.0,30036.25,620
2026-06-30T09:29:00-04:00,30036.75,30052.25,30034.0,30047.5,1329
2026-06-30T09:30:00-04:00,30047.0,30092.0,30033.0,30086.5,5230
2026-06-30T09:31:00-04:00,30086.75,30139.5,30081.25,30130.0,3341
2026-06-30T09:32:00-04:00,30129.0,30148.25,30091.5,30136.0,3047
2026-06-30T09:33:00-04:00,30135.0,30166.75,30130.25,30159.25,2021
2026-06-30T09:34:00-04:00,30159.25,30189.0,30155.25,30179.0,2244
2026-06-30T09:35:00-04:00,30179.75,30251.0,30156.75,30247.5,3663
2026-06-30T09:36:00-04:00,30247.5,30253.75,30212.0,30218.25,2286
2026-06-30T09:37:00-04:00,30216.25,30264.0,30210.0,30257.5,2589
2026-06-30T09:38:00-04:00,30256.0,30259.0,30196.0,30212.5,2563
2026-06-30T09:39:00-04:00,30212.75,30217.25,30181.0,30187.5,1856
2026-06-30T09:40:00-04:00,30186.0,30230.75,30172.25,30202.25,2750
2026-06-30T09:41:00-04:00,30202.5,30228.0,30188.75,30222.75,1540
2026-06-30T09:42:00-04:00,30223.5,30241.5,30181.75,30207.25,1904
2026-06-30T09:43:00-04:00,30207.75,30219.25,30191.5,30196.25,1146
2026-06-30T09:44:00-04:00,30195.75,30219.75,30150.25,30215.75,2581
2026-06-30T09:45:00-04:00,30212.75,30251.0,30204.25,30248.75,2731
2026-06-30T09:46:00-04:00,30246.75,30252.0,30217.5,30245.0,1741
2026-06-30T09:47:00-04:00,30243.75,30246.75,30212.0,30219.0,1552
2026-06-30T09:48:00-04:00,30219.25,30244.25,30212.5,30225.75,1123
2026-06-30T09:49:00-04:00,30226.0,30238.75,30190.75,30212.75,1467
2026-06-30T09:50:00-04:00,30213.25,30237.25,30199.5,30233.0,1249
2026-06-30T09:51:00-04:00,30234.75,30292.25,30224.5,30286.0,3437
2026-06-30T09:52:00-04:00,30286.5,30311.25,30270.75,30305.25,2052
2026-06-30T09:53:00-04:00,30305.75,30313.25,30281.75,30295.75,1182
2026-06-30T09:54:00-04:00,30295.25,30312.5,30279.0,30293.0,1412
2026-06-30T09:55:00-04:00,30293.75,30323.5,30293.75,30317.0,1947
2026-06-30T09:56:00-04:00,30316.0,30331.25,30307.75,30321.5,1702
2026-06-30T09:57:00-04:00,30322.0,30325.25,30308.75,30314.75,887
2026-06-30T09:58:00-04:00,30313.5,30336.75,30304.25,30333.75,1490
2026-06-30T09:59:00-04:00,30332.0,30366.75,30329.75,30366.75,1494
2026-06-30T10:00:00-04:00,30366.75,30374.0,30308.5,30315.75,3047
2026-06-30T10:01:00-04:00,30315.5,30327.0,30274.5,30318.75,2656
2026-06-30T10:02:00-04:00,30317.25,30346.25,30308.0,30343.0,1744
2026-06-30T10:03:00-04:00,30342.5,30385.25,30339.5,30382.75,2584
2026-06-30T10:04:00-04:00,30382.5,30393.75,30361.0,30391.75,1590
2026-06-30T10:05:00-04:00,30391.75,30391.75,30355.25,30366.5,1669
2026-06-30T10:06:00-04:00,30364.75,30371.5,30334.75,30337.75,2044
2026-06-30T10:07:00-04:00,30338.75,30360.0,30332.75,30341.25,1093
2026-06-30T10:08:00-04:00,30342.25,30358.75,30336.75,30351.75,953
2026-06-30T10:09:00-04:00,30347.75,30349.5,30321.0,30334.25,1360
2026-06-30T10:10:00-04:00,30334.5,30346.25,30306.0,30327.0,2065
2026-06-30T10:11:00-04:00,30328.0,30366.25,30321.75,30357.75,1327
2026-06-30T10:12:00-04:00,30358.0,30359.75,30327.5,30347.25,1070
2026-06-30T10:13:00-04:00,30345.25,30362.75,30337.75,30354.75,774
2026-06-30T10:14:00-04:00,30353.0,30362.5,30342.0,30354.5,773
2026-06-30T10:15:00-04:00,30352.75,30368.5,30340.0,30349.0,1094
2026-06-30T10:16:00-04:00,30351.0,30364.0,30342.25,30346.0,784
2026-06-30T10:17:00-04:00,30347.25,30359.75,30332.75,30358.75,963
2026-06-30T10:18:00-04:00,30359.25,30374.0,30343.25,30362.25,1151
2026-06-30T10:19:00-04:00,30359.75,30381.0,30355.25,30365.0,1267
2026-06-30T10:20:00-04:00,30365.0,30370.0,30349.5,30369.25,957
2026-06-30T10:21:00-04:00,30368.75,30384.5,30361.0,30375.5,1009
2026-06-30T10:22:00-04:00,30374.5,30404.25,30373.5,30400.0,1817
2026-06-30T10:23:00-04:00,30400.25,30418.0,30394.75,30416.5,1562
2026-06-30T10:24:00-04:00,30417.0,30423.0,30403.5,30411.0,1283
2026-06-30T10:25:00-04:00,30411.75,30414.25,30383.25,30389.5,1331
2026-06-30T10:26:00-04:00,30389.25,30412.5,30386.25,30409.5,860
2026-06-30T10:27:00-04:00,30408.75,30420.5,30403.25,30417.25,846
2026-06-30T10:28:00-04:00,30417.75,30421.0,30406.5,30416.75,960
2026-06-30T10:29:00-04:00,30416.25,30424.5,30403.0,30410.25,1166
2026-06-30T10:30:00-04:00,30410.75,30440.25,30403.0,30428.5,1660
2026-06-30T10:31:00-04:00,30429.25,30437.75,30422.5,30430.0,964
2026-06-30T10:32:00-04:00,30430.25,30438.5,30419.25,30423.0,773
2026-06-30T10:33:00-04:00,30422.5,30437.25,30421.5,30424.5,564
2026-06-30T10:34:00-04:00,30424.75,30440.75,30414.0,30440.0,854
2026-06-30T10:35:00-04:00,30439.75,30442.5,30412.75,30414.5,924
2026-06-30T10:36:00-04:00,30414.75,30415.5,30400.75,30412.75,1381
2026-06-30T10:37:00-04:00,30413.0,30419.75,30392.5,30406.5,1308
2026-06-30T10:38:00-04:00,30405.25,30415.75,30390.75,30394.75,1286
2026-06-30T10:39:00-04:00,30395.25,30409.25,30386.75,30406.75,873
2026-06-30T10:40:00-04:00,30405.5,30413.75,30398.0,30402.25,749
2026-06-30T10:41:00-04:00,30401.75,30420.5,30383.25,30385.5,1268
2026-06-30T10:42:00-04:00,30385.75,30389.5,30371.0,30375.0,1349
2026-06-30T10:43:00-04:00,30375.5,30388.25,30369.5,30386.0,862
2026-06-30T10:44:00-04:00,30386.25,30415.0,30385.5,30411.75,1244
2026-06-30T10:45:00-04:00,30412.75,30412.75,30377.5,30380.75,1052
2026-06-30T10:46:00-04:00,30381.0,30382.0,30348.25,30352.5,1536
2026-06-30T10:47:00-04:00,30351.25,30373.0,30347.0,30363.25,1062
2026-06-30T10:48:00-04:00,30362.0,30380.25,30345.5,30357.5,960
2026-06-30T10:49:00-04:00,30358.25,30365.5,30348.25,30352.25,660
2026-06-30T10:50:00-04:00,30352.0,30378.5,30349.5,30364.5,999
2026-06-30T10:51:00-04:00,30364.75,30378.0,30352.75,30366.0,822
2026-06-30T10:52:00-04:00,30367.0,30367.0,30331.75,30337.75,1199
2026-06-30T10:53:00-04:00,30337.25,30346.5,30327.25,30332.25,1112
2026-06-30T10:54:00-04:00,30332.5,30338.5,30310.5,30317.0,1178
2026-06-30T10:55:00-04:00,30316.25,30329.25,30301.5,30323.0,1512
2026-06-30T10:56:00-04:00,30323.25,30346.25,30303.75,30317.75,1688
2026-06-30T10:57:00-04:00,30317.0,30326.5,30291.75,30303.0,1290
2026-06-30T10:58:00-04:00,30300.75,30313.0,30282.25,30307.0,1299
2026-06-30T10:59:00-04:00,30307.0,30320.25,30302.5,30305.25,899
2026-06-30T11:00:00-04:00,30305.25,30338.25,30299.75,30334.25,1738
2026-06-30T11:01:00-04:00,30334.0,30359.0,30329.5,30357.5,1418
2026-06-30T11:02:00-04:00,30357.0,30370.0,30342.25,30369.0,1065
2026-06-30T11:03:00-04:00,30368.75,30371.0,30355.25,30368.5,749
2026-06-30T11:04:00-04:00,30368.0,30369.25,30349.75,30368.0,739
2026-06-30T11:05:00-04:00,30368.0,30374.5,30358.75,30368.75,818
2026-06-30T11:06:00-04:00,30370.75,30380.75,30360.0,30375.0,996
2026-06-30T11:07:00-04:00,30375.0,30383.0,30361.0,30381.75,737
2026-06-30T11:08:00-04:00,30381.5,30388.75,30379.25,30387.5,725
2026-06-30T11:09:00-04:00,30387.0,30391.5,30372.25,30385.25,655
2026-06-30T11:10:00-04:00,30385.75,30389.5,30376.5,30377.5,465
2026-06-30T11:11:00-04:00,30376.5,30378.75,30360.25,30363.75,635
2026-06-30T11:12:00-04:00,30363.0,30387.5,30362.0,30379.0,720
2026-06-30T11:13:00-04:00,30379.0,30408.75,30379.0,30407.75,1201
2026-06-30T11:14:00-04:00,30407.75,30410.0,30393.0,30401.5,712
2026-06-30T11:15:00-04:00,30400.5,30407.25,30380.0,30387.25,739
2026-06-30T11:16:00-04:00,30387.5,30394.25,30376.75,30391.75,669
2026-06-30T11:17:00-04:00,30389.5,30392.25,30383.75,30386.5,453
2026-06-30T11:18:00-04:00,30386.0,30395.0,30381.5,30382.5,486
2026-06-30T11:19:00-04:00,30383.0,30384.0,30369.0,30381.0,793
2026-06-30T11:20:00-04:00,30380.75,30396.0,30373.75,30395.25,551
2026-06-30T11:21:00-04:00,30395.0,30398.5,30379.25,30383.75,588
2026-06-30T11:22:00-04:00,30383.75,30393.75,30383.0,30388.5,273
2026-06-30T11:23:00-04:00,30389.0,30403.5,30389.0,30393.5,534
2026-06-30T11:24:00-04:00,30394.25,30401.25,30384.25,30394.5,416
2026-06-30T11:25:00-04:00,30394.25,30403.5,30391.0,30403.0,493
2026-06-30T11:26:00-04:00,30401.25,30408.25,30391.75,30407.25,591
2026-06-30T11:27:00-04:00,30407.25,30407.75,30397.25,30401.25,427
2026-06-30T11:28:00-04:00,30401.5,30415.0,30400.0,30411.5,648
2026-06-30T11:29:00-04:00,30412.0,30416.0,30406.0,30410.75,586
2026-06-30T11:30:00-04:00,30410.25,30418.0,30398.5,30410.25,1116
2026-06-30T11:31:00-04:00,30410.75,30418.25,30406.0,30412.75,584
2026-06-30T11:32:00-04:00,30412.75,30423.75,30412.0,30421.25,423
2026-06-30T11:33:00-04:00,30419.75,30423.75,30413.0,30414.0,407
2026-06-30T11:34:00-04:00,30414.0,30431.75,30412.0,30430.25,900
2026-06-30T11:35:00-04:00,30430.75,30433.5,30409.75,30414.5,890
2026-06-30T11:36:00-04:00,30413.75,30419.75,30403.25,30416.75,876
2026-06-30T11:37:00-04:00,30416.5,30420.0,30409.25,30414.75,402
2026-06-30T11:38:00-04:00,30414.5,30414.5,30401.75,30404.5,671
2026-06-30T11:39:00-04:00,30404.5,30413.5,30403.5,30409.0,350
2026-06-30T11:40:00-04:00,30409.25,30422.25,30404.0,30405.75,602
2026-06-30T11:41:00-04:00,30405.5,30421.0,30393.75,30417.75,1038
2026-06-30T11:42:00-04:00,30417.5,30423.0,30408.75,30421.25,493
2026-06-30T11:43:00-04:00,30422.25,30425.25,30413.75,30422.5,384
2026-06-30T11:44:00-04:00,30422.0,30427.0,30411.5,30415.5,421
2026-06-30T11:45:00-04:00,30415.5,30435.75,30415.0,30429.25,742
2026-06-30T11:46:00-04:00,30429.0,30440.0,30421.75,30431.5,754
2026-06-30T11:47:00-04:00,30431.75,30438.0,30425.0,30426.25,519
2026-06-30T11:48:00-04:00,30427.0,30432.0,30417.75,30427.0,605
2026-06-30T11:49:00-04:00,30427.5,30435.0,30425.75,30431.75,315
2026-06-30T11:50:00-04:00,30432.25,30451.75,30429.75,30443.25,1580
2026-06-30T11:51:00-04:00,30443.75,30446.5,30433.0,30442.0,644
2026-06-30T11:52:00-04:00,30442.5,30455.25,30437.25,30450.75,790
2026-06-30T11:53:00-04:00,30450.25,30470.5,30449.75,30467.75,1061
2026-06-30T11:54:00-04:00,30467.5,30467.75,30460.5,30467.5,641
2026-06-30T11:55:00-04:00,30467.25,30479.5,30461.0,30479.5,999
2026-06-30T11:56:00-04:00,30479.0,30482.0,30472.0,30476.5,910
2026-06-30T11:57:00-04:00,30476.0,30481.5,30469.5,30479.75,698
2026-06-30T11:58:00-04:00,30480.0,30481.0,30464.5,30465.75,1010
2026-06-30T11:59:00-04:00,30465.0,30469.75,30459.25,30459.75,923
2026-06-30T12:00:00-04:00,30460.5,30470.5,30452.5,30465.25,898
2026-06-30T12:01:00-04:00,30465.5,30478.5,30465.5,30475.5,580
2026-06-30T12:02:00-04:00,30474.75,30484.5,30472.0,30484.25,635
2026-06-30T12:03:00-04:00,30483.75,30487.5,30477.25,30482.5,724
2026-06-30T12:04:00-04:00,30482.0,30487.75,30476.25,30483.5,436
2026-06-30T12:05:00-04:00,30483.5,30491.5,30479.75,30487.5,596
2026-06-30T12:06:00-04:00,30487.5,30495.5,30484.5,30495.5,838
2026-06-30T12:07:00-04:00,30495.5,30496.0,30489.25,30491.0,418
2026-06-30T12:08:00-04:00,30491.5,30495.75,30487.25,30489.5,462
2026-06-30T12:09:00-04:00,30489.5,30490.5,30480.75,30484.0,640
2026-06-30T12:10:00-04:00,30483.75,30488.25,30479.5,30488.25,382
2026-06-30T12:11:00-04:00,30487.75,30489.5,30474.25,30479.0,577
2026-06-30T12:12:00-04:00,30479.5,30488.25,30478.5,30484.75,464
2026-06-30T12:13:00-04:00,30484.75,30488.5,30478.5,30482.0,483
2026-06-30T12:14:00-04:00,30481.75,30489.0,30479.75,30487.75,413
2026-06-30T12:15:00-04:00,30487.75,30494.25,30482.25,30493.5,630
2026-06-30T12:16:00-04:00,30493.5,30508.25,30491.25,30507.0,1464
2026-06-30T12:17:00-04:00,30506.5,30507.25,30498.75,30500.0,596
2026-06-30T12:18:00-04:00,30499.5,30500.0,30492.75,30499.0,612
2026-06-30T12:19:00-04:00,30499.0,30504.0,30495.75,30501.5,496
2026-06-30T12:20:00-04:00,30500.75,30504.25,30497.25,30501.0,359
2026-06-30T12:21:00-04:00,30500.5,30501.0,30495.0,30495.25,368
2026-06-30T12:22:00-04:00,30495.25,30500.0,30494.25,30499.0,432
2026-06-30T12:23:00-04:00,30499.5,30500.75,30487.5,30489.25,460
2026-06-30T12:24:00-04:00,30489.0,30499.25,30486.75,30497.5,481
2026-06-30T12:25:00-04:00,30496.5,30496.75,30486.75,30492.0,547
2026-06-30T12:26:00-04:00,30492.25,30503.0,30492.25,30500.75,524
2026-06-30T12:27:00-04:00,30500.5,30509.0,30500.5,30503.75,608
2026-06-30T12:28:00-04:00,30503.5,30505.5,30496.25,30496.5,432
2026-06-30T12:29:00-04:00,30496.0,30499.0,30490.5,30494.25,351
2026-06-30T12:30:00-04:00,30495.0,30498.5,30486.75,30496.0,633
2026-06-30T12:31:00-04:00,30496.5,30501.75,30491.25,30493.5,629
2026-06-30T12:32:00-04:00,30493.25,30494.75,30483.0,30483.75,505
2026-06-30T12:33:00-04:00,30484.5,30489.25,30481.75,30485.25,560
2026-06-30T12:34:00-04:00,30484.75,30489.0,30477.5,30485.75,470
2026-06-30T12:35:00-04:00,30486.0,30493.25,30485.0,30487.25,480
2026-06-30T12:36:00-04:00,30487.75,30498.25,30487.5,30497.75,370
2026-06-30T12:37:00-04:00,30498.25,30500.0,30492.25,30494.75,337
2026-06-30T12:38:00-04:00,30494.5,30495.5,30489.75,30492.25,196
2026-06-30T12:39:00-04:00,30492.75,30500.5,30490.75,30500.0,333
2026-06-30T12:40:00-04:00,30499.5,30503.0,30493.5,30495.0,424
2026-06-30T12:41:00-04:00,30495.25,30500.5,30493.25,30497.0,272
2026-06-30T12:42:00-04:00,30497.75,30514.0,30497.5,30510.25,805
2026-06-30T12:43:00-04:00,30510.25,30512.75,30502.5,30502.5,456
2026-06-30T12:44:00-04:00,30503.0,30512.0,30501.25,30511.75,317
2026-06-30T12:45:00-04:00,30511.75,30522.75,30509.5,30521.5,940
2026-06-30T12:46:00-04:00,30521.75,30526.0,30518.25,30526.0,527
2026-06-30T12:47:00-04:00,30526.0,30529.5,30521.75,30523.0,641
2026-06-30T12:48:00-04:00,30523.0,30535.75,30522.0,30532.5,831
2026-06-30T12:49:00-04:00,30533.25,30538.25,30531.75,30538.0,581
2026-06-30T12:50:00-04:00,30537.5,30540.5,30529.75,30537.5,916
2026-06-30T12:51:00-04:00,30537.25,30537.75,30532.25,30533.5,450
2026-06-30T12:52:00-04:00,30534.0,30538.0,30532.25,30535.0,452
2026-06-30T12:53:00-04:00,30534.75,30543.25,30534.75,30543.0,465
2026-06-30T12:54:00-04:00,30542.75,30546.5,30540.5,30543.5,597
2026-06-30T12:55:00-04:00,30543.0,30546.25,30534.25,30534.25,548
2026-06-30T12:56:00-04:00,30534.5,30535.0,30530.25,30531.25,506
2026-06-30T12:57:00-04:00,30531.5,30532.25,30527.5,30530.75,424
2026-06-30T12:58:00-04:00,30530.5,30531.25,30521.5,30524.75,627
2026-06-30T12:59:00-04:00,30523.75,30529.5,30520.5,30528.0,530
2026-06-30T13:00:00-04:00,30528.25,30534.5,30526.75,30531.5,510
2026-06-30T13:01:00-04:00,30531.25,30535.0,30525.75,30534.0,608
2026-06-30T13:02:00-04:00,30534.25,30542.25,30533.0,30541.75,739
2026-06-30T13:03:00-04:00,30542.0,30556.75,30541.75,30555.5,949
2026-06-30T13:04:00-04:00,30556.0,30557.75,30550.0,30550.5,576
2026-06-30T13:05:00-04:00,30551.0,30552.5,30544.75,30552.0,408
2026-06-30T13:06:00-04:00,30552.25,30554.75,30549.75,30550.75,449
2026-06-30T13:07:00-04:00,30550.25,30557.75,30549.75,30555.5,319
2026-06-30T13:08:00-04:00,30555.75,30560.25,30551.0,30559.75,457
2026-06-30T13:09:00-04:00,30559.75,30562.75,30553.75,30555.5,598
2026-06-30T13:10:00-04:00,30555.5,30556.25,30548.5,30554.0,420
2026-06-30T13:11:00-04:00,30554.25,30555.75,30549.75,30552.75,265
2026-06-30T13:12:00-04:00,30552.25,30553.5,30547.25,30551.0,506
2026-06-30T13:13:00-04:00,30550.5,30553.25,30541.5,30542.0,461
2026-06-30T13:14:00-04:00,30542.25,30543.25,30534.75,30535.0,616
2026-06-30T13:15:00-04:00,30536.25,30537.25,30530.0,30532.75,727
2026-06-30T13:16:00-04:00,30533.0,30544.25,30531.5,30544.0,606
2026-06-30T13:17:00-04:00,30543.5,30545.5,30536.5,30537.25,474
2026-06-30T13:18:00-04:00,30536.75,30541.25,30534.0,30539.0,329
2026-06-30T13:19:00-04:00,30539.0,30543.25,30537.25,30542.0,369
2026-06-30T13:20:00-04:00,30543.25,30553.5,30542.5,30553.0,609
2026-06-30T13:21:00-04:00,30552.75,30554.25,30542.25,30542.5,650
2026-06-30T13:22:00-04:00,30542.5,30547.25,30536.75,30543.5,476
2026-06-30T13:23:00-04:00,30543.25,30543.25,30535.25,30540.25,560
2026-06-30T13:24:00-04:00,30540.75,30542.25,30533.5,30539.75,568
2026-06-30T13:25:00-04:00,30539.5,30543.25,30537.75,30538.5,358
2026-06-30T13:26:00-04:00,30539.5,30541.75,30536.25,30538.25,241
2026-06-30T13:27:00-04:00,30538.0,30539.0,30528.0,30529.0,701
2026-06-30T13:28:00-04:00,30529.5,30534.0,30524.75,30529.0,765
2026-06-30T13:29:00-04:00,30529.5,30531.75,30525.75,30530.0,570
2026-06-30T13:30:00-04:00,30530.75,30532.75,30520.25,30526.75,582
2026-06-30T13:31:00-04:00,30526.5,30529.75,30518.5,30520.75,404
2026-06-30T13:32:00-04:00,30521.0,30526.0,30515.75,30520.5,710
2026-06-30T13:33:00-04:00,30520.25,30529.75,30519.5,30528.75,429
2026-06-30T13:34:00-04:00,30528.75,30532.75,30526.0,30530.75,425
2026-06-30T13:35:00-04:00,30530.0,30539.25,30530.0,30535.0,420
2026-06-30T13:36:00-04:00,30535.5,30535.75,30523.25,30525.75,472
2026-06-30T13:37:00-04:00,30526.0,30528.25,30523.5,30526.0,248
2026-06-30T13:38:00-04:00,30526.25,30531.25,30518.75,30524.5,607
2026-06-30T13:39:00-04:00,30525.25,30530.25,30518.5,30521.75,365
2026-06-30T13:40:00-04:00,30520.75,30532.0,30519.25,30531.0,380
2026-06-30T13:41:00-04:00,30531.5,30533.75,30524.0,30533.0,422
2026-06-30T13:42:00-04:00,30533.75,30545.25,30532.0,30541.5,630
2026-06-30T13:43:00-04:00,30540.5,30541.5,30538.0,30540.5,274
2026-06-30T13:44:00-04:00,30540.0,30543.75,30535.25,30543.25,560
2026-06-30T13:45:00-04:00,30543.0,30545.75,30532.25,30532.25,567
2026-06-30T13:46:00-04:00,30532.75,30535.5,30527.5,30532.5,427
2026-06-30T13:47:00-04:00,30532.0,30533.0,30525.0,30526.75,346
2026-06-30T13:48:00-04:00,30526.75,30530.75,30523.25,30527.0,379
2026-06-30T13:49:00-04:00,30527.0,30529.5,30521.75,30524.75,313
2026-06-30T13:50:00-04:00,30524.75,30525.5,30515.75,30520.25,590
2026-06-30T13:51:00-04:00,30520.0,30532.0,30517.75,30525.25,516
2026-06-30T13:52:00-04:00,30524.75,30529.0,30516.75,30523.0,436
2026-06-30T13:53:00-04:00,30522.75,30533.5,30521.5,30530.0,648
2026-06-30T13:54:00-04:00,30529.5,30530.0,30523.5,30528.0,292
2026-06-30T13:55:00-04:00,30527.75,30530.75,30521.0,30524.25,292
2026-06-30T13:56:00-04:00,30524.25,30531.0,30522.25,30524.0,187
2026-06-30T13:57:00-04:00,30524.5,30531.25,30524.5,30527.5,179
2026-06-30T13:58:00-04:00,30527.75,30527.75,30519.75,30526.75,399
2026-06-30T13:59:00-04:00,30527.0,30528.5,30522.25,30524.5,203
2026-06-30T14:00:00-04:00,30524.75,30528.75,30519.0,30520.5,474
2026-06-30T14:01:00-04:00,30521.75,30525.75,30517.5,30524.25,423
2026-06-30T14:02:00-04:00,30524.25,30538.0,30523.5,30534.75,595
2026-06-30T14:03:00-04:00,30534.75,30539.5,30530.5,30533.75,422
2026-06-30T14:04:00-04:00,30533.5,30540.25,30521.25,30529.5,490
2026-06-30T14:05:00-04:00,30528.75,30533.0,30518.0,30519.0,391
2026-06-30T14:06:00-04:00,30519.75,30523.25,30498.75,30507.0,1160
2026-06-30T14:07:00-04:00,30507.0,30533.75,30507.0,30532.25,783
2026-06-30T14:08:00-04:00,30532.0,30537.5,30527.0,30533.25,393
2026-06-30T14:09:00-04:00,30532.75,30535.0,30529.25,30531.75,260
2026-06-30T14:10:00-04:00,30530.75,30535.75,30530.25,30532.5,307
2026-06-30T14:11:00-04:00,30532.75,30535.0,30526.75,30533.0,333
2026-06-30T14:12:00-04:00,30533.0,30533.0,30523.0,30525.0,357
2026-06-30T14:13:00-04:00,30524.75,30533.0,30524.5,30532.0,269
2026-06-30T14:14:00-04:00,30531.5,30532.75,30525.5,30525.5,164
2026-06-30T14:15:00-04:00,30525.5,30528.75,30519.0,30524.0,617
2026-06-30T14:16:00-04:00,30523.25,30530.5,30523.0,30527.5,320
2026-06-30T14:17:00-04:00,30528.0,30529.5,30521.75,30527.0,342
2026-06-30T14:18:00-04:00,30526.75,30536.25,30525.75,30536.0,328
2026-06-30T14:19:00-04:00,30535.75,30543.25,30534.5,30541.25,422
2026-06-30T14:20:00-04:00,30542.0,30545.25,30539.5,30543.25,426
2026-06-30T14:21:00-04:00,30543.25,30549.0,30537.0,30546.75,590
2026-06-30T14:22:00-04:00,30547.0,30547.25,30535.75,30536.0,441
2026-06-30T14:23:00-04:00,30535.5,30540.0,30534.75,30538.0,316
2026-06-30T14:24:00-04:00,30538.0,30539.0,30531.0,30531.5,287
2026-06-30T14:25:00-04:00,30531.25,30537.75,30528.25,30536.0,485
2026-06-30T14:26:00-04:00,30536.5,30537.0,30528.5,30531.25,345
2026-06-30T14:27:00-04:00,30531.25,30532.25,30528.75,30530.25,222
2026-06-30T14:28:00-04:00,30530.25,30536.5,30528.5,30531.5,346
2026-06-30T14:29:00-04:00,30532.0,30534.5,30530.5,30533.75,163
2026-06-30T14:30:00-04:00,30533.5,30535.75,30523.0,30524.5,585
2026-06-30T14:31:00-04:00,30524.75,30529.0,30523.75,30525.5,396
2026-06-30T14:32:00-04:00,30526.25,30537.5,30526.25,30529.25,610
2026-06-30T14:33:00-04:00,30529.75,30531.5,30524.0,30531.5,262
2026-06-30T14:34:00-04:00,30531.25,30533.0,30527.5,30530.0,219
2026-06-30T14:35:00-04:00,30528.75,30538.0,30528.0,30536.0,320
2026-06-30T14:36:00-04:00,30536.0,30539.25,30529.75,30530.75,376
2026-06-30T14:37:00-04:00,30531.25,30536.5,30529.0,30535.75,336
2026-06-30T14:38:00-04:00,30535.5,30536.25,30527.0,30528.25,273
2026-06-30T14:39:00-04:00,30527.75,30531.5,30527.5,30530.0,148
2026-06-30T14:40:00-04:00,30529.75,30540.0,30528.5,30539.5,394
2026-06-30T14:41:00-04:00,30538.5,30546.5,30538.5,30546.25,439
2026-06-30T14:42:00-04:00,30545.5,30548.25,30540.75,30546.25,285
2026-06-30T14:43:00-04:00,30546.5,30557.5,30546.5,30555.5,713
2026-06-30T14:44:00-04:00,30555.25,30557.75,30551.25,30554.0,428
2026-06-30T14:45:00-04:00,30554.0,30555.75,30547.0,30547.75,471
2026-06-30T14:46:00-04:00,30548.25,30554.0,30544.75,30550.0,628
2026-06-30T14:47:00-04:00,30550.25,30556.5,30549.75,30552.5,368
2026-06-30T14:48:00-04:00,30552.25,30562.0,30550.75,30561.25,711
2026-06-30T14:49:00-04:00,30561.25,30568.0,30559.25,30566.25,892
2026-06-30T14:50:00-04:00,30566.0,30574.75,30564.25,30574.0,831
2026-06-30T14:51:00-04:00,30573.5,30575.25,30560.5,30566.0,866
2026-06-30T14:52:00-04:00,30565.75,30569.0,30562.5,30565.5,411
2026-06-30T14:53:00-04:00,30564.75,30567.5,30560.5,30563.25,456
2026-06-30T14:54:00-04:00,30563.5,30563.5,30542.5,30547.0,806
2026-06-30T14:55:00-04:00,30547.0,30553.0,30545.75,30551.5,474
2026-06-30T14:56:00-04:00,30551.25,30561.0,30549.25,30558.75,512
2026-06-30T14:57:00-04:00,30558.5,30562.25,30553.5,30554.75,361
2026-06-30T14:58:00-04:00,30555.0,30559.25,30553.25,30556.5,261
2026-06-30T14:59:00-04:00,30556.0,30559.25,30551.5,30554.5,304
2026-06-30T15:00:00-04:00,30554.0,30565.25,30552.5,30564.25,466
2026-06-30T15:01:00-04:00,30563.75,30570.0,30563.25,30564.25,463
2026-06-30T15:02:00-04:00,30564.5,30570.0,30564.0,30568.25,362
2026-06-30T15:03:00-04:00,30568.25,30570.75,30561.0,30563.5,428
2026-06-30T15:04:00-04:00,30563.5,30567.0,30562.5,30564.25,252
2026-06-30T15:05:00-04:00,30564.5,30567.25,30555.25,30556.75,413
2026-06-30T15:06:00-04:00,30555.5,30565.75,30552.0,30559.5,627
2026-06-30T15:07:00-04:00,30559.5,30568.5,30556.75,30565.25,499
2026-06-30T15:08:00-04:00,30565.0,30575.75,30564.0,30575.75,626
2026-06-30T15:09:00-04:00,30575.5,30581.75,30574.5,30578.75,655
2026-06-30T15:10:00-04:00,30578.5,30581.0,30571.75,30581.0,785
2026-06-30T15:11:00-04:00,30580.0,30589.75,30578.75,30584.25,983
2026-06-30T15:12:00-04:00,30585.5,30589.5,30585.25,30588.5,446
2026-06-30T15:13:00-04:00,30588.5,30593.0,30588.0,30590.25,474
2026-06-30T15:14:00-04:00,30590.0,30592.75,30586.25,30591.5,483
2026-06-30T15:15:00-04:00,30591.0,30592.5,30586.75,30591.0,425
2026-06-30T15:16:00-04:00,30590.25,30591.5,30584.75,30587.75,393
2026-06-30T15:17:00-04:00,30588.0,30593.5,30586.5,30591.25,592
2026-06-30T15:18:00-04:00,30591.25,30599.75,30588.0,30588.0,972
2026-06-30T15:19:00-04:00,30588.25,30590.25,30576.25,30580.0,1125
2026-06-30T15:20:00-04:00,30580.0,30583.5,30575.0,30578.75,543
2026-06-30T15:21:00-04:00,30578.5,30585.5,30577.0,30577.75,451
2026-06-30T15:22:00-04:00,30577.5,30587.5,30574.25,30585.0,483
2026-06-30T15:23:00-04:00,30585.25,30586.5,30578.75,30585.25,311
2026-06-30T15:24:00-04:00,30585.25,30588.25,30576.75,30577.5,459
2026-06-30T15:25:00-04:00,30577.0,30584.25,30575.25,30582.75,439
2026-06-30T15:26:00-04:00,30582.75,30584.0,30567.75,30577.25,768
2026-06-30T15:27:00-04:00,30577.0,30582.5,30574.0,30580.0,499
2026-06-30T15:28:00-04:00,30579.25,30581.0,30574.5,30575.0,384
2026-06-30T15:29:00-04:00,30574.75,30580.0,30572.5,30575.0,578
2026-06-30T15:30:00-04:00,30575.5,30580.25,30565.75,30570.75,939
2026-06-30T15:31:00-04:00,30571.0,30578.5,30569.75,30572.25,564
2026-06-30T15:32:00-04:00,30572.75,30577.0,30569.75,30574.5,728
2026-06-30T15:33:00-04:00,30574.0,30583.5,30573.25,30581.5,443
2026-06-30T15:34:00-04:00,30581.25,30581.25,30569.0,30569.5,521
2026-06-30T15:35:00-04:00,30569.5,30572.5,30561.25,30562.75,894
2026-06-30T15:36:00-04:00,30562.5,30566.25,30549.25,30558.5,962
2026-06-30T15:37:00-04:00,30558.75,30559.75,30550.0,30550.0,596
2026-06-30T15:38:00-04:00,30550.0,30558.5,30548.75,30553.0,596
2026-06-30T15:39:00-04:00,30553.25,30562.0,30550.75,30561.25,595
2026-06-30T15:40:00-04:00,30561.5,30579.25,30559.25,30567.25,1157
2026-06-30T15:41:00-04:00,30566.75,30571.75,30563.75,30566.25,589
2026-06-30T15:42:00-04:00,30565.75,30580.0,30564.75,30572.75,708
2026-06-30T15:43:00-04:00,30573.5,30574.5,30560.75,30564.0,644
2026-06-30T15:44:00-04:00,30564.0,30580.75,30563.75,30577.25,641
2026-06-30T15:45:00-04:00,30577.5,30590.0,30566.5,30567.5,1152
2026-06-30T15:46:00-04:00,30567.5,30575.25,30565.75,30573.0,765
2026-06-30T15:47:00-04:00,30572.5,30574.75,30564.5,30566.0,514
2026-06-30T15:48:00-04:00,30565.75,30571.25,30561.25,30566.75,798
2026-06-30T15:49:00-04:00,30566.5,30572.0,30564.5,30565.5,487
2026-06-30T15:50:00-04:00,30565.25,30570.5,30541.75,30543.25,1828
2026-06-30T15:51:00-04:00,30543.25,30554.25,30540.0,30550.5,1119
2026-06-30T15:52:00-04:00,30551.25,30563.75,30549.25,30555.5,1204
2026-06-30T15:53:00-04:00,30555.5,30583.5,30550.25,30582.25,1847
2026-06-30T15:54:00-04:00,30582.5,30594.0,30570.0,30572.0,2596
2026-06-30T15:55:00-04:00,30572.0,30587.5,30564.75,30576.75,2559
2026-06-30T15:56:00-04:00,30576.0,30584.5,30569.5,30578.25,1761
2026-06-30T15:57:00-04:00,30578.25,30591.0,30576.5,30585.0,1968
2026-06-30T15:58:00-04:00,30585.25,30592.75,30557.5,30558.25,2958
2026-06-30T15:59:00-04:00,30558.25,30570.0,30510.0,30514.0,14151
2026-06-30T16:00:00-04:00,30512.0,30535.0,30505.0,30523.25,5611
2026-06-30T16:01:00-04:00,30522.5,30534.25,30518.0,30524.75,1377
2026-06-30T16:02:00-04:00,30525.25,30537.75,30523.0,30526.25,932
2026-06-30T16:03:00-04:00,30526.25,30533.75,30522.25,30525.5,739
2026-06-30T16:04:00-04:00,30526.25,30534.25,30520.0,30531.0,477
2026-06-30T16:05:00-04:00,30531.5,30543.0,30525.75,30528.5,574
2026-06-30T16:06:00-04:00,30527.0,30535.5,30522.0,30533.25,430
2026-06-30T16:07:00-04:00,30532.75,30542.0,30532.25,30539.5,465
2026-06-30T16:08:00-04:00,30538.75,30541.5,30530.75,30532.75,471
2026-06-30T16:09:00-04:00,30532.75,30537.75,30531.25,30532.5,288
2026-06-30T16:10:00-04:00,30533.75,30533.75,30524.25,30527.0,487
2026-06-30T16:11:00-04:00,30528.25,30528.25,30504.5,30509.0,1117
2026-06-30T16:12:00-04:00,30510.75,30516.75,30509.0,30510.25,376
2026-06-30T16:13:00-04:00,30510.5,30511.25,30504.0,30508.0,382
2026-06-30T16:14:00-04:00,30507.0,30513.25,30503.75,30505.75,392
2026-06-30T16:15:00-04:00,30505.5,30513.0,30502.0,30510.75,443
2026-06-30T16:16:00-04:00,30510.5,30510.75,30495.5,30497.0,583
2026-06-30T16:17:00-04:00,30497.75,30507.5,30497.0,30500.25,305
2026-06-30T16:18:00-04:00,30499.75,30513.25,30499.5,30508.25,352
2026-06-30T16:19:00-04:00,30508.25,30508.75,30502.25,30503.0,310
2026-06-30T16:20:00-04:00,30502.5,30502.5,30496.25,30501.75,224
2026-06-30T16:21:00-04:00,30501.25,30501.5,30495.25,30500.0,349
2026-06-30T16:22:00-04:00,30498.0,30505.0,30494.0,30504.25,395
2026-06-30T16:23:00-04:00,30504.25,30507.5,30502.25,30505.0,334
2026-06-30T16:24:00-04:00,30505.0,30507.75,30504.0,30505.0,84
2026-06-30T16:25:00-04:00,30504.75,30506.0,30503.0,30503.75,212
2026-06-30T16:26:00-04:00,30504.75,30506.5,30503.0,30505.25,116
2026-06-30T16:27:00-04:00,30506.0,30507.0,30503.5,30505.25,93
2026-06-30T16:28:00-04:00,30505.25,30507.75,30502.25,30505.0,129
2026-06-30T16:29:00-04:00,30505.25,30506.5,30502.0,30504.25,135
2026-06-30T16:30:00-04:00,30504.0,30510.5,30502.75,30508.5,263
2026-06-30T16:31:00-04:00,30508.25,30508.25,30499.0,30503.25,229
2026-06-30T16:32:00-04:00,30503.75,30504.5,30501.25,30502.5,98
2026-06-30T16:33:00-04:00,30502.75,30504.5,30501.0,30503.5,85
2026-06-30T16:34:00-04:00,30503.5,30503.75,30500.75,30500.75,89
2026-06-30T16:35:00-04:00,30500.5,30502.0,30499.0,30499.0,121
2026-06-30T16:36:00-04:00,30499.25,30499.75,30492.75,30493.75,156
2026-06-30T16:37:00-04:00,30494.0,30495.5,30491.75,30494.5,99
2026-06-30T16:38:00-04:00,30496.0,30502.0,30495.25,30499.25,104
2026-06-30T16:39:00-04:00,30498.75,30498.75,30494.5,30496.0,56
2026-06-30T16:40:00-04:00,30495.0,30495.75,30492.25,30493.5,111
2026-06-30T16:41:00-04:00,30494.0,30495.75,30492.25,30492.5,62
2026-06-30T16:42:00-04:00,30492.75,30494.5,30492.0,30493.25,94
2026-06-30T16:43:00-04:00,30493.75,30495.5,30493.0,30494.25,60
2026-06-30T16:44:00-04:00,30494.25,30497.5,30493.0,30496.0,132
2026-06-30T16:45:00-04:00,30495.75,30496.0,30494.0,30494.25,128
2026-06-30T16:46:00-04:00,30494.25,30494.75,30490.25,30493.5,138
2026-06-30T16:47:00-04:00,30494.25,30496.0,30491.25,30491.75,145
2026-06-30T16:48:00-04:00,30491.75,30492.25,30488.5,30491.0,181
2026-06-30T16:49:00-04:00,30490.75,30493.25,30489.25,30491.5,142
2026-06-30T16:50:00-04:00,30490.75,30494.5,30488.0,30489.0,157
2026-06-30T16:51:00-04:00,30488.75,30489.5,30484.75,30487.0,133
2026-06-30T16:52:00-04:00,30486.25,30490.0,30486.0,30489.25,92
2026-06-30T16:53:00-04:00,30489.0,30495.5,30488.75,30494.0,66
2026-06-30T16:54:00-04:00,30493.0,30493.0,30489.0,30491.25,53
2026-06-30T16:55:00-04:00,30490.75,30492.75,30488.25,30492.75,66
2026-06-30T16:56:00-04:00,30492.75,30495.25,30490.0,30495.25,123
2026-06-30T16:57:00-04:00,30494.75,30497.25,30494.0,30494.5,77
2026-06-30T16:58:00-04:00,30493.75,30497.0,30493.25,30496.25,65
2026-06-30T16:59:00-04:00,30495.25,30503.0,30495.25,30500.75,160
2026-06-30T18:00:00-04:00,30505.75,30525.5,30492.25,30523.5,0
2026-06-30T18:01:00-04:00,30523.25,30525.75,30498.75,30507.0,284
2026-06-30T18:02:00-04:00,30504.75,30516.25,30501.5,30516.25,122
2026-06-30T18:03:00-04:00,30518.0,30520.5,30506.25,30508.0,163
2026-06-30T18:04:00-04:00,30508.25,30517.25,30506.75,30514.5,55
2026-06-30T18:05:00-04:00,30515.25,30524.5,30515.25,30521.5,108
2026-06-30T18:06:00-04:00,30521.25,30524.75,30521.0,30523.0,63
2026-06-30T18:07:00-04:00,30523.0,30526.75,30520.0,30522.5,115
2026-06-30T18:08:00-04:00,30522.75,30528.5,30522.75,30527.25,69
2026-06-30T18:09:00-04:00,30526.0,30528.5,30516.25,30519.25,143
2026-06-30T18:10:00-04:00,30520.0,30520.0,30500.0,30508.0,190
2026-06-30T18:11:00-04:00,30508.25,30515.25,30507.75,30511.5,74
2026-06-30T18:12:00-04:00,30511.0,30514.75,30510.0,30511.5,40
2026-06-30T18:13:00-04:00,30515.5,30516.0,30508.25,30515.75,60
2026-06-30T18:14:00-04:00,30514.5,30518.5,30512.75,30516.25,61
2026-06-30T18:15:00-04:00,30515.0,30518.0,30514.75,30517.75,34
2026-06-30T18:16:00-04:00,30519.25,30522.75,30514.5,30520.0,85
2026-06-30T18:17:00-04:00,30520.5,30529.5,30520.5,30529.5,87
2026-06-30T18:18:00-04:00,30528.75,30536.0,30528.5,30532.5,166
2026-06-30T18:19:00-04:00,30530.75,30532.25,30524.0,30529.5,96
2026-06-30T18:20:00-04:00,30529.75,30535.25,30527.5,30531.25,70
2026-06-30T18:21:00-04:00,30531.25,30533.75,30526.25,30528.25,32
2026-06-30T18:22:00-04:00,30529.0,30530.75,30527.5,30530.75,46
2026-06-30T18:23:00-04:00,30531.25,30532.0,30527.5,30528.5,22
2026-06-30T18:24:00-04:00,30529.25,30530.75,30527.75,30527.75,14
2026-06-30T18:25:00-04:00,30527.0,30531.75,30526.5,30531.5,35
2026-06-30T18:26:00-04:00,30530.5,30532.0,30528.75,30530.25,19
2026-06-30T18:27:00-04:00,30530.5,30535.0,30530.5,30532.5,57
2026-06-30T18:28:00-04:00,30532.25,30532.25,30529.5,30530.25,42
2026-06-30T18:29:00-04:00,30530.0,30534.25,30530.0,30532.75,43
2026-06-30T18:30:00-04:00,30531.25,30531.5,30525.0,30527.75,64
2026-06-30T18:31:00-04:00,30530.0,30530.5,30521.75,30524.5,88
2026-06-30T18:32:00-04:00,30523.75,30526.25,30517.5,30524.0,105
2026-06-30T18:33:00-04:00,30525.25,30525.75,30514.75,30522.0,127
2026-06-30T18:34:00-04:00,30522.0,30522.75,30512.0,30515.25,146
2026-06-30T18:35:00-04:00,30514.5,30515.5,30506.5,30510.75,168
2026-06-30T18:36:00-04:00,30512.25,30515.0,30511.5,30515.0,32
2026-06-30T18:37:00-04:00,30513.0,30515.25,30509.5,30513.0,50
2026-06-30T18:38:00-04:00,30512.75,30515.25,30510.75,30514.0,15
2026-06-30T18:39:00-04:00,30515.25,30519.75,30514.25,30517.25,57
2026-06-30T18:40:00-04:00,30516.25,30519.0,30515.0,30518.0,36
2026-06-30T18:41:00-04:00,30519.75,30520.5,30516.0,30517.5,67
2026-06-30T18:42:00-04:00,30516.0,30517.75,30515.75,30516.0,7
2026-06-30T18:43:00-04:00,30515.75,30519.0,30514.25,30519.0,32
2026-06-30T18:44:00-04:00,30517.25,30517.25,30514.5,30517.0,13
2026-06-30T18:45:00-04:00,30515.25,30516.25,30505.5,30507.0,83
2026-06-30T18:46:00-04:00,30508.75,30512.5,30506.5,30511.25,54
2026-06-30T18:47:00-04:00,30511.75,30511.75,30504.25,30507.25,48
2026-06-30T18:48:00-04:00,30508.0,30510.0,30504.5,30507.5,44
2026-06-30T18:49:00-04:00,30507.25,30513.0,30506.25,30512.0,58
2026-06-30T18:50:00-04:00,30512.75,30512.75,30501.75,30505.5,86
2026-06-30T18:51:00-04:00,30506.25,30506.5,30501.25,30502.5,62
2026-06-30T18:52:00-04:00,30503.75,30505.0,30500.5,30504.0,46
2026-06-30T18:53:00-04:00,30501.25,30503.75,30497.5,30503.5,110
2026-06-30T18:54:00-04:00,30501.25,30504.5,30500.75,30502.25,28
2026-06-30T18:55:00-04:00,30501.5,30503.25,30501.0,30503.25,11
2026-06-30T18:56:00-04:00,30503.0,30510.0,30502.75,30510.0,94
2026-06-30T18:57:00-04:00,30510.25,30512.5,30508.25,30510.0,63
2026-06-30T18:58:00-04:00,30509.75,30509.75,30503.0,30505.5,39
2026-06-30T18:59:00-04:00,30505.25,30510.25,30504.0,30510.0,43
2026-06-30T19:00:00-04:00,30511.5,30519.5,30509.75,30511.5,139
2026-06-30T19:01:00-04:00,30512.75,30516.25,30511.25,30512.0,66
2026-06-30T19:02:00-04:00,30512.75,30525.25,30511.5,30523.25,172
2026-06-30T19:03:00-04:00,30522.5,30524.0,30518.5,30518.5,71
2026-06-30T19:04:00-04:00,30519.25,30520.5,30514.75,30518.75,64
2026-06-30T19:05:00-04:00,30519.5,30522.5,30515.25,30521.25,51
2026-06-30T19:06:00-04:00,30521.0,30525.25,30519.25,30519.25,124
2026-06-30T19:07:00-04:00,30518.0,30528.25,30516.0,30527.0,85
2026-06-30T19:08:00-04:00,30528.25,30540.25,30527.25,30532.5,229
2026-06-30T19:09:00-04:00,30530.75,30537.75,30528.5,30535.25,67
2026-06-30T19:10:00-04:00,30534.75,30535.0,30530.75,30530.75,27
2026-06-30T19:11:00-04:00,30531.0,30531.25,30527.25,30527.75,40
2026-06-30T19:12:00-04:00,30528.75,30529.75,30526.5,30526.5,26
2026-06-30T19:13:00-04:00,30526.5,30528.25,30518.75,30519.5,75
2026-06-30T19:14:00-04:00,30520.75,30524.75,30520.5,30522.5,26
2026-06-30T19:15:00-04:00,30523.5,30523.75,30517.75,30519.0,39
2026-06-30T19:16:00-04:00,30518.25,30528.0,30517.5,30526.75,40
2026-06-30T19:17:00-04:00,30527.25,30529.5,30525.5,30526.75,29
2026-06-30T19:18:00-04:00,30525.5,30532.25,30523.5,30531.25,89
2026-06-30T19:19:00-04:00,30531.5,30534.5,30529.5,30529.5,83
2026-06-30T19:20:00-04:00,30529.0,30530.0,30525.25,30528.75,40
2026-06-30T19:21:00-04:00,30529.75,30535.0,30529.0,30529.5,66
2026-06-30T19:22:00-04:00,30528.75,30533.25,30528.25,30531.0,53
2026-06-30T19:23:00-04:00,30531.25,30534.25,30530.25,30534.0,33
2026-06-30T19:24:00-04:00,30533.75,30535.25,30531.25,30531.25,72
2026-06-30T19:25:00-04:00,30531.25,30536.0,30531.0,30536.0,24
2026-06-30T19:26:00-04:00,30534.75,30534.75,30533.0,30533.75,12
2026-06-30T19:27:00-04:00,30535.5,30540.0,30535.25,30535.25,57
2026-06-30T19:28:00-04:00,30535.75,30536.0,30532.25,30534.0,63
2026-06-30T19:29:00-04:00,30533.5,30533.5,30523.25,30526.0,132
2026-06-30T19:30:00-04:00,30525.25,30531.75,30522.0,30530.5,84
2026-06-30T19:31:00-04:00,30528.75,30529.75,30526.25,30526.5,22
2026-06-30T19:32:00-04:00,30528.5,30530.75,30528.25,30530.5,25
2026-06-30T19:33:00-04:00,30529.25,30530.5,30528.0,30530.5,15
2026-06-30T19:34:00-04:00,30530.25,30543.5,30530.25,30541.25,110
2026-06-30T19:35:00-04:00,30541.75,30542.25,30535.75,30538.0,49
2026-06-30T19:36:00-04:00,30539.0,30540.0,30535.75,30536.75,55
2026-06-30T19:37:00-04:00,30535.25,30537.75,30533.0,30537.0,45
2026-06-30T19:38:00-04:00,30533.75,30533.75,30525.5,30528.5,88
2026-06-30T19:39:00-04:00,30528.5,30536.75,30528.5,30536.75,61
2026-06-30T19:40:00-04:00,30536.75,30539.5,30531.75,30533.0,68
2026-06-30T19:41:00-04:00,30532.75,30532.75,30526.0,30529.25,70
2026-06-30T19:42:00-04:00,30530.25,30531.25,30528.0,30531.0,19
2026-06-30T19:43:00-04:00,30531.0,30538.5,30530.5,30538.5,42
2026-06-30T19:44:00-04:00,30536.75,30538.25,30527.75,30528.5,77
2026-06-30T19:45:00-04:00,30529.5,30543.25,30529.5,30536.25,125
2026-06-30T19:46:00-04:00,30533.5,30537.25,30526.75,30537.25,108
2026-06-30T19:47:00-04:00,30534.5,30537.25,30532.5,30533.25,21
2026-06-30T19:48:00-04:00,30531.0,30531.25,30525.75,30525.75,39
2026-06-30T19:49:00-04:00,30526.0,30535.75,30523.5,30534.75,110
2026-06-30T19:50:00-04:00,30533.0,30536.75,30519.5,30535.5,120
2026-06-30T19:51:00-04:00,30534.75,30538.0,30530.25,30532.5,46
2026-06-30T19:52:00-04:00,30530.5,30530.5,30520.75,30520.75,48
2026-06-30T19:53:00-04:00,30522.5,30525.5,30519.0,30523.5,58
2026-06-30T19:54:00-04:00,30523.0,30523.0,30519.5,30520.5,36
2026-06-30T19:55:00-04:00,30521.5,30524.5,30520.25,30521.0,38
2026-06-30T19:56:00-04:00,30523.0,30526.25,30521.5,30523.25,46
2026-06-30T19:57:00-04:00,30523.25,30524.25,30516.25,30520.25,70
2026-06-30T19:58:00-04:00,30520.5,30534.25,30520.5,30529.75,127
2026-06-30T19:59:00-04:00,30532.0,30538.5,30531.5,30534.0,76
2026-06-30T20:00:00-04:00,30535.25,30553.75,30531.0,30545.75,535
2026-06-30T20:01:00-04:00,30543.0,30549.75,30533.0,30538.5,216
2026-06-30T20:02:00-04:00,30539.0,30548.25,30527.5,30527.5,232
2026-06-30T20:03:00-04:00,30527.5,30540.0,30522.25,30538.0,226
2026-06-30T20:04:00-04:00,30536.75,30537.25,30529.75,30536.75,87
2026-06-30T20:05:00-04:00,30534.75,30537.25,30514.75,30525.25,192
2026-06-30T20:06:00-04:00,30526.0,30540.0,30517.5,30519.0,215
2026-06-30T20:07:00-04:00,30520.75,30525.75,30517.75,30525.25,103
2026-06-30T20:08:00-04:00,30525.75,30534.75,30522.5,30532.5,131
2026-06-30T20:09:00-04:00,30533.0,30537.5,30526.5,30530.25,147
2026-06-30T20:10:00-04:00,30531.75,30545.0,30524.25,30544.5,280
2026-06-30T20:11:00-04:00,30541.25,30542.0,30526.75,30529.0,186
2026-06-30T20:12:00-04:00,30527.25,30536.0,30526.0,30531.25,126
2026-06-30T20:13:00-04:00,30528.5,30540.0,30526.25,30536.0,92
2026-06-30T20:14:00-04:00,30536.5,30537.0,30524.5,30528.25,177
2026-06-30T20:15:00-04:00,30531.0,30536.5,30518.5,30521.75,196
2026-06-30T20:16:00-04:00,30521.0,30533.5,30520.25,30532.75,93
2026-06-30T20:17:00-04:00,30532.25,30540.0,30528.75,30528.75,92
2026-06-30T20:18:00-04:00,30528.5,30528.75,30523.0,30527.0,73
2026-06-30T20:19:00-04:00,30527.75,30530.0,30519.0,30519.0,52
2026-06-30T20:20:00-04:00,30520.25,30530.75,30519.5,30529.0,69
2026-06-30T20:21:00-04:00,30530.25,30532.0,30516.25,30517.5,122
2026-06-30T20:22:00-04:00,30517.5,30518.25,30511.0,30514.0,178
2026-06-30T20:23:00-04:00,30514.5,30517.5,30508.75,30512.75,182
2026-06-30T20:24:00-04:00,30512.25,30521.75,30511.25,30515.75,175
2026-06-30T20:25:00-04:00,30513.75,30516.25,30507.0,30514.0,192
2026-06-30T20:26:00-04:00,30514.75,30516.25,30511.0,30512.5,53
2026-06-30T20:27:00-04:00,30510.75,30525.25,30510.5,30523.0,174
2026-06-30T20:28:00-04:00,30523.5,30536.75,30522.75,30536.75,177
2026-06-30T20:29:00-04:00,30536.5,30540.75,30532.25,30536.5,149
2026-06-30T20:30:00-04:00,30536.75,30542.5,30532.0,30540.0,119
2026-06-30T20:31:00-04:00,30539.25,30543.5,30534.75,30541.75,99
2026-06-30T20:32:00-04:00,30542.25,30545.75,30534.25,30543.0,139
2026-06-30T20:33:00-04:00,30543.75,30549.25,30540.75,30546.75,124
2026-06-30T20:34:00-04:00,30547.25,30547.25,30540.5,30541.0,55
2026-06-30T20:35:00-04:00,30541.5,30542.75,30527.5,30530.0,124
2026-06-30T20:36:00-04:00,30529.25,30540.75,30529.25,30536.75,121
2026-06-30T20:37:00-04:00,30536.0,30543.0,30535.25,30542.0,55
2026-06-30T20:38:00-04:00,30541.5,30547.0,30539.75,30541.25,106
2026-06-30T20:39:00-04:00,30543.0,30545.5,30538.0,30541.75,181
2026-06-30T20:40:00-04:00,30544.0,30548.25,30542.25,30545.5,78
2026-06-30T20:41:00-04:00,30544.5,30544.75,30538.5,30538.5,73
2026-06-30T20:42:00-04:00,30538.0,30541.75,30537.0,30540.5,22
2026-06-30T20:43:00-04:00,30539.0,30541.5,30538.25,30541.0,23
2026-06-30T20:44:00-04:00,30540.0,30540.0,30535.25,30538.0,38
2026-06-30T20:45:00-04:00,30539.75,30542.5,30534.25,30537.25,51
2026-06-30T20:46:00-04:00,30537.75,30543.5,30535.5,30538.75,38
2026-06-30T20:47:00-04:00,30539.0,30539.0,30533.0,30537.0,44
2026-06-30T20:48:00-04:00,30537.0,30537.75,30534.0,30537.0,18
2026-06-30T20:49:00-04:00,30537.25,30544.75,30537.25,30543.25,44
2026-06-30T20:50:00-04:00,30542.75,30543.5,30538.5,30541.25,31
2026-06-30T20:51:00-04:00,30540.5,30546.5,30539.75,30543.0,79
2026-06-30T20:52:00-04:00,30544.5,30547.0,30538.75,30545.5,117
2026-06-30T20:53:00-04:00,30543.75,30546.25,30538.25,30539.0,55
2026-06-30T20:54:00-04:00,30538.75,30538.75,30530.0,30530.75,84
2026-06-30T20:55:00-04:00,30531.25,30537.0,30531.0,30534.5,72
2026-06-30T20:56:00-04:00,30534.75,30535.5,30528.0,30534.25,61
2026-06-30T20:57:00-04:00,30533.5,30536.25,30531.25,30535.0,54
2026-06-30T20:58:00-04:00,30533.0,30533.75,30526.0,30527.0,42
2026-06-30T20:59:00-04:00,30527.0,30527.5,30523.75,30524.0,107
2026-06-30T21:00:00-04:00,30523.75,30527.0,30519.0,30520.5,153
2026-06-30T21:01:00-04:00,30524.25,30525.5,30519.0,30525.5,77
2026-06-30T21:02:00-04:00,30526.25,30530.25,30520.25,30523.25,82
2026-06-30T21:03:00-04:00,30524.0,30524.25,30517.25,30520.75,89
2026-06-30T21:04:00-04:00,30519.25,30519.25,30510.0,30510.0,175
2026-06-30T21:05:00-04:00,30509.75,30516.25,30507.25,30513.75,161
2026-06-30T21:06:00-04:00,30515.25,30518.5,30507.75,30510.0,138
2026-06-30T21:07:00-04:00,30508.75,30516.25,30508.5,30512.0,88
2026-06-30T21:08:00-04:00,30510.5,30510.5,30500.0,30502.5,134
2026-06-30T21:09:00-04:00,30502.75,30506.0,30496.25,30501.5,212
2026-06-30T21:10:00-04:00,30501.75,30502.0,30486.0,30491.25,352
2026-06-30T21:11:00-04:00,30492.0,30493.5,30487.5,30490.75,86
2026-06-30T21:12:00-04:00,30490.25,30495.75,30479.25,30479.5,279
2026-06-30T21:13:00-04:00,30479.5,30488.25,30471.75,30488.25,396
2026-06-30T21:14:00-04:00,30489.25,30500.25,30485.0,30497.25,304
2026-06-30T21:15:00-04:00,30500.0,30506.75,30494.25,30496.0,264
2026-06-30T21:16:00-04:00,30496.0,30496.25,30469.75,30474.25,318
2026-06-30T21:17:00-04:00,30475.0,30485.25,30466.75,30472.25,210
2026-06-30T21:18:00-04:00,30472.75,30482.5,30470.5,30476.0,469
2026-06-30T21:19:00-04:00,30477.0,30486.75,30474.75,30484.75,176
2026-06-30T21:20:00-04:00,30483.5,30489.25,30476.0,30487.75,223
2026-06-30T21:21:00-04:00,30487.5,30492.75,30482.25,30486.5,112
2026-06-30T21:22:00-04:00,30485.0,30498.0,30481.25,30493.25,150
2026-06-30T21:23:00-04:00,30494.25,30498.0,30492.0,30495.0,75
2026-06-30T21:24:00-04:00,30496.25,30498.0,30482.75,30485.75,103
2026-06-30T21:25:00-04:00,30485.0,30491.0,30478.5,30478.5,126
2026-06-30T21:26:00-04:00,30478.5,30491.5,30478.5,30490.0,107
2026-06-30T21:27:00-04:00,30489.25,30490.25,30482.5,30485.0,103
2026-06-30T21:28:00-04:00,30485.0,30491.0,30481.5,30490.0,107
2026-06-30T21:29:00-04:00,30490.25,30495.25,30486.0,30486.0,155
2026-06-30T21:30:00-04:00,30486.5,30504.0,30485.25,30488.5,237
2026-06-30T21:31:00-04:00,30487.75,30489.75,30470.75,30472.75,268
2026-06-30T21:32:00-04:00,30473.0,30487.75,30472.25,30483.25,104
2026-06-30T21:33:00-04:00,30483.75,30483.75,30473.75,30473.75,66
2026-06-30T21:34:00-04:00,30477.0,30481.75,30471.0,30476.25,162
2026-06-30T21:35:00-04:00,30477.0,30481.0,30473.25,30478.0,72
2026-06-30T21:36:00-04:00,30477.0,30479.75,30469.0,30476.75,149
2026-06-30T21:37:00-04:00,30477.25,30478.25,30468.0,30476.0,220
2026-06-30T21:38:00-04:00,30476.0,30486.5,30476.0,30480.75,151
2026-06-30T21:39:00-04:00,30481.5,30485.75,30479.0,30480.25,68
2026-06-30T21:40:00-04:00,30479.0,30484.25,30469.5,30478.25,101
2026-06-30T21:41:00-04:00,30479.5,30480.25,30474.0,30478.5,124
2026-06-30T21:42:00-04:00,30479.75,30481.0,30476.25,30476.5,84
2026-06-30T21:43:00-04:00,30476.75,30480.25,30476.75,30480.25,57
2026-06-30T21:44:00-04:00,30475.5,30476.25,30472.0,30474.75,81
2026-06-30T21:45:00-04:00,30474.75,30483.0,30469.5,30475.5,177
2026-06-30T21:46:00-04:00,30473.5,30477.5,30470.75,30474.25,49
2026-06-30T21:47:00-04:00,30476.25,30477.75,30470.5,30471.25,52
2026-06-30T21:48:00-04:00,30471.75,30472.25,30456.0,30460.25,377
2026-06-30T21:49:00-04:00,30459.75,30464.25,30456.25,30464.25,94
2026-06-30T21:50:00-04:00,30464.25,30464.75,30456.0,30457.75,88
2026-06-30T21:51:00-04:00,30456.5,30461.25,30455.5,30456.75,57
2026-06-30T21:52:00-04:00,30459.25,30460.0,30452.0,30459.25,124
2026-06-30T21:53:00-04:00,30459.5,30467.0,30458.5,30462.0,124
2026-06-30T21:54:00-04:00,30462.5,30463.25,30456.25,30463.25,69
2026-06-30T21:55:00-04:00,30462.0,30475.0,30462.0,30472.0,142
2026-06-30T21:56:00-04:00,30472.5,30479.25,30472.25,30473.25,152
2026-06-30T21:57:00-04:00,30472.75,30473.25,30458.25,30458.5,177
2026-06-30T21:58:00-04:00,30459.5,30460.0,30454.0,30459.5,57
2026-06-30T21:59:00-04:00,30459.5,30462.5,30450.5,30453.5,105
2026-06-30T22:00:00-04:00,30453.5,30456.25,30444.5,30446.75,197
2026-06-30T22:01:00-04:00,30448.75,30449.0,30434.0,30435.5,205
2026-06-30T22:02:00-04:00,30436.0,30438.25,30428.75,30432.25,207
2026-06-30T22:03:00-04:00,30433.5,30438.0,30428.75,30434.5,79
2026-06-30T22:04:00-04:00,30436.0,30438.25,30429.0,30430.25,83
2026-06-30T22:05:00-04:00,30430.5,30430.5,30414.5,30414.5,270
2026-06-30T22:06:00-04:00,30416.0,30416.0,30406.5,30406.5,288
2026-06-30T22:07:00-04:00,30406.75,30414.0,30405.5,30410.75,151
2026-06-30T22:08:00-04:00,30410.25,30410.25,30399.5,30406.25,160
2026-06-30T22:09:00-04:00,30403.75,30407.0,30395.75,30406.5,158
2026-06-30T22:10:00-04:00,30405.25,30408.25,30393.5,30395.75,220
2026-06-30T22:11:00-04:00,30397.5,30404.0,30395.75,30396.0,119
2026-06-30T22:12:00-04:00,30396.75,30403.75,30392.25,30401.75,129
2026-06-30T22:13:00-04:00,30402.5,30413.5,30393.0,30397.25,209
2026-06-30T22:14:00-04:00,30394.75,30395.5,30386.5,30392.75,283
2026-06-30T22:15:00-04:00,30392.5,30398.0,30367.75,30392.5,659
2026-06-30T22:16:00-04:00,30393.25,30402.25,30391.75,30399.0,228
2026-06-30T22:17:00-04:00,30399.5,30405.25,30397.5,30405.25,98
2026-06-30T22:18:00-04:00,30404.0,30409.5,30400.0,30401.0,154
2026-06-30T22:19:00-04:00,30401.5,30405.75,30395.5,30405.0,83
2026-06-30T22:20:00-04:00,30405.25,30405.25,30394.0,30403.5,225
2026-06-30T22:21:00-04:00,30402.75,30416.5,30402.0,30414.5,208
2026-06-30T22:22:00-04:00,30413.5,30417.25,30412.25,30416.0,97
2026-06-30T22:23:00-04:00,30414.75,30414.75,30408.5,30414.0,82
2026-06-30T22:24:00-04:00,30413.75,30415.25,30408.75,30409.75,119
2026-06-30T22:25:00-04:00,30410.75,30412.25,30403.25,30404.75,72
2026-06-30T22:26:00-04:00,30404.5,30423.0,30404.25,30419.75,152
2026-06-30T22:27:00-04:00,30419.5,30420.5,30410.0,30410.25,78
2026-06-30T22:28:00-04:00,30410.75,30417.25,30408.0,30412.5,60
2026-06-30T22:29:00-04:00,30413.5,30422.0,30410.5,30421.0,57
2026-06-30T22:30:00-04:00,30421.25,30424.75,30418.5,30421.25,96
2026-06-30T22:31:00-04:00,30421.25,30428.0,30411.5,30412.0,260
2026-06-30T22:32:00-04:00,30410.0,30416.25,30408.25,30413.75,81
2026-06-30T22:33:00-04:00,30413.25,30423.75,30410.75,30421.0,85
2026-06-30T22:34:00-04:00,30422.0,30423.0,30408.25,30408.25,76
2026-06-30T22:35:00-04:00,30410.0,30417.25,30409.25,30417.25,56
2026-06-30T22:36:00-04:00,30417.0,30421.5,30416.5,30416.5,77
2026-06-30T22:37:00-04:00,30416.75,30418.25,30415.0,30416.0,20
2026-06-30T22:38:00-04:00,30416.5,30421.5,30414.5,30421.5,45
2026-06-30T22:39:00-04:00,30421.0,30423.25,30419.5,30420.5,36
2026-06-30T22:40:00-04:00,30419.5,30421.75,30417.0,30421.5,42
2026-06-30T22:41:00-04:00,30422.25,30428.75,30420.75,30428.75,102
2026-06-30T22:42:00-04:00,30428.75,30433.5,30428.25,30433.5,134
2026-06-30T22:43:00-04:00,30433.25,30446.0,30433.25,30441.0,396
2026-06-30T22:44:00-04:00,30440.25,30441.25,30437.0,30440.0,86
2026-06-30T22:45:00-04:00,30440.75,30442.25,30436.0,30436.75,99
2026-06-30T22:46:00-04:00,30436.25,30438.75,30431.0,30434.5,130
2026-06-30T22:47:00-04:00,30435.0,30436.0,30428.75,30434.75,69
2026-06-30T22:48:00-04:00,30435.0,30441.5,30433.75,30435.5,45
2026-06-30T22:49:00-04:00,30435.0,30437.0,30433.0,30435.75,19
2026-06-30T22:50:00-04:00,30433.5,30436.5,30431.25,30433.0,34
2026-06-30T22:51:00-04:00,30433.5,30433.75,30428.5,30429.5,32
2026-06-30T22:52:00-04:00,30430.0,30432.75,30425.5,30430.0,82
2026-06-30T22:53:00-04:00,30429.75,30432.5,30424.75,30432.5,48
2026-06-30T22:54:00-04:00,30432.5,30439.25,30432.5,30437.5,67
2026-06-30T22:55:00-04:00,30437.75,30440.25,30435.25,30440.0,24
2026-06-30T22:56:00-04:00,30440.0,30441.25,30434.5,30435.75,48
2026-06-30T22:57:00-04:00,30435.25,30441.75,30435.25,30436.5,70
2026-06-30T22:58:00-04:00,30436.25,30439.0,30434.5,30439.0,19
2026-06-30T22:59:00-04:00,30438.0,30442.5,30437.75,30438.5,41
2026-06-30T23:00:00-04:00,30438.5,30444.0,30435.5,30438.0,169
2026-06-30T23:01:00-04:00,30437.0,30442.5,30432.75,30435.5,59
2026-06-30T23:02:00-04:00,30435.5,30448.25,30435.5,30441.75,112
2026-06-30T23:03:00-04:00,30442.25,30446.75,30441.25,30444.0,49
2026-06-30T23:04:00-04:00,30444.75,30445.25,30437.25,30437.25,51
2026-06-30T23:05:00-04:00,30439.75,30447.25,30438.0,30446.0,49
2026-06-30T23:06:00-04:00,30447.75,30449.75,30444.5,30449.25,60
2026-06-30T23:07:00-04:00,30449.75,30455.25,30449.0,30454.5,105
2026-06-30T23:08:00-04:00,30454.75,30455.0,30448.75,30451.25,120
2026-06-30T23:09:00-04:00,30451.0,30454.25,30448.5,30453.25,66
2026-06-30T23:10:00-04:00,30453.75,30457.0,30450.75,30454.75,64
2026-06-30T23:11:00-04:00,30455.0,30460.75,30454.25,30460.75,83
2026-06-30T23:12:00-04:00,30459.5,30462.5,30458.5,30460.25,73
2026-06-30T23:13:00-04:00,30459.75,30464.0,30459.5,30462.5,49
2026-06-30T23:14:00-04:00,30461.5,30465.0,30460.0,30462.25,49
2026-06-30T23:15:00-04:00,30461.75,30463.0,30459.0,30461.5,32
2026-06-30T23:16:00-04:00,30461.0,30466.0,30451.25,30452.0,93
2026-06-30T23:17:00-04:00,30451.0,30452.25,30443.5,30444.0,74
2026-06-30T23:18:00-04:00,30442.5,30447.25,30435.75,30446.0,204
2026-06-30T23:19:00-04:00,30447.0,30450.75,30443.5,30447.25,97
2026-06-30T23:20:00-04:00,30447.5,30448.0,30440.75,30445.0,106
2026-06-30T23:21:00-04:00,30446.0,30447.75,30437.0,30438.0,87
2026-06-30T23:22:00-04:00,30437.75,30440.0,30434.5,30435.5,56
2026-06-30T23:23:00-04:00,30435.25,30441.0,30434.75,30436.5,74
2026-06-30T23:24:00-04:00,30437.75,30438.5,30431.75,30435.0,75
2026-06-30T23:25:00-04:00,30434.75,30437.25,30429.5,30436.75,61
2026-06-30T23:26:00-04:00,30437.0,30445.5,30436.25,30436.5,129
2026-06-30T23:27:00-04:00,30436.25,30437.25,30433.0,30437.25,74
2026-06-30T23:28:00-04:00,30438.25,30442.5,30437.0,30438.5,60
2026-06-30T23:29:00-04:00,30437.0,30441.0,30435.0,30437.25,46
2026-06-30T23:30:00-04:00,30439.5,30446.0,30437.75,30443.5,86
2026-06-30T23:31:00-04:00,30443.5,30444.5,30431.75,30434.5,47
2026-06-30T23:32:00-04:00,30435.25,30439.25,30433.0,30438.75,31
2026-06-30T23:33:00-04:00,30438.75,30448.0,30438.75,30443.0,80
2026-06-30T23:34:00-04:00,30443.0,30444.75,30438.5,30442.25,40
2026-06-30T23:35:00-04:00,30443.75,30456.0,30443.75,30455.5,112
2026-06-30T23:36:00-04:00,30455.0,30461.75,30454.0,30459.0,115
2026-06-30T23:37:00-04:00,30459.25,30465.0,30457.25,30457.75,115
2026-06-30T23:38:00-04:00,30457.25,30465.5,30454.5,30459.25,95
2026-06-30T23:39:00-04:00,30458.75,30465.75,30458.75,30464.75,52
2026-06-30T23:40:00-04:00,30463.0,30468.0,30459.75,30464.0,68
2026-06-30T23:41:00-04:00,30463.0,30467.25,30456.5,30459.25,80
2026-06-30T23:42:00-04:00,30456.25,30456.25,30447.5,30449.0,117
2026-06-30T23:43:00-04:00,30447.75,30454.5,30447.75,30453.5,46
2026-06-30T23:44:00-04:00,30452.25,30453.0,30446.0,30448.75,43
2026-06-30T23:45:00-04:00,30450.25,30456.5,30449.75,30453.0,45
2026-06-30T23:46:00-04:00,30454.5,30464.75,30454.5,30463.75,69
2026-06-30T23:47:00-04:00,30464.0,30469.5,30464.0,30466.75,75
2026-06-30T23:48:00-04:00,30465.25,30466.5,30463.0,30465.0,38
2026-06-30T23:49:00-04:00,30464.5,30469.75,30464.5,30468.0,54
2026-06-30T23:50:00-04:00,30468.75,30473.25,30467.75,30472.0,83
2026-06-30T23:51:00-04:00,30471.25,30475.5,30470.0,30473.75,59
2026-06-30T23:52:00-04:00,30474.25,30477.75,30473.0,30473.25,57
2026-06-30T23:53:00-04:00,30473.25,30474.75,30470.75,30470.75,27
2026-06-30T23:54:00-04:00,30471.5,30473.0,30469.75,30470.0,48
2026-06-30T23:55:00-04:00,30469.75,30470.0,30461.0,30466.0,101
2026-06-30T23:56:00-04:00,30466.0,30469.0,30464.25,30469.0,57
2026-06-30T23:57:00-04:00,30469.5,30469.5,30466.25,30469.25,27
2026-06-30T23:58:00-04:00,30467.5,30469.25,30466.0,30466.75,40
2026-07-01T00:09:00-04:00,30452.25,30453.25,30449.25,30451.0,33
2026-07-01T00:10:00-04:00,30451.0,30454.5,30447.5,30447.5,45
2026-07-01T00:11:00-04:00,30449.75,30450.0,30445.5,30447.0,55
2026-07-01T00:12:00-04:00,30447.0,30448.75,30443.25,30445.5,91
2026-07-01T00:13:00-04:00,30445.5,30447.0,30440.5,30440.75,45
2026-07-01T00:14:00-04:00,30441.75,30441.75,30433.25,30437.0,132
2026-07-01T00:15:00-04:00,30436.5,30440.0,30431.0,30438.5,101
2026-07-01T00:16:00-04:00,30438.5,30441.75,30436.0,30439.5,90
2026-07-01T00:17:00-04:00,30438.5,30439.5,30431.25,30437.0,52
2026-07-01T00:18:00-04:00,30435.75,30439.5,30434.5,30434.5,20
2026-07-01T00:19:00-04:00,30435.25,30437.25,30435.0,30436.0,40
2026-07-01T00:20:00-04:00,30435.5,30439.75,30429.0,30439.5,83
2026-07-01T00:21:00-04:00,30438.0,30438.0,30434.5,30436.5,17
2026-07-01T00:22:00-04:00,30439.0,30445.75,30438.0,30442.25,56
2026-07-01T00:23:00-04:00,30442.75,30449.75,30441.5,30444.75,77
2026-07-01T00:24:00-04:00,30444.25,30453.5,30442.0,30442.5,179
2026-07-01T00:25:00-04:00,30442.5,30444.75,30439.0,30442.5,63
2026-07-01T00:26:00-04:00,30441.5,30446.25,30441.25,30446.25,31
2026-07-01T00:27:00-04:00,30448.25,30454.25,30445.25,30451.25,80
2026-07-01T00:28:00-04:00,30450.25,30456.0,30447.25,30451.5,77
2026-07-01T00:29:00-04:00,30452.0,30454.25,30451.0,30451.0,31
2026-07-01T00:30:00-04:00,30452.25,30456.75,30449.75,30451.25,63
2026-07-01T00:31:00-04:00,30452.25,30456.25,30451.25,30452.75,32
2026-07-01T00:32:00-04:00,30451.5,30456.75,30449.25,30455.75,44
2026-07-01T00:33:00-04:00,30455.5,30455.75,30450.25,30453.0,32
2026-07-01T00:34:00-04:00,30452.0,30456.25,30451.75,30454.25,21
2026-07-01T00:35:00-04:00,30453.75,30453.75,30443.25,30443.25,25
2026-07-01T00:36:00-04:00,30442.75,30444.0,30432.75,30442.5,138
2026-07-01T00:37:00-04:00,30442.25,30443.75,30437.0,30438.5,30
2026-07-01T00:38:00-04:00,30441.25,30447.0,30441.0,30445.0,30
2026-07-01T00:39:00-04:00,30445.25,30446.25,30438.25,30440.0,27
2026-07-01T00:40:00-04:00,30439.75,30457.0,30438.0,30455.0,79
2026-07-01T00:41:00-04:00,30456.5,30459.0,30454.5,30455.5,50
2026-07-01T00:42:00-04:00,30455.75,30460.75,30455.25,30459.25,49
2026-07-01T00:43:00-04:00,30458.0,30460.5,30456.5,30457.5,37
2026-07-01T00:44:00-04:00,30457.5,30457.5,30451.25,30451.25,27
2026-07-01T00:45:00-04:00,30454.25,30466.0,30454.25,30466.0,78
2026-07-01T00:46:00-04:00,30463.75,30467.75,30462.75,30463.75,81
2026-07-01T00:47:00-04:00,30463.25,30467.5,30462.0,30463.5,35
2026-07-01T00:48:00-04:00,30464.75,30469.75,30464.75,30468.5,61
2026-07-01T00:49:00-04:00,30467.5,30468.0,30463.75,30466.25,32
2026-07-01T00:50:00-04:00,30467.0,30469.0,30464.0,30468.0,57
2026-07-01T00:51:00-04:00,30467.75,30474.5,30465.25,30471.75,94
2026-07-01T00:52:00-04:00,30471.0,30471.0,30465.5,30466.5,44
2026-07-01T00:53:00-04:00,30467.5,30470.0,30466.0,30468.5,19
2026-07-01T00:54:00-04:00,30469.5,30470.75,30467.75,30470.75,19
2026-07-01T00:55:00-04:00,30470.0,30472.75,30465.0,30465.5,33
2026-07-01T00:56:00-04:00,30463.0,30463.0,30456.75,30459.5,85
2026-07-01T00:57:00-04:00,30459.25,30459.25,30449.5,30449.5,66
2026-07-01T00:58:00-04:00,30448.25,30451.75,30446.0,30451.75,75
2026-07-01T00:59:00-04:00,30448.75,30448.75,30441.5,30443.5,103
2026-07-01T01:00:00-04:00,30445.75,30447.5,30442.25,30445.25,64
2026-07-01T01:01:00-04:00,30445.5,30448.5,30437.25,30438.5,74
2026-07-01T01:02:00-04:00,30438.75,30441.75,30435.5,30436.75,62
2026-07-01T01:03:00-04:00,30437.25,30442.5,30436.75,30442.5,22
2026-07-01T01:04:00-04:00,30441.0,30446.25,30441.0,30446.25,40
2026-07-01T01:05:00-04:00,30445.75,30452.5,30444.75,30451.5,39
2026-07-01T01:06:00-04:00,30450.5,30456.0,30450.5,30453.0,46
2026-07-01T01:07:00-04:00,30453.75,30461.75,30453.5,30459.5,44
2026-07-01T01:08:00-04:00,30459.75,30463.0,30457.5,30460.0,28
2026-07-01T01:09:00-04:00,30459.25,30460.25,30449.75,30449.75,36
2026-07-01T01:10:00-04:00,30450.0,30450.0,30440.75,30445.5,80
2026-07-01T01:11:00-04:00,30443.75,30446.5,30440.0,30442.25,62
2026-07-01T01:12:00-04:00,30441.75,30445.25,30440.5,30442.0,27
2026-07-01T01:13:00-04:00,30443.25,30447.5,30443.25,30444.25,37
2026-07-01T01:14:00-04:00,30444.0,30446.5,30444.0,30446.5,14
2026-07-01T01:15:00-04:00,30444.25,30449.5,30443.25,30443.25,39
2026-07-01T01:16:00-04:00,30444.25,30450.5,30441.25,30449.25,55
2026-07-01T01:17:00-04:00,30447.5,30450.75,30445.25,30449.25,33
2026-07-01T01:18:00-04:00,30449.5,30450.75,30440.0,30444.25,28
2026-07-01T01:19:00-04:00,30443.25,30449.0,30443.25,30448.25,59
2026-07-01T01:20:00-04:00,30448.0,30448.0,30438.0,30439.75,51
2026-07-01T01:21:00-04:00,30438.75,30440.5,30434.0,30436.0,73
2026-07-01T01:22:00-04:00,30435.75,30436.5,30430.5,30434.5,103
2026-07-01T01:23:00-04:00,30433.0,30436.5,30429.25,30435.75,97
2026-07-01T01:24:00-04:00,30436.0,30442.75,30436.0,30440.25,91
2026-07-01T01:25:00-04:00,30440.0,30441.25,30435.0,30437.25,77
2026-07-01T01:26:00-04:00,30437.75,30438.25,30431.75,30433.25,41
2026-07-01T01:27:00-04:00,30433.5,30438.5,30432.5,30436.75,33
2026-07-01T01:28:00-04:00,30436.0,30440.25,30435.5,30439.25,23
2026-07-01T01:29:00-04:00,30438.0,30441.0,30429.75,30436.75,64
2026-07-01T01:30:00-04:00,30436.0,30437.5,30432.5,30436.0,52
2026-07-01T01:31:00-04:00,30436.0,30442.0,30434.5,30435.25,42
2026-07-01T01:32:00-04:00,30435.5,30446.75,30433.75,30442.0,104
2026-07-01T01:33:00-04:00,30442.0,30445.75,30439.0,30442.5,35
2026-07-01T01:34:00-04:00,30438.0,30438.0,30428.0,30434.0,81
2026-07-01T01:35:00-04:00,30435.25,30437.5,30433.0,30433.0,41
2026-07-01T01:36:00-04:00,30433.25,30435.25,30426.25,30432.0,48
2026-07-01T01:37:00-04:00,30430.25,30430.5,30423.5,30427.75,96
2026-07-01T01:38:00-04:00,30426.5,30431.25,30422.25,30429.75,69
2026-07-01T01:39:00-04:00,30430.25,30436.0,30428.5,30435.25,48
2026-07-01T01:40:00-04:00,30436.75,30448.5,30436.5,30447.5,136
2026-07-01T01:41:00-04:00,30447.25,30450.75,30446.25,30449.25,86
2026-07-01T01:42:00-04:00,30450.25,30452.25,30445.0,30446.75,69
2026-07-01T01:43:00-04:00,30445.5,30446.25,30441.5,30441.75,26
2026-07-01T01:44:00-04:00,30440.25,30440.25,30431.25,30436.5,74
2026-07-01T01:45:00-04:00,30435.5,30437.75,30430.0,30433.5,53
2026-07-01T01:46:00-04:00,30432.0,30441.5,30427.25,30441.5,56
2026-07-01T01:47:00-04:00,30443.75,30445.25,30435.75,30436.75,51
2026-07-01T01:48:00-04:00,30435.25,30440.0,30433.5,30434.75,32
2026-07-01T01:49:00-04:00,30435.0,30436.5,30425.0,30426.0,70
2026-07-01T01:50:00-04:00,30425.25,30432.5,30424.0,30430.75,55
2026-07-01T01:51:00-04:00,30432.0,30440.75,30432.0,30436.5,32
2026-07-01T01:52:00-04:00,30438.0,30440.0,30430.25,30433.25,28
2026-07-01T01:53:00-04:00,30433.25,30435.75,30430.75,30432.0,22
2026-07-01T01:54:00-04:00,30431.0,30432.0,30428.0,30431.5,21
2026-07-01T01:55:00-04:00,30430.25,30431.75,30428.0,30430.25,18
2026-07-01T01:56:00-04:00,30431.25,30438.25,30430.25,30435.25,52
2026-07-01T01:57:00-04:00,30436.25,30438.25,30434.5,30436.5,56
2026-07-01T01:58:00-04:00,30437.75,30439.0,30429.75,30429.75,32
2026-07-01T01:59:00-04:00,30430.75,30430.75,30428.5,30429.5,21
2026-07-01T02:00:00-04:00,30430.0,30444.0,30428.5,30440.25,154
2026-07-01T02:01:00-04:00,30436.5,30437.25,30423.0,30424.5,236
2026-07-01T02:02:00-04:00,30424.75,30425.0,30415.25,30420.5,188
2026-07-01T02:03:00-04:00,30419.5,30423.25,30410.25,30412.75,150
2026-07-01T02:04:00-04:00,30413.75,30424.25,30413.75,30415.5,145
2026-07-01T02:05:00-04:00,30415.0,30426.0,30415.0,30420.75,155
2026-07-01T02:06:00-04:00,30422.25,30422.25,30416.75,30419.75,46
2026-07-01T02:07:00-04:00,30417.75,30417.75,30409.75,30413.75,99
2026-07-01T02:08:00-04:00,30413.0,30420.75,30410.0,30412.5,170
2026-07-01T02:09:00-04:00,30413.5,30420.5,30410.0,30416.0,199
2026-07-01T02:10:00-04:00,30415.5,30423.0,30410.75,30421.25,150
2026-07-01T02:11:00-04:00,30421.75,30427.25,30420.25,30424.25,93
2026-07-01T02:12:00-04:00,30423.75,30423.75,30408.75,30413.0,156
2026-07-01T02:13:00-04:00,30414.5,30415.0,30405.25,30406.5,48
2026-07-01T02:14:00-04:00,30406.0,30409.25,30405.0,30408.25,63
2026-07-01T02:15:00-04:00,30408.0,30416.5,30398.5,30403.0,451
2026-07-01T02:16:00-04:00,30403.0,30408.5,30398.0,30406.25,117
2026-07-01T02:17:00-04:00,30406.25,30408.25,30394.25,30395.75,137
2026-07-01T02:18:00-04:00,30395.25,30398.5,30391.25,30396.0,202
2026-07-01T02:19:00-04:00,30396.0,30397.0,30391.25,30392.0,146
2026-07-01T02:20:00-04:00,30391.5,30398.0,30391.25,30393.75,107
2026-07-01T02:21:00-04:00,30392.75,30393.5,30387.0,30391.25,128
2026-07-01T02:22:00-04:00,30390.75,30392.5,30387.25,30388.5,117
2026-07-01T02:23:00-04:00,30388.75,30389.25,30385.0,30386.5,103
2026-07-01T02:24:00-04:00,30387.25,30387.5,30379.5,30382.0,201
2026-07-01T02:25:00-04:00,30381.5,30381.75,30370.0,30370.5,323
2026-07-01T02:26:00-04:00,30370.25,30376.0,30364.5,30376.0,350
2026-07-01T02:27:00-04:00,30375.75,30388.25,30372.0,30388.0,221
2026-07-01T02:28:00-04:00,30387.0,30393.75,30384.25,30393.25,233
2026-07-01T02:29:00-04:00,30393.5,30397.75,30391.25,30395.0,116
2026-07-01T02:30:00-04:00,30396.0,30406.5,30396.0,30406.5,240
2026-07-01T02:31:00-04:00,30405.0,30410.0,30400.5,30403.0,114
2026-07-01T02:32:00-04:00,30403.75,30406.75,30398.25,30399.75,87
2026-07-01T02:33:00-04:00,30399.0,30405.5,30395.75,30398.0,73
2026-07-01T02:34:00-04:00,30395.75,30401.0,30392.5,30394.75,88
2026-07-01T02:35:00-04:00,30394.0,30395.75,30388.0,30389.5,90
2026-07-01T02:36:00-04:00,30389.25,30398.75,30389.25,30397.25,95
2026-07-01T02:37:00-04:00,30396.5,30396.75,30390.0,30393.0,52
2026-07-01T02:38:00-04:00,30395.0,30397.25,30389.0,30391.5,54
2026-07-01T02:39:00-04:00,30392.25,30399.0,30390.75,30395.0,92
2026-07-01T02:40:00-04:00,30392.5,30393.5,30388.0,30391.25,94
2026-07-01T02:41:00-04:00,30390.75,30391.25,30385.75,30387.5,97
2026-07-01T02:42:00-04:00,30387.75,30390.5,30383.5,30385.75,109
2026-07-01T02:43:00-04:00,30384.75,30396.0,30384.0,30392.25,112
2026-07-01T02:44:00-04:00,30392.0,30407.25,30392.0,30407.25,240
2026-07-01T02:45:00-04:00,30407.25,30408.0,30401.25,30405.75,249
2026-07-01T02:46:00-04:00,30405.25,30411.25,30404.75,30409.75,158
2026-07-01T02:47:00-04:00,30409.0,30417.5,30406.5,30417.5,153
2026-07-01T02:48:00-04:00,30416.5,30418.25,30414.75,30415.0,48
2026-07-01T02:49:00-04:00,30415.25,30419.75,30413.5,30414.0,51
2026-07-01T02:50:00-04:00,30414.0,30416.5,30408.0,30408.75,164
2026-07-01T02:51:00-04:00,30410.0,30410.0,30399.5,30402.75,140
2026-07-01T02:52:00-04:00,30402.25,30406.75,30400.25,30406.75,76
2026-07-01T02:53:00-04:00,30406.25,30409.25,30401.75,30403.0,55
2026-07-01T02:54:00-04:00,30401.5,30402.0,30396.5,30397.5,74
2026-07-01T02:55:00-04:00,30397.5,30397.5,30386.75,30386.75,138
2026-07-01T02:56:00-04:00,30387.25,30389.75,30381.0,30385.0,184
2026-07-01T02:57:00-04:00,30384.25,30389.25,30382.0,30387.0,60
2026-07-01T02:58:00-04:00,30387.0,30391.0,30384.75,30390.75,75
2026-07-01T02:59:00-04:00,30388.0,30392.25,30385.75,30391.5,130
2026-07-01T03:00:00-04:00,30391.75,30394.75,30377.0,30378.25,301
2026-07-01T03:01:00-04:00,30377.0,30379.25,30367.75,30368.75,256
2026-07-01T03:02:00-04:00,30368.0,30371.5,30361.5,30367.5,270
2026-07-01T03:03:00-04:00,30368.75,30370.0,30358.0,30361.0,301
2026-07-01T03:04:00-04:00,30361.75,30377.0,30360.0,30369.5,270
2026-07-01T03:05:00-04:00,30370.25,30373.5,30363.5,30367.5,355
2026-07-01T03:06:00-04:00,30367.75,30368.0,30348.5,30352.0,329
2026-07-01T03:07:00-04:00,30350.5,30353.0,30347.75,30348.5,91
2026-07-01T03:08:00-04:00,30347.75,30357.75,30345.5,30353.5,164
2026-07-01T03:09:00-04:00,30353.5,30359.75,30351.75,30353.75,111
2026-07-01T03:10:00-04:00,30353.0,30353.0,30340.0,30342.75,167
2026-07-01T03:11:00-04:00,30343.5,30344.25,30336.0,30339.75,165
2026-07-01T03:12:00-04:00,30339.0,30354.5,30339.0,30344.0,320
2026-07-01T03:13:00-04:00,30343.75,30344.75,30328.5,30331.25,275
2026-07-01T03:14:00-04:00,30331.75,30336.5,30328.0,30334.25,143
2026-07-01T03:15:00-04:00,30334.0,30338.75,30324.0,30325.25,217
2026-07-01T03:16:00-04:00,30326.5,30335.25,30324.0,30325.75,186
2026-07-01T03:17:00-04:00,30326.75,30333.75,30315.0,30315.5,304
2026-07-01T03:18:00-04:00,30315.75,30316.0,30299.0,30312.0,601
2026-07-01T03:19:00-04:00,30311.5,30322.25,30308.25,30322.0,195
2026-07-01T03:20:00-04:00,30321.75,30324.75,30302.5,30304.25,289
2026-07-01T03:21:00-04:00,30304.0,30336.5,30304.0,30335.0,248
2026-07-01T03:22:00-04:00,30336.5,30344.75,30333.5,30340.5,194
2026-07-01T03:23:00-04:00,30339.25,30352.25,30335.5,30351.25,292
2026-07-01T03:24:00-04:00,30351.25,30351.25,30342.25,30348.75,134
2026-07-01T03:25:00-04:00,30346.75,30355.25,30345.0,30351.75,147
2026-07-01T03:26:00-04:00,30351.0,30353.5,30344.75,30353.0,136
2026-07-01T03:27:00-04:00,30352.75,30358.5,30352.5,30357.25,112
2026-07-01T03:28:00-04:00,30356.75,30357.75,30349.75,30351.25,126
2026-07-01T03:29:00-04:00,30351.75,30353.0,30344.0,30350.0,154
2026-07-01T03:30:00-04:00,30350.0,30355.0,30345.0,30347.75,83
2026-07-01T03:31:00-04:00,30347.75,30358.75,30347.75,30355.25,211
2026-07-01T03:32:00-04:00,30355.75,30355.75,30349.5,30352.0,57
2026-07-01T03:33:00-04:00,30351.0,30359.0,30350.0,30357.75,53
2026-07-01T03:34:00-04:00,30359.0,30363.75,30358.0,30359.5,101
2026-07-01T03:35:00-04:00,30359.75,30361.5,30349.75,30351.5,126
2026-07-01T03:36:00-04:00,30353.25,30356.75,30352.5,30354.25,88
2026-07-01T03:37:00-04:00,30354.5,30359.25,30354.0,30356.25,107
2026-07-01T03:38:00-04:00,30356.5,30359.75,30350.25,30352.0,212
2026-07-01T03:39:00-04:00,30352.0,30369.25,30350.75,30364.75,192
2026-07-01T03:40:00-04:00,30364.5,30366.25,30356.0,30359.25,54
2026-07-01T03:41:00-04:00,30358.25,30366.75,30358.25,30364.0,81
2026-07-01T03:42:00-04:00,30365.0,30365.0,30359.5,30359.5,24
2026-07-01T03:43:00-04:00,30359.25,30362.5,30356.0,30359.5,84
2026-07-01T03:44:00-04:00,30360.0,30360.0,30354.75,30356.0,37
2026-07-01T03:45:00-04:00,30357.25,30362.25,30355.25,30356.0,27
2026-07-01T03:46:00-04:00,30357.75,30357.75,30348.0,30354.0,144
2026-07-01T03:47:00-04:00,30352.75,30361.75,30352.5,30360.75,130
2026-07-01T03:48:00-04:00,30358.5,30368.5,30358.25,30368.0,96
2026-07-01T03:49:00-04:00,30366.25,30376.5,30360.25,30374.5,301
2026-07-01T03:50:00-04:00,30375.25,30380.5,30364.5,30368.5,242
2026-07-01T03:51:00-04:00,30368.0,30370.25,30360.0,30360.0,91
2026-07-01T03:52:00-04:00,30360.25,30363.5,30358.25,30361.5,34
2026-07-01T03:53:00-04:00,30360.75,30376.5,30360.75,30376.0,108
2026-07-01T03:54:00-04:00,30375.0,30378.0,30371.0,30374.75,84
2026-07-01T03:55:00-04:00,30375.25,30382.0,30374.5,30376.75,80
2026-07-01T03:56:00-04:00,30376.0,30377.75,30372.75,30373.5,52
2026-07-01T03:57:00-04:00,30373.0,30383.0,30371.25,30383.0,44
2026-07-01T03:58:00-04:00,30383.0,30383.75,30372.25,30373.5,136
2026-07-01T03:59:00-04:00,30373.5,30374.5,30370.25,30374.0,39
2026-07-01T04:00:00-04:00,30374.75,30376.75,30358.0,30358.0,299
2026-07-01T04:01:00-04:00,30357.25,30363.5,30352.75,30356.75,191
2026-07-01T04:02:00-04:00,30357.75,30358.5,30348.0,30348.5,177
2026-07-01T04:03:00-04:00,30350.0,30351.5,30339.75,30342.5,207
2026-07-01T04:04:00-04:00,30342.75,30353.0,30338.25,30339.25,153
2026-07-01T04:05:00-04:00,30339.25,30349.25,30333.75,30348.0,160
2026-07-01T04:06:00-04:00,30346.0,30348.5,30339.0,30346.75,150
2026-07-01T04:07:00-04:00,30347.25,30357.0,30342.0,30357.0,133
2026-07-01T04:08:00-04:00,30357.5,30365.0,30357.5,30364.0,123
2026-07-01T04:09:00-04:00,30362.75,30362.75,30351.25,30354.0,278
2026-07-01T04:10:00-04:00,30353.0,30360.25,30352.0,30352.5,133
2026-07-01T04:11:00-04:00,30353.0,30356.0,30344.5,30347.75,66
2026-07-01T04:12:00-04:00,30348.0,30358.75,30346.0,30357.75,98
2026-07-01T04:13:00-04:00,30357.25,30362.5,30355.75,30359.5,164
2026-07-01T04:14:00-04:00,30359.75,30363.25,30355.5,30358.5,50
2026-07-01T04:15:00-04:00,30357.0,30364.75,30350.75,30360.75,100
2026-07-01T04:16:00-04:00,30361.5,30362.0,30354.25,30355.0,42
2026-07-01T04:17:00-04:00,30355.75,30363.5,30352.0,30363.5,82
2026-07-01T04:18:00-04:00,30360.5,30363.25,30357.0,30362.5,88
2026-07-01T04:19:00-04:00,30362.5,30367.25,30353.75,30354.5,114
2026-07-01T04:20:00-04:00,30354.75,30361.5,30343.0,30350.0,140
2026-07-01T04:21:00-04:00,30351.0,30355.0,30349.25,30351.5,103
2026-07-01T04:22:00-04:00,30348.0,30348.0,30341.0,30341.5,76
2026-07-01T04:23:00-04:00,30343.5,30345.25,30333.25,30343.25,104
2026-07-01T04:24:00-04:00,30343.75,30349.0,30341.25,30345.0,69
2026-07-01T04:25:00-04:00,30344.25,30353.0,30343.5,30352.5,59
2026-07-01T04:26:00-04:00,30350.5,30351.75,30342.75,30342.75,60
2026-07-01T04:27:00-04:00,30342.75,30345.0,30338.75,30342.5,41
2026-07-01T04:28:00-04:00,30341.75,30341.75,30327.0,30327.0,114
2026-07-01T04:29:00-04:00,30327.0,30333.25,30321.75,30333.25,351
2026-07-01T04:30:00-04:00,30331.25,30338.0,30321.0,30323.0,97
2026-07-01T04:31:00-04:00,30322.5,30331.0,30321.75,30329.75,81
2026-07-01T04:32:00-04:00,30330.0,30332.25,30322.25,30324.75,39
2026-07-01T04:33:00-04:00,30323.5,30326.5,30317.5,30322.25,48
2026-07-01T04:34:00-04:00,30323.75,30344.25,30323.5,30338.25,116
2026-07-01T04:35:00-04:00,30340.0,30343.75,30338.75,30341.0,112
2026-07-01T04:36:00-04:00,30338.75,30343.5,30331.25,30336.25,122
2026-07-01T04:37:00-04:00,30337.25,30340.0,30333.0,30338.0,31
2026-07-01T04:38:00-04:00,30334.75,30337.25,30330.25,30333.0,55
2026-07-01T04:39:00-04:00,30333.5,30347.5,30332.0,30346.25,129
2026-07-01T04:40:00-04:00,30346.25,30347.5,30341.0,30341.75,158
2026-07-01T04:41:00-04:00,30343.0,30348.5,30343.0,30346.75,41
2026-07-01T04:42:00-04:00,30347.5,30361.25,30345.5,30360.75,161
2026-07-01T04:43:00-04:00,30359.75,30363.75,30355.25,30363.75,73
2026-07-01T04:44:00-04:00,30364.0,30366.25,30359.0,30359.0,84
2026-07-01T04:45:00-04:00,30358.0,30358.25,30353.25,30358.0,36
2026-07-01T04:46:00-04:00,30358.75,30359.75,30349.25,30349.5,51
2026-07-01T04:47:00-04:00,30349.0,30357.0,30345.5,30352.5,43
2026-07-01T04:48:00-04:00,30353.25,30353.5,30348.5,30349.75,58
2026-07-01T04:49:00-04:00,30352.0,30353.75,30349.75,30350.0,21
2026-07-01T04:50:00-04:00,30350.25,30351.25,30347.5,30350.5,28
2026-07-01T04:51:00-04:00,30352.5,30363.0,30352.5,30363.0,60
2026-07-01T04:52:00-04:00,30363.75,30368.0,30363.5,30367.25,70
2026-07-01T04:53:00-04:00,30366.25,30372.25,30365.75,30371.5,40
2026-07-01T04:54:00-04:00,30370.5,30376.0,30370.5,30372.75,102
2026-07-01T04:55:00-04:00,30373.25,30378.0,30367.25,30368.0,97
2026-07-01T04:56:00-04:00,30369.0,30369.25,30364.5,30369.25,33
2026-07-01T04:57:00-04:00,30368.25,30372.5,30365.25,30366.0,51
2026-07-01T04:58:00-04:00,30367.0,30370.75,30367.0,30368.75,33
2026-07-01T04:59:00-04:00,30369.5,30377.5,30369.0,30377.0,45
2026-07-01T05:00:00-04:00,30376.25,30377.75,30362.5,30365.25,132
2026-07-01T05:01:00-04:00,30366.5,30368.0,30360.0,30362.75,58
2026-07-01T05:02:00-04:00,30363.75,30368.0,30361.25,30362.5,71
2026-07-01T05:03:00-04:00,30362.0,30362.0,30355.25,30359.0,57
2026-07-01T05:04:00-04:00,30360.0,30360.25,30346.25,30350.75,144
2026-07-01T05:05:00-04:00,30351.5,30356.5,30350.0,30350.0,143
2026-07-01T05:06:00-04:00,30349.0,30361.75,30349.0,30360.0,59
2026-07-01T05:07:00-04:00,30358.75,30358.75,30355.0,30355.0,52
2026-07-01T05:08:00-04:00,30354.25,30362.75,30353.0,30353.75,42
2026-07-01T05:09:00-04:00,30353.75,30353.75,30347.5,30349.25,57
2026-07-01T05:10:00-04:00,30351.25,30351.5,30338.75,30339.25,140
2026-07-01T05:11:00-04:00,30340.0,30349.25,30339.25,30349.25,67
2026-07-01T05:12:00-04:00,30348.75,30360.0,30348.75,30359.0,86
2026-07-01T05:13:00-04:00,30359.25,30359.25,30353.0,30354.5,36
2026-07-01T05:14:00-04:00,30354.5,30358.5,30349.5,30349.5,37
2026-07-01T05:15:00-04:00,30349.25,30354.75,30349.25,30353.0,57
2026-07-01T05:16:00-04:00,30353.0,30355.5,30351.25,30353.25,21
2026-07-01T05:17:00-04:00,30354.75,30358.75,30354.75,30357.75,79
2026-07-01T05:18:00-04:00,30358.5,30361.5,30351.75,30360.5,67
2026-07-01T05:19:00-04:00,30360.25,30360.25,30355.0,30357.25,28
2026-07-01T05:20:00-04:00,30357.5,30362.25,30356.5,30358.25,23
2026-07-01T05:21:00-04:00,30357.25,30359.0,30352.0,30359.0,30
2026-07-01T05:22:00-04:00,30359.0,30361.75,30354.75,30356.0,24
2026-07-01T05:23:00-04:00,30360.5,30362.25,30355.0,30361.25,74
2026-07-01T05:24:00-04:00,30363.0,30363.75,30355.5,30355.75,49
2026-07-01T05:25:00-04:00,30356.0,30356.0,30344.0,30346.25,99
2026-07-01T05:26:00-04:00,30347.25,30352.75,30345.0,30352.0,40
2026-07-01T05:27:00-04:00,30353.0,30354.0,30347.75,30349.0,32
2026-07-01T05:28:00-04:00,30348.75,30351.25,30348.5,30349.0,29
2026-07-01T05:29:00-04:00,30347.5,30354.5,30345.75,30354.5,30
2026-07-01T05:30:00-04:00,30354.5,30354.5,30347.5,30348.0,25
2026-07-01T05:31:00-04:00,30350.5,30355.75,30349.5,30352.75,20
2026-07-01T05:32:00-04:00,30353.75,30361.0,30353.75,30359.0,38
2026-07-01T05:33:00-04:00,30358.75,30361.75,30358.75,30361.75,21
2026-07-01T05:34:00-04:00,30363.0,30365.0,30361.0,30361.0,41
2026-07-01T05:35:00-04:00,30362.5,30364.5,30359.25,30360.5,24
2026-07-01T05:36:00-04:00,30356.5,30364.5,30356.25,30362.75,14
2026-07-01T05:37:00-04:00,30362.0,30362.0,30356.25,30360.25,19
2026-07-01T05:38:00-04:00,30359.5,30359.5,30355.0,30356.5,16
2026-07-01T05:39:00-04:00,30356.0,30359.5,30355.5,30358.25,19
2026-07-01T05:40:00-04:00,30359.75,30363.5,30357.0,30358.0,36
2026-07-01T05:41:00-04:00,30357.75,30360.75,30354.5,30357.0,20
2026-07-01T05:42:00-04:00,30358.25,30358.5,30355.25,30355.25,26
2026-07-01T05:43:00-04:00,30357.0,30358.25,30355.75,30358.25,18
2026-07-01T05:44:00-04:00,30357.25,30359.0,30352.25,30359.0,22
2026-07-01T05:45:00-04:00,30359.25,30371.0,30359.0,30365.0,67
2026-07-01T05:46:00-04:00,30365.5,30370.75,30364.0,30368.5,34
2026-07-01T05:47:00-04:00,30368.25,30373.0,30368.0,30369.0,60
2026-07-01T05:48:00-04:00,30369.75,30372.25,30367.0,30369.25,31
2026-07-01T05:49:00-04:00,30368.75,30372.0,30366.75,30369.25,26
2026-07-01T05:50:00-04:00,30371.75,30372.0,30368.5,30371.75,32
2026-07-01T05:51:00-04:00,30370.5,30374.0,30367.25,30374.0,47
2026-07-01T05:52:00-04:00,30373.5,30374.75,30366.0,30371.25,43
2026-07-01T05:53:00-04:00,30373.5,30380.25,30373.25,30378.25,82
2026-07-01T05:54:00-04:00,30377.0,30382.0,30373.5,30378.5,109
2026-07-01T05:55:00-04:00,30377.75,30380.5,30376.5,30380.25,27
2026-07-01T05:56:00-04:00,30380.75,30384.75,30376.25,30378.25,110
2026-07-01T05:57:00-04:00,30378.0,30384.75,30378.0,30382.0,71
2026-07-01T05:58:00-04:00,30383.25,30383.25,30380.75,30381.5,36
2026-07-01T05:59:00-04:00,30382.25,30386.25,30381.75,30385.0,47
2026-07-01T06:00:00-04:00,30384.75,30389.75,30383.5,30384.0,88
2026-07-01T06:01:00-04:00,30383.0,30385.75,30379.0,30385.0,51
2026-07-01T06:02:00-04:00,30385.25,30388.5,30381.75,30382.75,109
2026-07-01T06:03:00-04:00,30382.25,30382.5,30377.5,30380.0,44
2026-07-01T06:04:00-04:00,30380.0,30383.75,30374.25,30378.5,118
2026-07-01T06:05:00-04:00,30376.75,30380.0,30374.0,30379.25,59
2026-07-01T06:06:00-04:00,30379.0,30379.25,30367.75,30368.25,84
2026-07-01T06:07:00-04:00,30369.5,30374.0,30367.75,30368.25,88
2026-07-01T06:08:00-04:00,30370.5,30372.5,30366.75,30371.25,75
2026-07-01T06:09:00-04:00,30372.25,30375.5,30368.0,30370.25,66
2026-07-01T06:10:00-04:00,30368.5,30368.5,30351.75,30355.0,296
2026-07-01T06:11:00-04:00,30354.25,30361.75,30352.0,30361.75,111
2026-07-01T06:12:00-04:00,30362.75,30369.0,30362.0,30366.75,95
2026-07-01T06:13:00-04:00,30367.0,30368.5,30362.5,30362.5,38
2026-07-01T06:14:00-04:00,30361.5,30361.5,30356.25,30361.25,41
2026-07-01T06:15:00-04:00,30363.5,30368.25,30360.0,30368.25,46
2026-07-01T06:16:00-04:00,30368.75,30374.5,30368.75,30373.25,50
2026-07-01T06:17:00-04:00,30374.0,30378.0,30370.5,30378.0,42
2026-07-01T06:18:00-04:00,30379.5,30381.5,30375.0,30378.5,103
2026-07-01T06:19:00-04:00,30379.75,30380.75,30376.5,30379.25,48
2026-07-01T06:20:00-04:00,30379.5,30395.25,30379.5,30392.75,183
2026-07-01T06:21:00-04:00,30392.75,30395.0,30391.25,30392.0,48
2026-07-01T06:22:00-04:00,30392.25,30393.0,30388.0,30390.25,55
2026-07-01T06:23:00-04:00,30389.0,30394.5,30387.75,30390.0,65
2026-07-01T06:24:00-04:00,30389.75,30391.25,30386.0,30387.5,89
2026-07-01T06:25:00-04:00,30386.75,30388.75,30384.75,30386.25,49
2026-07-01T06:26:00-04:00,30386.0,30390.0,30383.75,30386.5,46
2026-07-01T06:27:00-04:00,30386.25,30397.5,30380.25,30393.5,234
2026-07-01T06:28:00-04:00,30392.0,30396.25,30391.75,30394.0,85
2026-07-01T06:29:00-04:00,30394.5,30396.0,30392.25,30395.0,70
2026-07-01T06:30:00-04:00,30394.5,30396.0,30390.0,30392.25,106
2026-07-01T06:31:00-04:00,30392.25,30395.0,30386.0,30386.0,60
2026-07-01T06:32:00-04:00,30385.75,30389.25,30385.75,30387.75,30
2026-07-01T06:33:00-04:00,30388.5,30391.25,30388.5,30390.75,24
2026-07-01T06:34:00-04:00,30391.5,30393.75,30385.25,30393.75,50
2026-07-01T06:35:00-04:00,30394.25,30396.5,30388.75,30391.0,97
2026-07-01T06:36:00-04:00,30391.75,30394.75,30391.75,30394.75,22
2026-07-01T06:37:00-04:00,30393.0,30401.0,30391.75,30398.5,120
2026-07-01T06:38:00-04:00,30397.75,30398.0,30391.75,30392.25,34
2026-07-01T06:39:00-04:00,30392.75,30393.5,30389.25,30393.0,43
2026-07-01T06:40:00-04:00,30393.0,30397.5,30391.5,30395.25,40
2026-07-01T06:41:00-04:00,30394.75,30394.75,30384.75,30387.75,102
2026-07-01T06:42:00-04:00,30387.25,30388.0,30381.5,30385.0,85
2026-07-01T06:43:00-04:00,30385.0,30385.0,30364.25,30380.75,638
2026-07-01T06:44:00-04:00,30382.0,30387.25,30381.0,30387.25,114
2026-07-01T06:45:00-04:00,30386.75,30390.0,30385.5,30388.0,45
2026-07-01T06:46:00-04:00,30388.5,30388.5,30386.25,30388.0,23
2026-07-01T06:47:00-04:00,30389.25,30390.0,30384.0,30387.0,36
2026-07-01T06:48:00-04:00,30386.0,30390.25,30385.5,30385.5,26
2026-07-01T06:49:00-04:00,30387.5,30397.25,30387.5,30395.75,120
2026-07-01T06:50:00-04:00,30395.0,30398.25,30394.5,30397.0,64
2026-07-01T06:51:00-04:00,30398.0,30402.25,30395.5,30401.25,57
2026-07-01T06:52:00-04:00,30401.75,30406.75,30401.25,30404.75,115
2026-07-01T06:53:00-04:00,30405.5,30405.5,30402.25,30403.0,88
2026-07-01T06:54:00-04:00,30402.5,30405.0,30399.5,30405.0,58
2026-07-01T06:55:00-04:00,30404.75,30410.0,30403.75,30408.75,117
2026-07-01T06:56:00-04:00,30408.5,30411.0,30407.75,30409.25,67
2026-07-01T06:57:00-04:00,30410.0,30414.25,30408.5,30413.25,111
2026-07-01T06:58:00-04:00,30412.25,30414.5,30405.75,30406.5,117
2026-07-01T06:59:00-04:00,30405.5,30407.75,30402.0,30407.75,189
2026-07-01T07:00:00-04:00,30406.75,30422.25,30406.75,30416.0,302
2026-07-01T07:01:00-04:00,30416.25,30417.25,30409.0,30414.75,123
2026-07-01T07:02:00-04:00,30413.75,30415.75,30413.0,30414.75,27
2026-07-01T07:03:00-04:00,30415.25,30426.0,30413.5,30423.0,151
2026-07-01T07:04:00-04:00,30421.75,30428.0,30420.5,30425.0,117
2026-07-01T07:05:00-04:00,30424.5,30435.25,30424.5,30429.25,191
2026-07-01T07:06:00-04:00,30428.75,30433.0,30426.0,30430.25,105
2026-07-01T07:07:00-04:00,30431.0,30432.25,30426.75,30429.5,53
2026-07-01T07:08:00-04:00,30429.25,30432.5,30420.25,30421.0,95
2026-07-01T07:09:00-04:00,30421.0,30423.25,30416.0,30422.25,109
2026-07-01T07:10:00-04:00,30421.75,30423.5,30416.25,30421.25,131
2026-07-01T07:11:00-04:00,30421.5,30434.0,30421.5,30427.25,123
2026-07-01T07:12:00-04:00,30428.25,30429.5,30414.25,30417.25,201
2026-07-01T07:13:00-04:00,30416.5,30419.0,30411.75,30412.75,105
2026-07-01T07:14:00-04:00,30414.5,30415.0,30409.25,30413.0,83
2026-07-01T07:15:00-04:00,30414.25,30417.0,30410.75,30413.0,99
2026-07-01T07:16:00-04:00,30412.25,30418.5,30412.0,30418.0,81
2026-07-01T07:17:00-04:00,30418.5,30418.75,30414.25,30415.75,72
2026-07-01T07:18:00-04:00,30416.0,30419.75,30412.75,30417.25,85
2026-07-01T07:19:00-04:00,30415.75,30416.75,30406.0,30408.25,120
2026-07-01T07:20:00-04:00,30407.0,30410.75,30402.0,30405.5,153
2026-07-01T07:21:00-04:00,30406.5,30409.5,30403.0,30405.25,61
2026-07-01T07:22:00-04:00,30406.0,30411.0,30402.0,30402.0,58
2026-07-01T07:23:00-04:00,30402.0,30403.5,30396.75,30398.0,94
2026-07-01T07:24:00-04:00,30398.25,30405.5,30397.0,30403.25,155
2026-07-01T07:25:00-04:00,30402.5,30408.75,30400.25,30407.5,107
2026-07-01T07:26:00-04:00,30409.0,30413.5,30406.75,30411.25,43
2026-07-01T07:27:00-04:00,30411.25,30414.75,30408.5,30410.25,69
2026-07-01T07:28:00-04:00,30410.0,30410.75,30405.5,30408.75,53
2026-07-01T07:29:00-04:00,30408.5,30412.0,30396.25,30398.75,88
2026-07-01T07:30:00-04:00,30399.0,30402.0,30395.0,30401.25,72
2026-07-01T07:31:00-04:00,30400.75,30401.0,30392.25,30398.5,105
2026-07-01T07:32:00-04:00,30398.75,30398.75,30393.75,30397.25,37
2026-07-01T07:33:00-04:00,30397.0,30401.5,30396.25,30399.5,82
2026-07-01T07:34:00-04:00,30397.75,30397.75,30387.0,30389.25,189
2026-07-01T07:35:00-04:00,30387.25,30394.0,30387.25,30394.0,106
2026-07-01T07:36:00-04:00,30394.0,30396.0,30387.5,30387.5,110
2026-07-01T07:37:00-04:00,30388.5,30391.5,30382.0,30387.0,95
2026-07-01T07:38:00-04:00,30386.75,30388.25,30376.5,30379.0,135
2026-07-01T07:39:00-04:00,30377.25,30384.0,30375.5,30383.25,161
2026-07-01T07:40:00-04:00,30382.75,30386.25,30374.5,30386.25,215
2026-07-01T07:41:00-04:00,30385.75,30388.75,30373.75,30376.5,230
2026-07-01T07:42:00-04:00,30375.5,30382.75,30374.5,30380.75,79
2026-07-01T07:43:00-04:00,30380.75,30385.0,30378.0,30384.0,52
2026-07-01T07:44:00-04:00,30384.75,30398.0,30384.75,30396.75,153
2026-07-01T07:45:00-04:00,30395.75,30396.75,30388.75,30390.0,153
2026-07-01T07:46:00-04:00,30389.0,30392.75,30386.25,30389.25,68
2026-07-01T07:47:00-04:00,30392.5,30393.0,30389.75,30390.75,32
2026-07-01T07:48:00-04:00,30391.0,30394.0,30372.0,30375.0,154
2026-07-01T07:49:00-04:00,30373.75,30376.5,30369.5,30372.25,200
2026-07-01T07:50:00-04:00,30371.75,30373.0,30365.0,30365.0,103
2026-07-01T07:51:00-04:00,30365.0,30373.0,30363.75,30369.5,138
2026-07-01T07:52:00-04:00,30370.75,30371.5,30363.25,30370.0,132
2026-07-01T07:53:00-04:00,30371.0,30375.0,30368.5,30371.5,110
2026-07-01T07:54:00-04:00,30373.0,30376.25,30356.0,30359.0,215
2026-07-01T07:55:00-04:00,30358.0,30362.25,30355.5,30360.5,91
2026-07-01T07:56:00-04:00,30360.75,30361.0,30355.0,30361.0,133
2026-07-01T07:57:00-04:00,30361.0,30366.75,30360.25,30365.75,106
2026-07-01T07:58:00-04:00,30364.75,30366.75,30359.5,30364.0,109
2026-07-01T07:59:00-04:00,30365.0,30367.5,30359.75,30362.75,87
2026-07-01T08:00:00-04:00,30363.0,30373.75,30361.5,30361.5,196
2026-07-01T08:01:00-04:00,30360.0,30362.0,30353.0,30358.5,188
2026-07-01T08:02:00-04:00,30358.5,30358.5,30341.25,30344.5,262
2026-07-01T08:03:00-04:00,30342.75,30346.25,30340.5,30346.25,119
2026-07-01T08:04:00-04:00,30346.25,30346.75,30340.0,30341.25,113
2026-07-01T08:05:00-04:00,30340.5,30349.25,30338.0,30348.5,194
2026-07-01T08:06:00-04:00,30347.25,30348.5,30337.5,30339.0,168
2026-07-01T08:07:00-04:00,30337.25,30346.75,30332.5,30336.75,145
2026-07-01T08:08:00-04:00,30337.25,30351.0,30337.25,30349.0,150
2026-07-01T08:09:00-04:00,30348.25,30357.25,30346.5,30355.75,96
2026-07-01T08:10:00-04:00,30356.5,30366.25,30356.5,30364.25,230
2026-07-01T08:11:00-04:00,30363.5,30367.25,30356.75,30361.25,167
2026-07-01T08:12:00-04:00,30356.0,30363.0,30349.5,30363.0,147
2026-07-01T08:13:00-04:00,30361.75,30369.0,30360.5,30365.25,78
2026-07-01T08:14:00-04:00,30365.75,30367.0,30357.25,30358.25,78
2026-07-01T08:15:00-04:00,30359.75,30376.5,30359.75,30375.5,224
2026-07-01T08:16:00-04:00,30375.5,30384.5,30374.5,30376.5,184
2026-07-01T08:17:00-04:00,30376.25,30378.75,30370.75,30376.0,128
2026-07-01T08:18:00-04:00,30375.0,30375.0,30367.0,30373.25,165
2026-07-01T08:19:00-04:00,30374.0,30381.25,30373.0,30379.5,106
2026-07-01T08:20:00-04:00,30379.5,30382.75,30372.0,30374.0,105
2026-07-01T08:21:00-04:00,30374.75,30382.5,30374.75,30377.25,103
2026-07-01T08:22:00-04:00,30377.5,30377.75,30369.25,30377.75,121
2026-07-01T08:23:00-04:00,30377.25,30385.25,30377.25,30385.0,88
2026-07-01T08:24:00-04:00,30385.25,30387.75,30380.0,30387.75,136
2026-07-01T08:25:00-04:00,30386.75,30386.75,30375.5,30378.0,159
2026-07-01T08:26:00-04:00,30377.75,30381.5,30372.5,30376.5,135
2026-07-01T08:27:00-04:00,30377.25,30380.0,30365.75,30365.75,206
2026-07-01T08:28:00-04:00,30366.5,30375.75,30363.5,30375.75,261
2026-07-01T08:29:00-04:00,30375.0,30377.0,30367.75,30369.5,105
2026-07-01T08:30:00-04:00,30368.5,30368.5,30339.0,30349.75,677
2026-07-01T08:31:00-04:00,30349.5,30363.75,30349.25,30356.25,312
2026-07-01T08:32:00-04:00,30356.0,30370.0,30350.25,30357.75,332
2026-07-01T08:33:00-04:00,30357.25,30393.75,30354.5,30384.75,510
2026-07-01T08:34:00-04:00,30384.0,30395.0,30297.25,30300.5,2446
2026-07-01T08:35:00-04:00,30299.25,30320.0,30288.0,30304.25,1093
2026-07-01T08:36:00-04:00,30303.5,30310.25,30280.75,30293.0,907
2026-07-01T08:37:00-04:00,30293.0,30297.75,30276.75,30278.25,724
2026-07-01T08:38:00-04:00,30278.75,30300.5,30275.5,30288.5,511
2026-07-01T08:39:00-04:00,30286.5,30288.5,30262.75,30263.5,908
2026-07-01T08:40:00-04:00,30263.25,30276.75,30248.25,30269.0,963
2026-07-01T08:41:00-04:00,30267.25,30291.75,30265.0,30291.0,675
2026-07-01T08:42:00-04:00,30290.5,30295.0,30243.75,30247.25,917
2026-07-01T08:43:00-04:00,30247.25,30275.5,30244.75,30270.5,659
2026-07-01T08:44:00-04:00,30270.5,30285.5,30258.25,30271.5,718
2026-07-01T08:45:00-04:00,30271.5,30283.5,30253.75,30276.25,602
2026-07-01T08:46:00-04:00,30276.25,30281.5,30264.0,30265.25,347
2026-07-01T08:47:00-04:00,30265.75,30270.0,30248.25,30254.0,704
2026-07-01T08:48:00-04:00,30254.0,30263.0,30246.0,30261.0,613
2026-07-01T08:49:00-04:00,30260.0,30264.0,30240.5,30249.25,329
2026-07-01T08:50:00-04:00,30252.25,30280.0,30245.25,30278.25,744
2026-07-01T08:51:00-04:00,30278.75,30287.25,30264.75,30284.75,443
2026-07-01T08:52:00-04:00,30284.25,30285.25,30257.0,30260.5,359
2026-07-01T08:53:00-04:00,30262.25,30263.25,30244.25,30250.25,563
2026-07-01T08:54:00-04:00,30248.0,30254.75,30233.25,30246.5,803
2026-07-01T08:55:00-04:00,30248.75,30259.75,30233.5,30252.0,668
2026-07-01T08:56:00-04:00,30252.5,30274.5,30240.0,30273.5,647
2026-07-01T08:57:00-04:00,30274.0,30285.0,30265.25,30266.0,572
2026-07-01T08:58:00-04:00,30266.5,30282.75,30256.0,30280.0,366
2026-07-01T08:59:00-04:00,30280.5,30284.75,30265.75,30268.75,506
2026-07-01T09:00:00-04:00,30267.75,30283.5,30266.0,30273.0,335
2026-07-01T09:01:00-04:00,30271.25,30301.0,30269.0,30292.0,622
2026-07-01T09:02:00-04:00,30290.25,30298.0,30281.25,30296.75,405
2026-07-01T09:03:00-04:00,30296.75,30307.0,30280.0,30281.5,647
2026-07-01T09:04:00-04:00,30282.25,30299.0,30282.25,30290.25,523
2026-07-01T09:05:00-04:00,30289.75,30293.5,30273.0,30276.25,242
2026-07-01T09:06:00-04:00,30278.5,30280.0,30255.75,30259.5,633
2026-07-01T09:07:00-04:00,30260.5,30270.25,30257.0,30269.0,450
2026-07-01T09:08:00-04:00,30269.0,30271.5,30252.25,30253.0,380
2026-07-01T09:09:00-04:00,30252.25,30268.0,30250.5,30259.75,271
2026-07-01T09:10:00-04:00,30262.75,30266.75,30252.75,30264.5,305
2026-07-01T09:11:00-04:00,30264.25,30274.0,30240.0,30264.25,519
2026-07-01T09:12:00-04:00,30265.5,30266.5,30248.5,30252.5,242
2026-07-01T09:13:00-04:00,30251.5,30264.0,30244.25,30258.75,265
2026-07-01T09:14:00-04:00,30261.0,30262.75,30244.5,30254.25,232
2026-07-01T09:15:00-04:00,30254.5,30266.0,30247.25,30257.0,329
2026-07-01T09:16:00-04:00,30256.25,30267.0,30248.75,30262.25,338
2026-07-01T09:17:00-04:00,30261.25,30307.5,30259.0,30304.25,593
2026-07-01T09:18:00-04:00,30303.25,30314.5,30297.25,30298.5,1029
2026-07-01T09:19:00-04:00,30297.25,30297.25,30280.75,30284.0,322
2026-07-01T09:20:00-04:00,30284.5,30293.5,30280.0,30290.75,309
2026-07-01T09:21:00-04:00,30292.0,30294.25,30278.75,30289.75,234
2026-07-01T09:22:00-04:00,30290.25,30291.5,30276.25,30290.0,214
2026-07-01T09:23:00-04:00,30289.75,30297.75,30280.25,30283.25,273
2026-07-01T09:24:00-04:00,30282.75,30294.0,30279.5,30289.0,302
2026-07-01T09:25:00-04:00,30289.0,30292.0,30244.5,30251.5,1281
2026-07-01T09:26:00-04:00,30251.0,30258.75,30242.0,30254.5,647
2026-07-01T09:27:00-04:00,30254.25,30266.5,30249.5,30256.25,712
2026-07-01T09:28:00-04:00,30255.75,30260.5,30228.0,30229.5,1374
2026-07-01T09:29:00-04:00,30230.25,30257.0,30213.0,30235.5,1978
2026-07-01T09:30:00-04:00,30235.75,30260.0,30168.75,30240.75,8006
2026-07-01T09:31:00-04:00,30240.0,30240.0,30155.25,30215.75,4298
2026-07-01T09:32:00-04:00,30215.0,30253.75,30166.25,30177.25,3666
2026-07-01T09:33:00-04:00,30175.5,30180.0,30118.5,30120.25,3815
2026-07-01T09:34:00-04:00,30121.25,30152.75,30104.75,30118.5,3494
2026-07-01T09:35:00-04:00,30117.5,30137.0,30087.75,30102.5,3189
2026-07-01T09:36:00-04:00,30102.5,30142.25,30098.0,30117.25,2914
2026-07-01T09:37:00-04:00,30117.75,30162.5,30112.25,30118.5,2757
2026-07-01T09:38:00-04:00,30118.75,30141.0,30094.5,30118.0,2649
2026-07-01T09:39:00-04:00,30119.0,30141.0,30096.5,30114.5,2516
2026-07-01T09:40:00-04:00,30114.5,30163.75,30097.5,30145.25,3248
2026-07-01T09:41:00-04:00,30146.5,30184.25,30120.5,30161.5,3131
2026-07-01T09:42:00-04:00,30161.75,30178.0,30137.0,30171.25,2229
2026-07-01T09:43:00-04:00,30172.0,30184.75,30138.5,30146.75,1889
2026-07-01T09:44:00-04:00,30145.75,30167.25,30135.0,30141.25,1404
2026-07-01T09:45:00-04:00,30141.75,30171.0,30111.75,30162.0,3094
2026-07-01T09:46:00-04:00,30163.5,30207.25,30156.25,30198.5,2944
2026-07-01T09:47:00-04:00,30197.5,30215.75,30180.0,30203.5,2727
2026-07-01T09:48:00-04:00,30203.5,30226.25,30200.0,30200.25,2558
2026-07-01T09:49:00-04:00,30201.0,30210.5,30172.25,30204.5,1869
2026-07-01T09:50:00-04:00,30205.5,30233.0,30188.5,30229.5,1840
2026-07-01T09:51:00-04:00,30230.0,30253.5,30219.0,30243.0,1774
2026-07-01T09:52:00-04:00,30243.0,30246.5,30221.75,30238.75,1406
2026-07-01T09:53:00-04:00,30239.0,30260.0,30229.75,30232.0,1442
2026-07-01T09:54:00-04:00,30232.5,30239.75,30216.0,30231.0,1508
2026-07-01T09:55:00-04:00,30231.75,30250.75,30221.25,30238.5,1458
2026-07-01T09:56:00-04:00,30239.25,30251.25,30221.0,30228.5,1027
2026-07-01T09:57:00-04:00,30230.0,30244.5,30217.25,30240.75,1182
2026-07-01T09:58:00-04:00,30240.5,30259.5,30230.5,30251.25,1608
2026-07-01T09:59:00-04:00,30251.0,30285.0,30243.0,30283.75,1516
2026-07-01T10:00:00-04:00,30280.0,30307.5,30276.0,30294.75,2807
2026-07-01T10:01:00-04:00,30295.0,30302.25,30252.0,30264.75,1650
2026-07-01T10:02:00-04:00,30264.75,30281.25,30251.75,30256.75,1477
2026-07-01T10:03:00-04:00,30257.75,30278.75,30244.25,30278.25,1121
2026-07-01T10:04:00-04:00,30278.75,30289.5,30261.25,30263.25,1215
2026-07-01T10:05:00-04:00,30263.5,30291.5,30257.0,30284.25,1137
2026-07-01T10:06:00-04:00,30284.0,30305.0,30281.25,30297.5,1530
2026-07-01T10:07:00-04:00,30298.25,30314.25,30284.5,30306.75,1485
2026-07-01T10:08:00-04:00,30306.75,30316.75,30290.25,30293.75,1193
2026-07-01T10:09:00-04:00,30294.75,30300.0,30282.0,30296.75,885
2026-07-01T10:10:00-04:00,30296.5,30310.5,30292.5,30306.25,961
2026-07-01T10:11:00-04:00,30306.5,30322.0,30300.5,30315.75,1162
2026-07-01T10:12:00-04:00,30315.0,30327.25,30309.5,30316.5,1066
2026-07-01T10:13:00-04:00,30315.5,30320.5,30286.75,30314.25,1431
2026-07-01T10:14:00-04:00,30314.0,30322.5,30279.75,30287.5,1479
2026-07-01T10:15:00-04:00,30287.0,30300.0,30273.25,30274.5,1304
2026-07-01T10:16:00-04:00,30274.5,30284.25,30250.75,30281.0,1616
2026-07-01T10:17:00-04:00,30280.0,30306.5,30270.0,30305.5,1213
2026-07-01T10:18:00-04:00,30306.0,30314.75,30288.0,30293.75,1144
2026-07-01T10:19:00-04:00,30294.0,30311.75,30283.75,30302.5,908
2026-07-01T10:20:00-04:00,30302.0,30302.0,30273.5,30278.0,903
2026-07-01T10:21:00-04:00,30279.25,30301.0,30272.75,30296.0,930
2026-07-01T10:22:00-04:00,30296.25,30305.5,30287.5,30295.75,850
2026-07-01T10:23:00-04:00,30296.0,30313.5,30294.75,30299.0,1040
2026-07-01T10:24:00-04:00,30299.0,30305.0,30288.75,30294.0,691
2026-07-01T10:25:00-04:00,30293.0,30304.25,30284.5,30293.5,609
2026-07-01T10:26:00-04:00,30295.5,30312.0,30294.75,30300.0,814
2026-07-01T10:27:00-04:00,30300.75,30307.5,30289.0,30298.25,690
2026-07-01T10:28:00-04:00,30298.25,30301.25,30268.5,30281.0,923
2026-07-01T10:29:00-04:00,30280.25,30288.25,30276.0,30284.75,697
2026-07-01T10:30:00-04:00,30284.5,30289.25,30253.5,30260.75,1577
2026-07-01T10:31:00-04:00,30260.25,30265.25,30238.25,30251.0,1762
2026-07-01T10:32:00-04:00,30251.0,30261.75,30218.0,30236.25,1790
2026-07-01T10:33:00-04:00,30235.75,30247.75,30220.25,30226.75,1211
2026-07-01T10:34:00-04:00,30226.75,30245.25,30221.0,30235.5,1205
2026-07-01T10:35:00-04:00,30236.5,30242.0,30207.75,30213.25,1632
2026-07-01T10:36:00-04:00,30214.25,30231.0,30203.5,30228.5,1494
2026-07-01T10:37:00-04:00,30228.5,30261.25,30228.5,30253.0,1474
2026-07-01T10:38:00-04:00,30252.75,30260.5,30235.25,30249.25,973
2026-07-01T10:39:00-04:00,30250.5,30264.75,30247.25,30264.25,822
2026-07-01T10:40:00-04:00,30264.25,30272.0,30246.0,30250.0,1124
2026-07-01T10:41:00-04:00,30250.5,30250.5,30217.75,30222.75,1490
2026-07-01T10:42:00-04:00,30224.0,30228.25,30210.25,30218.5,1116
2026-07-01T10:43:00-04:00,30219.0,30234.0,30219.0,30219.25,828
2026-07-01T10:44:00-04:00,30219.5,30238.5,30202.0,30203.25,1387
2026-07-01T10:45:00-04:00,30202.25,30204.0,30150.5,30154.0,2608
2026-07-01T10:46:00-04:00,30154.5,30166.75,30137.25,30163.75,1879
2026-07-01T10:47:00-04:00,30164.75,30190.75,30159.5,30169.25,1452
2026-07-01T10:48:00-04:00,30170.0,30179.25,30157.0,30172.75,1193
2026-07-01T10:49:00-04:00,30174.75,30195.5,30174.0,30195.0,1052
2026-07-01T10:50:00-04:00,30194.0,30220.75,30189.5,30220.75,1657
2026-07-01T10:51:00-04:00,30221.0,30242.25,30209.5,30233.25,1285
2026-07-01T10:52:00-04:00,30233.25,30233.75,30211.25,30218.75,841
2026-07-01T10:53:00-04:00,30218.75,30235.0,30218.25,30229.25,711
2026-07-01T10:54:00-04:00,30229.75,30232.0,30211.75,30214.75,906
2026-07-01T10:55:00-04:00,30215.0,30220.75,30193.0,30199.25,1216
2026-07-01T10:56:00-04:00,30200.0,30207.0,30178.5,30187.25,1328
2026-07-01T10:57:00-04:00,30187.75,30189.5,30164.25,30168.0,1213
2026-07-01T10:58:00-04:00,30168.5,30175.5,30145.25,30147.25,1176
2026-07-01T10:59:00-04:00,30147.0,30193.75,30144.5,30192.25,1547
2026-07-01T11:00:00-04:00,30193.0,30212.0,30186.0,30203.0,1556
2026-07-01T11:01:00-04:00,30203.25,30221.0,30194.25,30221.0,1104
2026-07-01T11:02:00-04:00,30220.5,30234.0,30209.5,30232.5,1098
2026-07-01T11:03:00-04:00,30232.5,30258.5,30231.25,30252.25,1360
2026-07-01T11:04:00-04:00,30252.25,30271.0,30249.5,30260.5,1156
2026-07-01T11:05:00-04:00,30261.0,30270.25,30245.5,30260.75,1148
2026-07-01T11:06:00-04:00,30261.0,30262.5,30239.25,30241.0,985
2026-07-01T11:07:00-04:00,30242.0,30260.0,30241.75,30243.75,774
2026-07-01T11:08:00-04:00,30242.5,30243.25,30217.25,30218.25,1186
2026-07-01T11:09:00-04:00,30220.0,30227.5,30202.25,30226.75,1150
2026-07-01T11:10:00-04:00,30226.75,30231.75,30204.25,30227.25,964
2026-07-01T11:11:00-04:00,30227.25,30233.25,30208.0,30224.25,940
2026-07-01T11:12:00-04:00,30226.0,30249.5,30213.75,30248.75,1025
2026-07-01T11:13:00-04:00,30249.25,30257.75,30244.5,30251.75,839
2026-07-01T11:14:00-04:00,30252.75,30265.0,30248.0,30261.75,831
2026-07-01T11:15:00-04:00,30262.25,30287.0,30262.25,30284.75,1794
2026-07-01T11:16:00-04:00,30284.0,30284.75,30266.0,30267.75,938
2026-07-01T11:17:00-04:00,30267.5,30296.25,30265.75,30295.0,798
2026-07-01T11:18:00-04:00,30295.25,30303.75,30292.5,30301.0,801
2026-07-01T11:19:00-04:00,30300.75,30315.0,30287.75,30298.0,1049
2026-07-01T11:20:00-04:00,30298.5,30334.75,30298.5,30319.5,1317
2026-07-01T11:21:00-04:00,30320.25,30329.75,30308.75,30310.75,863
2026-07-01T11:22:00-04:00,30311.5,30333.5,30307.75,30328.5,860
2026-07-01T11:23:00-04:00,30328.25,30332.25,30321.5,30324.75,624
2026-07-01T11:24:00-04:00,30324.25,30326.25,30299.5,30303.0,1220
2026-07-01T11:25:00-04:00,30302.0,30312.5,30294.75,30312.25,885
2026-07-01T11:26:00-04:00,30310.75,30325.75,30301.0,30317.75,1366
2026-07-01T11:27:00-04:00,30317.5,30333.75,30316.25,30327.5,533
2026-07-01T11:28:00-04:00,30327.75,30345.0,30327.5,30336.75,933
2026-07-01T11:29:00-04:00,30337.0,30346.0,30334.25,30343.25,898
2026-07-01T11:30:00-04:00,30342.5,30349.0,30327.25,30335.5,1337
2026-07-01T11:31:00-04:00,30336.5,30356.5,30329.75,30352.25,1045
2026-07-01T11:32:00-04:00,30352.5,30355.25,30326.25,30329.75,897
2026-07-01T11:33:00-04:00,30330.0,30339.75,30327.25,30330.25,511
2026-07-01T11:34:00-04:00,30332.25,30335.75,30315.0,30318.5,739
2026-07-01T11:35:00-04:00,30317.75,30327.75,30301.5,30307.5,1091
2026-07-01T11:36:00-04:00,30306.25,30309.0,30285.25,30304.5,1071
2026-07-01T11:37:00-04:00,30305.25,30317.0,30292.25,30294.75,718
2026-07-01T11:38:00-04:00,30295.0,30310.0,30294.5,30304.75,523
2026-07-01T11:39:00-04:00,30304.5,30310.5,30296.5,30296.5,513
2026-07-01T11:40:00-04:00,30297.5,30306.75,30283.5,30286.5,851
2026-07-01T11:41:00-04:00,30287.25,30304.25,30278.25,30304.25,979
2026-07-01T11:42:00-04:00,30304.0,30318.75,30303.25,30310.25,734
2026-07-01T11:43:00-04:00,30310.5,30311.5,30284.0,30285.75,606
2026-07-01T11:44:00-04:00,30286.75,30295.5,30282.25,30291.25,394
2026-07-01T11:45:00-04:00,30291.5,30296.5,30278.25,30284.25,718
2026-07-01T11:46:00-04:00,30285.25,30291.5,30273.0,30285.25,764
2026-07-01T11:47:00-04:00,30286.0,30288.75,30270.75,30273.75,502
2026-07-01T11:48:00-04:00,30273.5,30287.0,30268.5,30274.25,597
2026-07-01T11:49:00-04:00,30273.75,30274.75,30246.25,30251.75,1296
2026-07-01T11:50:00-04:00,30251.75,30268.0,30251.0,30258.25,882
2026-07-01T11:51:00-04:00,30258.25,30260.25,30239.5,30245.5,882
2026-07-01T11:52:00-04:00,30245.25,30263.75,30243.5,30258.75,754
2026-07-01T11:53:00-04:00,30257.5,30272.5,30252.25,30265.0,709
2026-07-01T11:54:00-04:00,30264.25,30264.75,30236.0,30237.25,716
2026-07-01T11:55:00-04:00,30238.0,30247.5,30231.25,30232.25,741
2026-07-01T11:56:00-04:00,30233.25,30244.0,30228.0,30243.75,734
2026-07-01T11:57:00-04:00,30243.5,30255.0,30235.5,30252.0,696
2026-07-01T11:58:00-04:00,30251.75,30268.25,30250.25,30257.25,801
2026-07-01T11:59:00-04:00,30256.75,30266.75,30254.25,30254.75,590
2026-07-01T12:00:00-04:00,30255.0,30263.75,30244.0,30256.25,888
2026-07-01T12:01:00-04:00,30256.0,30259.25,30249.0,30251.75,470
2026-07-01T12:02:00-04:00,30251.5,30275.0,30247.5,30266.5,690
2026-07-01T12:03:00-04:00,30266.75,30278.25,30255.0,30255.75,619
2026-07-01T12:04:00-04:00,30256.5,30262.25,30235.0,30243.25,742
2026-07-01T12:05:00-04:00,30244.0,30245.75,30232.5,30240.75,647
2026-07-01T12:06:00-04:00,30241.75,30258.5,30240.75,30251.25,573
2026-07-01T12:07:00-04:00,30253.0,30267.0,30251.5,30256.25,404
2026-07-01T12:08:00-04:00,30254.75,30262.5,30248.75,30254.25,289
2026-07-01T12:09:00-04:00,30253.25,30255.5,30235.5,30239.5,532
2026-07-01T12:10:00-04:00,30239.5,30246.25,30223.25,30245.25,996
2026-07-01T12:11:00-04:00,30245.5,30257.0,30241.5,30257.0,676
2026-07-01T12:12:00-04:00,30255.75,30261.5,30252.25,30258.25,357
2026-07-01T12:13:00-04:00,30257.0,30259.5,30241.5,30241.75,513
2026-07-01T12:14:00-04:00,30244.0,30247.25,30234.0,30242.25,324
2026-07-01T12:15:00-04:00,30241.25,30245.5,30226.25,30227.25,489
2026-07-01T12:16:00-04:00,30228.25,30237.5,30217.25,30237.5,866
2026-07-01T12:17:00-04:00,30236.5,30247.5,30232.25,30240.75,416
2026-07-01T12:18:00-04:00,30240.25,30246.0,30228.0,30239.0,390
2026-07-01T12:19:00-04:00,30239.0,30260.75,30232.75,30256.25,909
2026-07-01T12:20:00-04:00,30256.0,30260.25,30248.0,30257.75,436
2026-07-01T12:21:00-04:00,30258.0,30263.5,30250.75,30260.0,342
2026-07-01T12:22:00-04:00,30258.25,30266.25,30251.75,30262.0,401
2026-07-01T12:23:00-04:00,30262.25,30284.25,30260.75,30276.75,835
2026-07-01T12:24:00-04:00,30276.5,30281.0,30266.0,30267.0,678
2026-07-01T12:25:00-04:00,30267.75,30274.25,30256.0,30256.0,643
2026-07-01T12:26:00-04:00,30256.5,30271.25,30256.5,30268.5,284
2026-07-01T12:27:00-04:00,30269.5,30269.5,30256.0,30265.0,315
2026-07-01T12:28:00-04:00,30263.5,30267.75,30248.25,30252.75,387
2026-07-01T12:29:00-04:00,30253.0,30257.75,30243.75,30245.75,544
2026-07-01T12:30:00-04:00,30245.75,30251.5,30237.25,30243.25,738
2026-07-01T12:31:00-04:00,30242.25,30254.0,30241.5,30249.75,423
2026-07-01T12:32:00-04:00,30250.0,30255.25,30243.0,30253.75,321
2026-07-01T12:33:00-04:00,30253.25,30263.0,30248.75,30260.75,409
2026-07-01T12:34:00-04:00,30261.0,30261.0,30247.25,30256.75,369
2026-07-01T12:35:00-04:00,30256.75,30256.75,30240.25,30243.25,372
2026-07-01T12:36:00-04:00,30243.25,30246.25,30237.5,30243.25,357
2026-07-01T12:37:00-04:00,30243.75,30250.5,30236.25,30243.0,383
2026-07-01T12:38:00-04:00,30243.5,30245.5,30234.25,30242.0,336
2026-07-01T12:39:00-04:00,30242.0,30242.5,30219.0,30220.0,621
2026-07-01T12:40:00-04:00,30220.0,30229.0,30214.75,30220.75,692
2026-07-01T12:41:00-04:00,30220.25,30226.0,30204.25,30211.25,679
2026-07-01T12:42:00-04:00,30211.75,30214.5,30202.25,30211.5,521
2026-07-01T12:43:00-04:00,30211.0,30216.25,30201.75,30208.75,468
2026-07-01T12:44:00-04:00,30208.75,30224.75,30204.5,30223.75,601
2026-07-01T12:45:00-04:00,30223.25,30223.75,30203.75,30204.75,760
2026-07-01T12:46:00-04:00,30205.0,30220.5,30204.75,30218.5,519
2026-07-01T12:47:00-04:00,30219.0,30241.5,30219.0,30232.25,740
2026-07-01T12:48:00-04:00,30231.75,30232.0,30224.25,30228.0,333
2026-07-01T12:49:00-04:00,30230.0,30232.75,30214.75,30217.5,365
2026-07-01T12:50:00-04:00,30218.0,30229.25,30214.25,30228.25,443
2026-07-01T12:51:00-04:00,30228.25,30228.5,30206.0,30213.5,477
2026-07-01T12:52:00-04:00,30214.0,30218.75,30199.5,30203.0,880
2026-07-01T12:53:00-04:00,30203.0,30217.5,30199.75,30200.25,585
2026-07-01T12:54:00-04:00,30201.25,30215.25,30197.0,30214.5,505
2026-07-01T12:55:00-04:00,30214.75,30220.0,30200.5,30203.25,494
2026-07-01T12:56:00-04:00,30200.75,30206.5,30189.0,30202.75,623
2026-07-01T12:57:00-04:00,30202.0,30209.0,30192.5,30200.75,454
2026-07-01T12:58:00-04:00,30200.0,30204.0,30190.25,30194.0,660
2026-07-01T12:59:00-04:00,30194.75,30199.25,30172.75,30190.25,906
2026-07-01T13:00:00-04:00,30190.0,30217.5,30188.5,30212.25,787
2026-07-01T13:01:00-04:00,30212.75,30215.75,30201.75,30209.75,476
2026-07-01T13:02:00-04:00,30209.5,30210.25,30186.5,30194.0,668
2026-07-01T13:03:00-04:00,30194.5,30200.5,30171.0,30175.5,859
2026-07-01T13:04:00-04:00,30175.75,30184.75,30171.25,30181.25,459
2026-07-01T13:05:00-04:00,30179.5,30180.75,30159.0,30166.5,1004
2026-07-01T13:06:00-04:00,30166.25,30169.0,30152.25,30167.25,826
2026-07-01T13:07:00-04:00,30167.5,30189.5,30167.25,30185.0,1039
2026-07-01T13:08:00-04:00,30184.5,30191.75,30177.5,30180.5,504
2026-07-01T13:09:00-04:00,30180.5,30193.25,30179.5,30185.25,528
2026-07-01T13:10:00-04:00,30184.5,30185.25,30169.75,30171.25,595
2026-07-01T13:11:00-04:00,30171.25,30180.5,30165.5,30178.25,319
2026-07-01T13:12:00-04:00,30177.5,30195.0,30176.75,30193.75,570
2026-07-01T13:13:00-04:00,30194.0,30206.0,30185.5,30196.0,799
2026-07-01T13:14:00-04:00,30195.5,30200.5,30192.25,30198.0,341
2026-07-01T13:15:00-04:00,30197.5,30208.5,30190.25,30194.75,553
2026-07-01T13:16:00-04:00,30195.5,30205.0,30193.0,30199.0,403
2026-07-01T13:17:00-04:00,30199.5,30210.25,30190.5,30192.5,507
2026-07-01T13:18:00-04:00,30193.0,30203.25,30188.25,30193.75,373
2026-07-01T13:19:00-04:00,30193.5,30214.0,30192.25,30212.75,517
2026-07-01T13:20:00-04:00,30213.25,30226.0,30209.75,30219.75,678
2026-07-01T13:21:00-04:00,30220.5,30223.25,30214.25,30218.25,432
2026-07-01T13:22:00-04:00,30218.25,30229.5,30215.0,30225.25,444
2026-07-01T13:23:00-04:00,30226.0,30230.75,30222.0,30229.75,397
2026-07-01T13:24:00-04:00,30229.0,30235.75,30225.0,30230.75,379
2026-07-01T13:25:00-04:00,30231.0,30240.5,30224.0,30225.0,614
2026-07-01T13:26:00-04:00,30225.0,30229.0,30218.5,30225.0,509
2026-07-01T13:27:00-04:00,30225.75,30231.25,30222.25,30223.25,356
2026-07-01T13:28:00-04:00,30223.0,30226.0,30209.25,30210.75,615
2026-07-01T13:29:00-04:00,30212.0,30214.25,30203.75,30210.0,485
2026-07-01T13:30:00-04:00,30209.25,30223.5,30208.5,30218.25,515
2026-07-01T13:31:00-04:00,30219.0,30220.5,30210.0,30216.5,324
2026-07-01T13:32:00-04:00,30216.75,30219.5,30186.75,30194.25,895
2026-07-01T13:33:00-04:00,30194.75,30201.5,30186.75,30193.75,549
2026-07-01T13:34:00-04:00,30193.5,30202.5,30188.75,30198.5,317
2026-07-01T13:35:00-04:00,30200.5,30203.5,30184.5,30195.0,530
2026-07-01T13:36:00-04:00,30194.0,30196.25,30189.5,30194.5,291
2026-07-01T13:37:00-04:00,30194.5,30209.0,30194.5,30207.5,594
2026-07-01T13:38:00-04:00,30207.25,30210.75,30200.75,30205.75,290
2026-07-01T13:39:00-04:00,30205.0,30209.25,30197.0,30205.5,224
2026-07-01T13:40:00-04:00,30206.25,30214.0,30197.5,30207.5,376
2026-07-01T13:41:00-04:00,30207.5,30207.5,30194.75,30201.0,334
2026-07-01T13:42:00-04:00,30201.25,30203.25,30190.0,30190.25,266
2026-07-01T13:43:00-04:00,30190.5,30198.25,30185.5,30197.5,379
2026-07-01T13:44:00-04:00,30197.0,30200.25,30185.5,30188.25,342
2026-07-01T13:45:00-04:00,30189.25,30196.5,30179.25,30191.75,644
2026-07-01T13:46:00-04:00,30192.5,30196.25,30178.75,30183.5,381
2026-07-01T13:47:00-04:00,30183.0,30186.5,30174.25,30175.25,446
2026-07-01T13:48:00-04:00,30175.5,30180.75,30168.5,30180.0,518
2026-07-01T13:49:00-04:00,30179.5,30183.25,30171.5,30181.75,380
2026-07-01T13:50:00-04:00,30181.75,30202.5,30181.5,30201.5,672
2026-07-01T13:51:00-04:00,30200.25,30207.5,30192.75,30192.75,461
2026-07-01T13:52:00-04:00,30193.0,30194.75,30180.25,30191.25,364
2026-07-01T13:53:00-04:00,30190.75,30203.25,30190.25,30200.0,405
2026-07-01T13:54:00-04:00,30199.0,30201.0,30187.75,30193.5,241
2026-07-01T13:55:00-04:00,30193.5,30195.5,30172.75,30190.75,776
2026-07-01T13:56:00-04:00,30191.75,30192.5,30178.25,30189.0,509
2026-07-01T13:57:00-04:00,30190.0,30190.0,30171.75,30176.5,303
2026-07-01T13:58:00-04:00,30177.0,30180.75,30167.75,30170.0,385
2026-07-01T13:59:00-04:00,30169.75,30171.0,30157.5,30163.75,669
2026-07-01T14:00:00-04:00,30164.25,30178.25,30158.5,30171.5,792
2026-07-01T14:01:00-04:00,30171.0,30176.5,30164.75,30173.75,451
2026-07-01T14:02:00-04:00,30172.5,30182.25,30165.25,30178.0,464
2026-07-01T14:03:00-04:00,30178.0,30185.25,30171.0,30178.5,578
2026-07-01T14:04:00-04:00,30179.25,30187.75,30174.0,30185.5,342
2026-07-01T14:05:00-04:00,30186.5,30187.5,30178.25,30181.75,357
2026-07-01T14:06:00-04:00,30181.0,30187.0,30168.0,30177.0,434
2026-07-01T14:07:00-04:00,30178.25,30186.25,30173.5,30175.75,355
2026-07-01T14:08:00-04:00,30174.75,30185.0,30174.75,30184.5,222
2026-07-01T14:09:00-04:00,30184.25,30187.25,30180.0,30184.25,228
2026-07-01T14:10:00-04:00,30184.75,30190.0,30175.0,30177.0,466
2026-07-01T14:11:00-04:00,30176.25,30178.0,30154.0,30155.25,652
2026-07-01T14:12:00-04:00,30155.25,30162.5,30155.0,30159.25,374
2026-07-01T14:13:00-04:00,30158.5,30167.25,30158.5,30163.75,317
2026-07-01T14:14:00-04:00,30164.25,30164.25,30153.5,30155.5,312
2026-07-01T14:15:00-04:00,30155.5,30157.0,30141.0,30148.0,1228
2026-07-01T14:16:00-04:00,30147.5,30149.75,30137.75,30143.0,639
2026-07-01T14:17:00-04:00,30143.0,30152.25,30140.0,30144.25,522
2026-07-01T14:18:00-04:00,30143.75,30151.5,30141.0,30147.25,374
2026-07-01T14:19:00-04:00,30146.5,30166.25,30145.25,30163.75,516
2026-07-01T14:20:00-04:00,30163.75,30173.0,30159.5,30164.25,720
2026-07-01T14:21:00-04:00,30164.25,30172.0,30159.5,30170.25,479
2026-07-01T14:22:00-04:00,30170.5,30172.25,30162.0,30163.75,363
2026-07-01T14:23:00-04:00,30163.75,30163.75,30156.25,30160.0,306
2026-07-01T14:24:00-04:00,30158.75,30176.5,30157.25,30174.75,403
2026-07-01T14:25:00-04:00,30175.5,30182.25,30173.5,30175.25,463
2026-07-01T14:26:00-04:00,30174.25,30179.5,30170.75,30171.5,302
2026-07-01T14:27:00-04:00,30172.5,30179.0,30167.0,30169.25,325
2026-07-01T14:28:00-04:00,30170.0,30170.0,30161.25,30166.25,268
2026-07-01T14:29:00-04:00,30166.5,30167.25,30158.75,30159.5,269
2026-07-01T14:30:00-04:00,30158.75,30161.0,30144.5,30149.0,769
2026-07-01T14:31:00-04:00,30149.0,30155.75,30143.75,30153.25,478
2026-07-01T14:32:00-04:00,30152.5,30159.5,30151.5,30153.0,363
2026-07-01T14:33:00-04:00,30153.0,30161.75,30152.5,30160.0,298
2026-07-01T14:34:00-04:00,30159.0,30165.75,30157.0,30161.0,288
2026-07-01T14:35:00-04:00,30161.0,30174.75,30159.5,30170.0,485
2026-07-01T14:36:00-04:00,30170.5,30173.0,30155.75,30160.75,415
2026-07-01T14:37:00-04:00,30159.75,30166.25,30153.75,30154.0,318
2026-07-01T14:38:00-04:00,30153.5,30156.25,30149.0,30150.75,373
2026-07-01T14:39:00-04:00,30151.5,30158.25,30151.5,30154.25,337
2026-07-01T14:40:00-04:00,30154.75,30158.75,30148.0,30149.75,367
2026-07-01T14:41:00-04:00,30149.0,30150.0,30142.0,30142.25,405
2026-07-01T14:42:00-04:00,30142.25,30148.25,30141.75,30146.25,339
2026-07-01T14:43:00-04:00,30147.5,30149.25,30132.5,30144.5,729
2026-07-01T14:44:00-04:00,30144.25,30145.5,30136.5,30145.25,462
2026-07-01T14:45:00-04:00,30145.25,30145.5,30134.75,30136.25,386
2026-07-01T14:46:00-04:00,30137.0,30137.75,30126.25,30129.0,614
2026-07-01T14:47:00-04:00,30129.75,30130.75,30113.25,30115.75,892
2026-07-01T14:48:00-04:00,30115.5,30122.5,30109.25,30120.0,910
2026-07-01T14:49:00-04:00,30119.25,30127.0,30116.75,30122.25,505
2026-07-01T14:50:00-04:00,30122.75,30126.25,30118.5,30122.0,393
2026-07-01T14:51:00-04:00,30122.0,30135.0,30121.25,30128.25,512
2026-07-01T14:52:00-04:00,30128.0,30128.25,30117.25,30118.0,439
2026-07-01T14:53:00-04:00,30117.75,30120.75,30105.75,30115.75,1173
2026-07-01T14:54:00-04:00,30115.25,30117.75,30101.75,30102.75,574
2026-07-01T14:55:00-04:00,30102.5,30113.75,30100.0,30102.5,844
2026-07-01T14:56:00-04:00,30103.75,30113.25,30099.0,30110.5,504
2026-07-01T14:57:00-04:00,30110.25,30126.0,30108.25,30124.25,407
2026-07-01T14:58:00-04:00,30124.75,30133.25,30123.5,30127.5,711
2026-07-01T14:59:00-04:00,30128.75,30136.25,30128.75,30132.75,443
2026-07-01T15:00:00-04:00,30132.75,30152.75,30127.25,30137.75,1283
2026-07-01T15:01:00-04:00,30137.0,30142.5,30131.5,30140.75,475
2026-07-01T15:02:00-04:00,30142.0,30168.5,30140.5,30164.25,882
2026-07-01T15:03:00-04:00,30164.25,30167.0,30155.0,30164.5,551
2026-07-01T15:04:00-04:00,30163.5,30179.5,30163.5,30178.5,781
2026-07-01T15:05:00-04:00,30178.75,30195.5,30173.5,30194.25,1084
2026-07-01T15:06:00-04:00,30192.75,30201.0,30185.0,30201.0,683
2026-07-01T15:07:00-04:00,30201.5,30202.5,30186.5,30193.0,731
2026-07-01T15:08:00-04:00,30193.0,30202.5,30191.75,30202.0,466
2026-07-01T15:09:00-04:00,30202.0,30217.0,30202.0,30212.5,958
2026-07-01T15:10:00-04:00,30213.0,30214.25,30199.75,30209.0,833
2026-07-01T15:11:00-04:00,30208.75,30214.5,30190.25,30192.0,743
2026-07-01T15:12:00-04:00,30191.5,30195.25,30182.0,30186.5,687
2026-07-01T15:13:00-04:00,30186.75,30195.75,30186.25,30192.5,392
2026-07-01T15:14:00-04:00,30191.25,30198.5,30183.75,30186.75,398
2026-07-01T15:15:00-04:00,30187.25,30191.5,30179.25,30184.5,517
2026-07-01T15:16:00-04:00,30185.25,30198.0,30185.25,30193.75,403
2026-07-01T15:17:00-04:00,30193.75,30196.75,30180.0,30185.5,345
2026-07-01T15:18:00-04:00,30185.0,30186.0,30168.0,30175.25,588
2026-07-01T15:19:00-04:00,30175.0,30195.75,30174.75,30194.75,536
2026-07-01T15:20:00-04:00,30193.75,30201.25,30190.75,30195.25,595
2026-07-01T15:21:00-04:00,30195.25,30202.0,30195.25,30198.0,382
2026-07-01T15:22:00-04:00,30197.25,30205.75,30193.75,30201.5,527
2026-07-01T15:23:00-04:00,30201.0,30205.25,30196.75,30202.5,436
2026-07-01T15:24:00-04:00,30202.25,30210.75,30201.25,30206.5,454
2026-07-01T15:25:00-04:00,30207.0,30208.75,30172.75,30179.75,858
2026-07-01T15:26:00-04:00,30179.75,30183.75,30171.5,30174.75,693
2026-07-01T15:27:00-04:00,30174.5,30182.25,30173.0,30179.75,380
2026-07-01T15:28:00-04:00,30180.0,30190.25,30174.5,30190.0,464
2026-07-01T15:29:00-04:00,30190.5,30196.5,30189.5,30190.0,512
2026-07-01T15:30:00-04:00,30190.0,30231.5,30190.0,30225.5,1387
2026-07-01T15:31:00-04:00,30225.5,30225.5,30196.5,30210.25,1038
2026-07-01T15:32:00-04:00,30209.75,30216.5,30203.75,30211.75,508
2026-07-01T15:33:00-04:00,30211.5,30218.5,30206.5,30216.5,410
2026-07-01T15:34:00-04:00,30216.75,30219.0,30205.25,30213.25,509
2026-07-01T15:35:00-04:00,30213.25,30213.25,30183.0,30190.0,860
2026-07-01T15:36:00-04:00,30190.25,30191.5,30175.0,30180.5,598
2026-07-01T15:37:00-04:00,30181.0,30183.0,30171.5,30175.25,507
2026-07-01T15:38:00-04:00,30173.75,30175.5,30163.0,30166.0,845
2026-07-01T15:39:00-04:00,30165.5,30173.75,30164.0,30166.5,467
2026-07-01T15:40:00-04:00,30166.0,30169.75,30143.75,30146.5,978
2026-07-01T15:41:00-04:00,30146.5,30152.75,30137.5,30140.25,718
2026-07-01T15:42:00-04:00,30139.75,30144.0,30136.0,30142.0,448
2026-07-01T15:43:00-04:00,30141.5,30151.75,30137.25,30148.0,703
2026-07-01T15:44:00-04:00,30146.75,30156.5,30134.25,30143.25,770
2026-07-01T15:45:00-04:00,30143.5,30145.5,30129.25,30134.5,666
2026-07-01T15:46:00-04:00,30135.25,30143.5,30129.0,30133.75,605
2026-07-01T15:47:00-04:00,30134.5,30136.75,30128.5,30134.0,555
2026-07-01T15:48:00-04:00,30133.75,30139.75,30126.0,30127.0,656
2026-07-01T15:49:00-04:00,30127.75,30134.25,30122.0,30133.5,592
2026-07-01T15:50:00-04:00,30132.25,30161.75,30130.0,30143.5,1409
2026-07-01T15:51:00-04:00,30143.25,30143.25,30114.5,30116.25,885
2026-07-01T15:52:00-04:00,30116.75,30118.0,30104.75,30112.5,1029
2026-07-01T15:53:00-04:00,30112.0,30132.25,30104.5,30125.25,1240
2026-07-01T15:54:00-04:00,30125.5,30134.5,30094.5,30117.5,2376
2026-07-01T15:55:00-04:00,30117.5,30119.25,30100.0,30109.0,1760
2026-07-01T15:56:00-04:00,30108.0,30116.75,30104.5,30108.0,1295
2026-07-01T15:57:00-04:00,30108.5,30108.5,30054.0,30068.25,2458
2026-07-01T15:58:00-04:00,30068.25,30083.75,30066.75,30081.5,2802
2026-07-01T15:59:00-04:00,30081.0,30108.25,30079.25,30080.25,11468
2026-07-01T16:00:00-04:00,30080.25,30086.25,30042.0,30047.25,4364
2026-07-01T16:01:00-04:00,30046.0,30046.25,30023.75,30027.0,1846
2026-07-01T16:02:00-04:00,30028.0,30037.75,30020.0,30027.0,1533
2026-07-01T16:03:00-04:00,30027.5,30033.25,30008.5,30023.25,2042
2026-07-01T16:04:00-04:00,30023.75,30034.25,30013.0,30029.25,1319
2026-07-01T16:05:00-04:00,30029.75,30033.75,30016.0,30021.75,866
2026-07-01T16:06:00-04:00,30022.5,30046.75,30020.0,30042.75,978
2026-07-01T16:07:00-04:00,30042.5,30053.0,30035.75,30050.5,806
2026-07-01T16:08:00-04:00,30051.75,30055.75,30045.75,30051.0,554
2026-07-01T16:09:00-04:00,30051.0,30052.0,30040.0,30042.75,633
2026-07-01T16:10:00-04:00,30042.25,30058.0,30040.5,30055.75,492
2026-07-01T16:11:00-04:00,30055.75,30066.5,30051.5,30052.5,532
2026-07-01T16:12:00-04:00,30052.0,30054.5,30042.0,30052.75,322
2026-07-01T16:13:00-04:00,30052.75,30066.0,30052.5,30056.0,274
2026-07-01T16:14:00-04:00,30056.25,30069.25,30056.0,30060.75,359
2026-07-01T16:15:00-04:00,30060.25,30060.5,30047.25,30052.5,312
2026-07-01T16:16:00-04:00,30052.5,30054.75,30041.75,30043.0,158
2026-07-01T16:17:00-04:00,30043.0,30049.5,30037.0,30039.0,253
2026-07-01T16:18:00-04:00,30038.25,30045.25,30034.0,30037.0,498
2026-07-01T16:19:00-04:00,30037.5,30042.25,30031.75,30033.75,164
2026-07-01T16:20:00-04:00,30034.5,30038.25,30031.25,30032.75,189
2026-07-01T16:21:00-04:00,30032.5,30035.0,30026.25,30031.0,141
2026-07-01T16:22:00-04:00,30031.5,30047.25,30030.0,30044.0,196
2026-07-01T16:23:00-04:00,30042.5,30048.5,30042.5,30047.0,102
2026-07-01T16:24:00-04:00,30046.5,30057.75,30046.5,30055.75,215
2026-07-01T16:25:00-04:00,30056.0,30065.25,30055.75,30061.75,190
2026-07-01T16:26:00-04:00,30061.75,30062.5,30057.0,30057.0,186
2026-07-01T16:27:00-04:00,30056.75,30061.0,30048.25,30060.75,246
2026-07-01T16:28:00-04:00,30062.0,30062.0,30039.0,30049.25,277
2026-07-01T16:29:00-04:00,30050.0,30054.5,30045.25,30052.5,149
2026-07-01T16:30:00-04:00,30052.5,30053.5,30047.25,30049.75,107
2026-07-01T16:31:00-04:00,30047.0,30056.5,30040.75,30052.5,238
2026-07-01T16:32:00-04:00,30051.75,30057.75,30047.5,30048.75,138
2026-07-01T16:33:00-04:00,30048.5,30048.75,30042.75,30045.75,133
2026-07-01T16:34:00-04:00,30045.25,30046.0,30033.5,30036.75,159
2026-07-01T16:35:00-04:00,30036.75,30037.5,30025.5,30026.75,178
2026-07-01T16:36:00-04:00,30026.5,30030.0,30020.5,30030.0,223
2026-07-01T16:37:00-04:00,30029.5,30040.75,30029.0,30039.75,223
2026-07-01T16:38:00-04:00,30038.5,30039.75,30034.0,30037.0,205
2026-07-01T16:39:00-04:00,30036.25,30047.75,30034.5,30047.25,256
2026-07-01T16:40:00-04:00,30047.75,30049.75,30042.25,30045.75,203
2026-07-01T16:41:00-04:00,30045.0,30051.25,30044.75,30045.5,170
2026-07-01T16:42:00-04:00,30045.75,30051.25,30041.5,30050.5,91
2026-07-01T16:43:00-04:00,30050.0,30052.25,30045.75,30051.25,73
2026-07-01T16:44:00-04:00,30050.5,30053.75,30049.5,30051.75,76
2026-07-01T16:45:00-04:00,30052.75,30059.25,30051.25,30051.25,160
2026-07-01T16:46:00-04:00,30051.75,30054.75,30050.75,30051.75,78
2026-07-01T16:47:00-04:00,30052.5,30055.75,30051.0,30055.25,76
2026-07-01T16:48:00-04:00,30056.0,30058.0,30049.0,30057.25,230
2026-07-01T16:49:00-04:00,30057.5,30062.25,30054.5,30055.75,156
2026-07-01T16:50:00-04:00,30056.0,30056.0,30048.25,30054.75,140
2026-07-01T16:51:00-04:00,30055.25,30057.5,30050.5,30051.75,73
2026-07-01T16:52:00-04:00,30051.75,30057.25,30047.0,30047.0,128
2026-07-01T16:53:00-04:00,30045.25,30050.5,30042.25,30043.75,47
2026-07-01T16:54:00-04:00,30043.25,30045.75,30041.5,30045.75,65
2026-07-01T16:55:00-04:00,30046.75,30054.0,30043.75,30054.0,79
2026-07-01T16:56:00-04:00,30052.25,30052.5,30050.25,30050.5,41
2026-07-01T16:57:00-04:00,30048.75,30054.25,30048.75,30053.75,70
2026-07-01T16:58:00-04:00,30053.0,30066.5,30047.25,30066.5,220
2026-07-01T16:59:00-04:00,30067.5,30075.0,30060.0,30064.25,220
2026-07-01T18:00:00-04:00,30089.75,30105.0,30077.5,30080.75,0
2026-07-01T18:01:00-04:00,30083.25,30099.25,30072.0,30096.5,193
2026-07-01T18:02:00-04:00,30098.0,30109.75,30083.5,30083.75,240
2026-07-01T18:03:00-04:00,30083.75,30093.25,30071.0,30077.25,193
2026-07-01T18:04:00-04:00,30079.25,30079.25,30064.0,30071.5,195
2026-07-01T18:05:00-04:00,30071.0,30079.25,30064.0,30070.75,155
2026-07-01T18:06:00-04:00,30070.5,30079.5,30070.5,30076.0,53
2026-07-01T18:07:00-04:00,30078.0,30084.5,30078.0,30082.5,84
2026-07-01T18:08:00-04:00,30082.5,30099.5,30082.5,30092.0,235
2026-07-01T18:09:00-04:00,30090.0,30091.25,30075.25,30079.75,95
2026-07-01T18:10:00-04:00,30080.75,30081.75,30073.0,30074.25,42
2026-07-01T18:11:00-04:00,30072.5,30072.5,30067.25,30068.25,41
2026-07-01T18:12:00-04:00,30068.5,30070.75,30065.25,30068.25,40
2026-07-01T18:13:00-04:00,30066.75,30066.75,30057.25,30058.5,93
2026-07-01T18:14:00-04:00,30058.25,30062.5,30052.25,30052.25,66
2026-07-01T18:15:00-04:00,30054.5,30062.25,30054.0,30062.25,48
2026-07-01T18:16:00-04:00,30060.0,30062.0,30055.75,30058.5,31
2026-07-01T18:17:00-04:00,30058.5,30058.75,30051.5,30057.75,96
2026-07-01T18:18:00-04:00,30059.25,30064.0,30058.25,30060.75,43
2026-07-01T18:19:00-04:00,30063.25,30068.5,30059.5,30068.5,41
2026-07-01T18:20:00-04:00,30068.5,30084.0,30068.5,30083.5,135
2026-07-01T18:21:00-04:00,30086.0,30097.0,30086.0,30093.0,152
2026-07-01T18:22:00-04:00,30094.0,30094.0,30090.5,30092.75,178
2026-07-01T18:23:00-04:00,30093.75,30094.0,30090.0,30090.0,47
2026-07-01T18:24:00-04:00,30089.75,30094.0,30088.75,30093.0,99
2026-07-01T18:25:00-04:00,30094.0,30100.0,30090.75,30096.75,219
2026-07-01T18:26:00-04:00,30097.75,30098.25,30092.0,30097.0,60
2026-07-01T18:27:00-04:00,30094.0,30098.5,30092.25,30096.5,34
2026-07-01T18:28:00-04:00,30096.5,30099.75,30093.75,30098.0,45
2026-07-01T18:29:00-04:00,30097.0,30102.5,30093.25,30094.75,72
2026-07-01T18:30:00-04:00,30095.0,30103.0,30092.5,30100.0,71
2026-07-01T18:31:00-04:00,30099.25,30099.25,30091.75,30093.25,78
2026-07-01T18:32:00-04:00,30093.0,30104.0,30093.0,30102.75,79
2026-07-01T18:33:00-04:00,30102.75,30112.5,30102.5,30111.25,160
2026-07-01T18:34:00-04:00,30110.75,30113.0,30106.25,30109.25,233
2026-07-01T18:35:00-04:00,30108.25,30110.5,30105.75,30109.0,51
2026-07-01T18:36:00-04:00,30110.0,30113.0,30101.0,30104.25,113
2026-07-01T18:37:00-04:00,30105.0,30108.25,30102.5,30104.25,88
2026-07-01T18:38:00-04:00,30104.75,30106.0,30101.5,30103.0,41
2026-07-01T18:39:00-04:00,30102.75,30108.0,30102.0,30107.5,25
2026-07-01T18:40:00-04:00,30108.25,30110.0,30105.0,30107.75,50
2026-07-01T18:41:00-04:00,30106.25,30111.5,30105.75,30105.75,66
2026-07-01T18:42:00-04:00,30106.75,30107.25,30103.25,30105.75,29
2026-07-01T18:43:00-04:00,30106.75,30110.25,30106.25,30108.0,20
2026-07-01T18:44:00-04:00,30108.75,30108.75,30101.0,30102.75,47
2026-07-01T18:45:00-04:00,30104.75,30106.5,30101.75,30103.5,34
2026-07-01T18:46:00-04:00,30103.75,30103.75,30089.25,30089.5,136
2026-07-01T18:47:00-04:00,30089.5,30092.5,30087.0,30087.0,56
2026-07-01T18:48:00-04:00,30088.5,30091.0,30088.0,30088.0,35
2026-07-01T18:49:00-04:00,30088.5,30093.0,30088.0,30090.5,41
2026-07-01T18:50:00-04:00,30090.25,30091.5,30081.25,30084.5,59
2026-07-01T18:51:00-04:00,30085.0,30091.0,30083.75,30088.75,41
2026-07-01T18:52:00-04:00,30089.75,30092.75,30089.75,30092.75,24
2026-07-01T18:53:00-04:00,30093.5,30094.0,30090.0,30092.5,31
2026-07-01T18:54:00-04:00,30094.0,30094.5,30084.0,30085.75,76
2026-07-01T18:55:00-04:00,30085.0,30093.0,30084.25,30093.0,85
2026-07-01T18:56:00-04:00,30093.0,30110.5,30093.0,30110.25,189
2026-07-01T18:57:00-04:00,30110.25,30112.5,30105.75,30109.75,74
2026-07-01T18:58:00-04:00,30111.0,30118.0,30108.25,30111.0,159
2026-07-01T18:59:00-04:00,30109.5,30113.0,30106.25,30107.25,91
2026-07-01T19:00:00-04:00,30108.25,30111.0,30096.25,30096.25,108
2026-07-01T19:01:00-04:00,30095.0,30103.5,30092.25,30100.75,127
2026-07-01T19:02:00-04:00,30100.25,30102.75,30092.25,30102.75,81
2026-07-01T19:03:00-04:00,30101.0,30101.0,30092.5,30100.0,62
2026-07-01T19:04:00-04:00,30100.0,30100.5,30093.5,30093.5,45
2026-07-01T19:05:00-04:00,30092.5,30093.75,30085.75,30089.0,43
2026-07-01T19:06:00-04:00,30088.25,30091.0,30085.75,30089.25,48
2026-07-01T19:07:00-04:00,30090.5,30092.75,30085.5,30086.0,43
2026-07-01T19:08:00-04:00,30085.25,30088.5,30082.5,30086.5,61
2026-07-01T19:09:00-04:00,30088.0,30093.0,30075.75,30080.0,265
2026-07-01T19:10:00-04:00,30081.75,30087.5,30080.5,30083.5,74
2026-07-01T19:11:00-04:00,30084.0,30084.0,30077.0,30079.5,84
2026-07-01T19:12:00-04:00,30080.5,30082.5,30076.5,30080.0,73
2026-07-01T19:13:00-04:00,30081.0,30082.25,30063.75,30066.75,149
2026-07-01T19:14:00-04:00,30068.25,30069.0,30060.75,30063.5,104
2026-07-01T19:15:00-04:00,30063.0,30068.5,30056.25,30065.0,109
2026-07-01T19:16:00-04:00,30064.75,30064.75,30059.5,30061.5,72
2026-07-01T19:17:00-04:00,30063.25,30065.0,30058.25,30061.0,74
2026-07-01T19:18:00-04:00,30062.5,30062.75,30054.0,30057.0,51
2026-07-01T19:19:00-04:00,30056.25,30060.75,30055.0,30059.5,30
2026-07-01T19:20:00-04:00,30059.5,30060.0,30056.75,30059.75,21
2026-07-01T19:21:00-04:00,30061.0,30063.75,30054.25,30062.0,76
2026-07-01T19:22:00-04:00,30063.25,30068.75,30063.25,30067.5,126
2026-07-01T19:23:00-04:00,30067.25,30068.75,30065.0,30067.5,138
2026-07-01T19:24:00-04:00,30068.5,30069.0,30056.25,30057.25,117
2026-07-01T19:25:00-04:00,30058.75,30066.75,30058.25,30064.5,57
2026-07-01T19:26:00-04:00,30063.75,30068.75,30063.75,30065.75,27
2026-07-01T19:27:00-04:00,30064.75,30064.75,30060.5,30063.0,42
2026-07-01T19:28:00-04:00,30063.0,30068.5,30062.0,30068.5,42
2026-07-01T19:29:00-04:00,30067.0,30068.75,30065.75,30067.25,29
2026-07-01T19:30:00-04:00,30068.75,30068.75,30064.0,30064.5,36
2026-07-01T19:31:00-04:00,30065.5,30068.75,30065.5,30067.5,50
2026-07-01T19:32:00-04:00,30067.0,30067.25,30062.75,30062.75,28
2026-07-01T19:33:00-04:00,30061.25,30063.75,30060.25,30063.25,36
2026-07-01T19:34:00-04:00,30063.5,30065.0,30048.5,30048.75,270
2026-07-01T19:35:00-04:00,30049.5,30050.5,30041.5,30047.75,154
2026-07-01T19:36:00-04:00,30048.5,30072.25,30044.25,30065.0,217
2026-07-01T19:37:00-04:00,30065.75,30067.25,30060.0,30064.5,108
2026-07-01T19:38:00-04:00,30065.25,30073.25,30065.25,30073.0,32
2026-07-01T19:39:00-04:00,30073.25,30075.0,30067.75,30069.0,54
2026-07-01T19:40:00-04:00,30069.0,30070.25,30065.25,30065.75,40
2026-07-01T19:41:00-04:00,30067.0,30075.25,30067.0,30072.5,51
2026-07-01T19:42:00-04:00,30071.75,30073.25,30066.75,30069.0,48
2026-07-01T19:43:00-04:00,30069.0,30071.25,30063.75,30065.75,86
2026-07-01T19:44:00-04:00,30066.0,30071.75,30066.0,30071.75,26
2026-07-01T19:45:00-04:00,30073.75,30073.75,30038.0,30051.75,224
2026-07-01T19:46:00-04:00,30052.0,30052.25,30029.25,30033.5,177
2026-07-01T19:47:00-04:00,30034.5,30046.25,30031.0,30043.0,90
2026-07-01T19:48:00-04:00,30043.75,30052.75,30033.75,30033.75,109
2026-07-01T19:49:00-04:00,30035.5,30035.5,30022.75,30026.0,152
2026-07-01T19:50:00-04:00,30026.25,30031.0,30010.25,30019.75,195
2026-07-01T19:51:00-04:00,30021.0,30032.0,30020.25,30027.5,105
2026-07-01T19:52:00-04:00,30026.0,30042.75,30022.25,30038.5,88
2026-07-01T19:53:00-04:00,30040.75,30055.0,30040.75,30044.75,169
2026-07-01T19:54:00-04:00,30044.0,30054.5,30044.0,30048.5,96
2026-07-01T19:55:00-04:00,30048.25,30052.5,30038.75,30038.75,127
2026-07-01T19:56:00-04:00,30038.75,30047.25,30037.75,30044.25,74
2026-07-01T19:57:00-04:00,30041.25,30043.5,30035.25,30037.75,60
2026-07-01T19:58:00-04:00,30037.25,30042.25,30035.5,30041.25,56
2026-07-01T19:59:00-04:00,30043.0,30050.0,30037.5,30042.75,101
2026-07-01T20:00:00-04:00,30046.0,30046.0,30011.0,30015.75,407
2026-07-01T20:01:00-04:00,30014.75,30015.75,29979.25,29986.0,625
2026-07-01T20:02:00-04:00,29984.75,30003.75,29970.25,29998.75,380
2026-07-01T20:03:00-04:00,30001.0,30001.25,29958.0,29965.0,307
2026-07-01T20:04:00-04:00,29965.0,29981.5,29952.5,29957.25,357
2026-07-01T20:05:00-04:00,29956.75,29983.0,29956.0,29979.0,402
2026-07-01T20:06:00-04:00,29978.5,29996.0,29969.0,29974.75,427
2026-07-01T20:07:00-04:00,29972.25,29990.25,29972.25,29987.5,143
2026-07-01T20:08:00-04:00,29986.75,30000.75,29979.5,30000.0,140
2026-07-01T20:09:00-04:00,29998.0,30003.75,29991.75,29999.25,139
2026-07-01T20:10:00-04:00,29996.25,30031.25,29996.25,30029.25,275
2026-07-01T20:11:00-04:00,30027.75,30040.25,30020.25,30024.5,196
2026-07-01T20:12:00-04:00,30021.25,30029.25,29994.75,30000.75,179
2026-07-01T20:13:00-04:00,30005.75,30012.0,29991.0,30002.0,193
2026-07-01T20:14:00-04:00,30002.0,30008.25,29996.5,29998.75,95
2026-07-01T20:15:00-04:00,30002.0,30010.5,29995.0,30000.5,188
2026-07-01T20:16:00-04:00,29999.0,30009.0,29994.75,30005.5,136
2026-07-01T20:17:00-04:00,30000.25,30012.25,29995.0,30002.5,168
2026-07-01T20:18:00-04:00,30004.5,30010.5,29990.5,29992.0,110
2026-07-01T20:19:00-04:00,29991.0,29994.25,29977.25,29978.25,188
2026-07-01T20:20:00-04:00,29981.5,29995.25,29975.75,29995.25,115
2026-07-01T20:21:00-04:00,29991.25,30019.5,29985.5,30017.5,191
2026-07-01T20:22:00-04:00,30015.5,30024.5,30011.0,30021.75,123
2026-07-01T20:23:00-04:00,30020.5,30043.0,30020.5,30034.25,233
2026-07-01T20:24:00-04:00,30035.0,30050.0,30035.0,30045.75,161
2026-07-01T20:25:00-04:00,30046.25,30052.75,30040.5,30047.5,118
2026-07-01T20:26:00-04:00,30047.5,30047.5,30036.5,30045.25,59
2026-07-01T20:27:00-04:00,30045.25,30047.75,30031.75,30035.25,90
2026-07-01T20:28:00-04:00,30034.75,30049.0,30024.75,30046.0,161
2026-07-01T20:29:00-04:00,30043.75,30068.0,30042.0,30062.5,329
2026-07-01T20:30:00-04:00,30063.25,30065.0,30045.0,30045.0,137
2026-07-01T20:31:00-04:00,30045.0,30058.0,30041.75,30056.5,84
2026-07-01T20:32:00-04:00,30053.75,30058.0,30040.0,30041.5,70
2026-07-01T20:33:00-04:00,30041.5,30052.0,30037.75,30051.75,70
2026-07-01T20:34:00-04:00,30052.25,30059.0,30046.25,30048.0,131
2026-07-01T20:35:00-04:00,30051.25,30065.25,30046.25,30061.75,132
2026-07-01T20:36:00-04:00,30062.75,30080.75,30061.0,30070.75,286
2026-07-01T20:37:00-04:00,30069.25,30075.0,30063.0,30069.0,167
2026-07-01T20:38:00-04:00,30068.5,30073.75,30065.75,30068.25,80
2026-07-01T20:39:00-04:00,30063.5,30067.0,30055.75,30060.5,135
2026-07-01T20:40:00-04:00,30060.0,30069.0,30050.5,30051.75,121
2026-07-01T20:41:00-04:00,30053.5,30054.5,30039.5,30039.5,171
2026-07-01T20:42:00-04:00,30041.5,30043.25,30026.25,30027.0,196
2026-07-01T20:43:00-04:00,30026.0,30027.5,30011.75,30020.0,170
2026-07-01T20:44:00-04:00,30020.5,30023.0,30011.0,30013.0,130
2026-07-01T20:45:00-04:00,30012.25,30022.0,30006.5,30010.0,147
2026-07-01T20:46:00-04:00,30012.75,30033.0,30011.5,30029.75,153
2026-07-01T20:47:00-04:00,30029.75,30030.0,30019.5,30020.75,115
2026-07-01T20:48:00-04:00,30019.5,30029.5,30014.25,30020.0,169
2026-07-01T20:49:00-04:00,30021.75,30055.0,30021.75,30051.0,162
2026-07-01T20:50:00-04:00,30052.0,30058.75,30043.0,30050.5,131
2026-07-01T20:51:00-04:00,30049.5,30072.25,30048.5,30070.75,160
2026-07-01T20:52:00-04:00,30068.5,30085.0,30066.0,30078.5,183
2026-07-01T20:53:00-04:00,30079.5,30092.25,30078.75,30090.0,200
2026-07-01T20:54:00-04:00,30089.0,30097.25,30083.5,30097.25,183
2026-07-01T20:55:00-04:00,30095.5,30111.5,30093.25,30106.75,429
2026-07-01T20:56:00-04:00,30106.25,30111.25,30100.75,30109.5,106
2026-07-01T20:57:00-04:00,30110.0,30117.25,30100.5,30111.75,227
2026-07-01T20:58:00-04:00,30109.75,30110.75,30099.75,30104.0,123
2026-07-01T20:59:00-04:00,30098.5,30111.0,30096.0,30110.25,104
2026-07-01T21:00:00-04:00,30110.5,30124.0,30098.0,30123.25,241
2026-07-01T21:01:00-04:00,30124.25,30130.0,30108.5,30113.25,179
2026-07-01T21:02:00-04:00,30112.75,30128.0,30109.5,30124.25,107
2026-07-01T21:03:00-04:00,30123.75,30136.25,30119.75,30135.25,157
2026-07-01T21:04:00-04:00,30132.5,30147.75,30130.75,30146.0,187
2026-07-01T21:05:00-04:00,30147.25,30152.75,30144.0,30147.5,189
2026-07-01T21:06:00-04:00,30147.75,30166.75,30144.25,30166.25,265
2026-07-01T21:07:00-04:00,30165.0,30167.75,30159.5,30163.5,133
2026-07-01T21:08:00-04:00,30164.0,30174.5,30163.0,30173.5,311
2026-07-01T21:09:00-04:00,30174.0,30188.0,30174.0,30183.0,406
2026-07-01T21:10:00-04:00,30182.0,30189.5,30174.75,30187.5,175
2026-07-01T21:11:00-04:00,30185.5,30185.5,30172.25,30175.25,176
2026-07-01T21:12:00-04:00,30177.0,30188.25,30177.0,30182.5,105
2026-07-01T21:13:00-04:00,30183.0,30186.75,30178.0,30183.75,99
2026-07-01T21:14:00-04:00,30182.75,30191.0,30178.0,30186.75,105
2026-07-01T21:15:00-04:00,30186.5,30189.75,30166.25,30167.0,162
2026-07-01T21:16:00-04:00,30167.75,30191.5,30167.5,30186.0,190
2026-07-01T21:17:00-04:00,30186.0,30199.0,30183.75,30186.0,216
2026-07-01T21:18:00-04:00,30188.0,30192.5,30187.25,30192.0,84
2026-07-01T21:19:00-04:00,30191.0,30193.25,30187.0,30193.0,73
2026-07-01T21:20:00-04:00,30190.75,30196.5,30188.75,30188.75,134
2026-07-01T21:21:00-04:00,30189.5,30190.0,30182.0,30187.0,116
2026-07-01T21:22:00-04:00,30182.75,30189.75,30180.25,30184.5,71
2026-07-01T21:23:00-04:00,30186.75,30191.75,30184.0,30189.75,78
2026-07-01T21:24:00-04:00,30188.5,30195.75,30187.75,30195.75,63
2026-07-01T21:25:00-04:00,30195.25,30201.0,30191.25,30198.5,160
2026-07-01T21:26:00-04:00,30198.25,30205.25,30196.0,30198.75,166
2026-07-01T21:27:00-04:00,30197.5,30197.75,30179.25,30182.5,154
2026-07-01T21:28:00-04:00,30183.75,30188.5,30177.5,30188.5,152
2026-07-01T21:29:00-04:00,30189.0,30198.75,30185.0,30194.25,143
2026-07-01T21:30:00-04:00,30195.25,30207.5,30191.75,30197.75,214
2026-07-01T21:31:00-04:00,30197.25,30209.25,30190.0,30198.25,135
2026-07-01T21:32:00-04:00,30199.75,30207.5,30191.5,30197.75,224
2026-07-01T21:33:00-04:00,30196.75,30202.5,30189.75,30191.0,85
2026-07-01T21:34:00-04:00,30189.5,30198.5,30189.25,30196.0,86
2026-07-01T21:35:00-04:00,30195.75,30200.75,30192.0,30200.0,49
2026-07-01T21:36:00-04:00,30197.5,30208.0,30197.5,30208.0,80
2026-07-01T21:37:00-04:00,30208.75,30221.75,30208.5,30219.25,231
2026-07-01T21:38:00-04:00,30217.25,30219.0,30208.5,30209.75,136
2026-07-01T21:39:00-04:00,30209.75,30229.0,30206.5,30226.75,202
2026-07-01T21:40:00-04:00,30225.75,30226.75,30219.75,30223.75,93
2026-07-01T21:41:00-04:00,30224.25,30224.25,30215.5,30217.75,61
2026-07-01T21:42:00-04:00,30217.5,30217.5,30208.25,30211.25,116
2026-07-01T21:43:00-04:00,30210.25,30221.75,30208.0,30217.75,88
2026-07-01T21:44:00-04:00,30219.75,30221.0,30210.75,30215.0,65
2026-07-01T21:45:00-04:00,30214.0,30214.0,30200.75,30210.5,105
2026-07-01T21:46:00-04:00,30212.5,30217.25,30209.75,30215.5,53
2026-07-01T21:47:00-04:00,30216.75,30223.0,30212.0,30213.25,117
2026-07-01T21:48:00-04:00,30212.5,30226.75,30211.0,30226.75,105
2026-07-01T21:49:00-04:00,30226.25,30226.75,30215.0,30217.25,66
2026-07-01T21:50:00-04:00,30216.75,30222.75,30214.25,30217.75,84
2026-07-01T21:51:00-04:00,30217.75,30222.25,30210.0,30213.5,156
2026-07-01T21:52:00-04:00,30212.75,30215.25,30209.25,30210.0,48
2026-07-01T21:53:00-04:00,30210.5,30210.5,30201.75,30206.75,81
2026-07-01T21:54:00-04:00,30208.75,30213.0,30204.0,30205.75,109
2026-07-01T21:55:00-04:00,30206.5,30208.0,30201.0,30202.0,72
2026-07-01T21:56:00-04:00,30202.25,30211.5,30201.25,30209.5,58
2026-07-01T21:57:00-04:00,30208.0,30211.25,30207.0,30208.0,41
2026-07-01T21:58:00-04:00,30205.0,30208.25,30197.25,30198.75,80
2026-07-01T21:59:00-04:00,30198.0,30205.25,30197.0,30203.75,71
2026-07-01T22:00:00-04:00,30203.75,30205.25,30191.75,30205.25,147
2026-07-01T22:01:00-04:00,30203.5,30203.5,30193.75,30197.5,93
2026-07-01T22:02:00-04:00,30198.25,30204.0,30190.0,30192.0,125
2026-07-01T22:03:00-04:00,30192.75,30199.25,30192.25,30193.5,83
2026-07-01T22:04:00-04:00,30193.5,30205.75,30191.0,30204.75,79
2026-07-01T22:05:00-04:00,30203.75,30208.0,30202.0,30206.75,87
2026-07-01T22:06:00-04:00,30207.0,30218.75,30206.0,30218.25,193
2026-07-01T22:07:00-04:00,30215.5,30219.5,30206.5,30210.0,115
2026-07-01T22:08:00-04:00,30210.0,30212.5,30205.0,30211.5,85
2026-07-01T22:09:00-04:00,30211.75,30220.0,30211.75,30217.25,83
2026-07-01T22:10:00-04:00,30215.75,30216.75,30207.25,30212.0,46
2026-07-01T22:11:00-04:00,30212.5,30216.75,30209.25,30216.25,40
2026-07-01T22:12:00-04:00,30216.0,30227.0,30216.0,30223.0,165
2026-07-01T22:13:00-04:00,30222.0,30230.0,30221.5,30226.5,105
2026-07-01T22:14:00-04:00,30225.25,30230.25,30224.75,30228.5,64
2026-07-01T22:15:00-04:00,30230.0,30239.5,30229.75,30237.5,218
2026-07-01T22:16:00-04:00,30236.75,30237.75,30228.75,30228.75,90
2026-07-01T22:17:00-04:00,30230.5,30235.25,30224.0,30226.5,80
2026-07-01T22:18:00-04:00,30227.0,30227.0,30216.75,30221.25,126
2026-07-01T22:19:00-04:00,30224.25,30225.0,30215.0,30218.0,56
2026-07-01T22:20:00-04:00,30217.25,30218.5,30211.0,30211.5,72
2026-07-01T22:21:00-04:00,30212.5,30219.0,30211.0,30213.0,84
2026-07-01T22:22:00-04:00,30217.0,30219.0,30198.75,30200.5,112
2026-07-01T22:23:00-04:00,30199.75,30204.0,30196.75,30199.0,86
2026-07-01T22:24:00-04:00,30199.0,30199.5,30185.5,30189.5,168
2026-07-01T22:25:00-04:00,30190.75,30198.5,30189.25,30193.75,104
2026-07-01T22:26:00-04:00,30194.5,30203.0,30191.5,30203.0,85
2026-07-01T22:27:00-04:00,30203.5,30207.0,30200.75,30202.0,93
2026-07-01T22:28:00-04:00,30203.75,30205.0,30199.5,30203.0,66
2026-07-01T22:29:00-04:00,30199.25,30199.25,30191.0,30191.0,84
2026-07-01T22:30:00-04:00,30193.25,30194.0,30183.0,30189.75,224
2026-07-01T22:31:00-04:00,30191.25,30196.0,30180.75,30187.5,141
2026-07-01T22:32:00-04:00,30188.25,30204.0,30186.25,30204.0,140
2026-07-01T22:33:00-04:00,30201.75,30208.25,30201.75,30206.0,131
2026-07-01T22:34:00-04:00,30205.25,30214.25,30204.75,30212.75,106
2026-07-01T22:35:00-04:00,30212.25,30215.25,30208.0,30214.0,83
2026-07-01T22:36:00-04:00,30214.75,30218.0,30198.0,30198.5,165
2026-07-01T22:37:00-04:00,30198.75,30206.25,30197.25,30203.5,71
2026-07-01T22:38:00-04:00,30203.25,30203.5,30200.0,30201.25,19
2026-07-01T22:39:00-04:00,30201.25,30207.5,30197.75,30201.0,45
2026-07-01T22:40:00-04:00,30200.25,30200.75,30195.25,30200.0,45
2026-07-01T22:41:00-04:00,30201.0,30207.5,30199.75,30206.0,71
2026-07-01T22:42:00-04:00,30204.25,30208.5,30201.75,30206.5,33
2026-07-01T22:43:00-04:00,30204.25,30204.25,30197.5,30202.5,39
2026-07-01T22:44:00-04:00,30203.75,30209.25,30203.75,30208.25,33
2026-07-01T22:45:00-04:00,30209.25,30216.25,30204.75,30215.0,93
2026-07-01T22:46:00-04:00,30216.25,30230.0,30215.5,30224.5,214
2026-07-01T22:47:00-04:00,30224.0,30224.75,30218.5,30221.0,53
2026-07-01T22:48:00-04:00,30220.0,30220.0,30214.75,30218.75,57
2026-07-01T22:49:00-04:00,30217.75,30217.75,30203.0,30203.5,132
2026-07-01T22:50:00-04:00,30204.75,30208.0,30199.75,30203.75,104
2026-07-01T22:51:00-04:00,30203.75,30204.5,30198.0,30203.75,56
2026-07-01T22:52:00-04:00,30202.25,30203.75,30197.5,30199.25,41
2026-07-01T22:53:00-04:00,30198.75,30200.0,30191.25,30192.0,71
2026-07-01T22:54:00-04:00,30192.5,30199.0,30191.5,30194.0,55
2026-07-01T22:55:00-04:00,30196.75,30202.75,30191.25,30200.5,130
2026-07-01T22:56:00-04:00,30203.0,30209.25,30199.75,30199.75,113
2026-07-01T22:57:00-04:00,30200.0,30206.75,30200.0,30206.5,33
2026-07-01T22:58:00-04:00,30206.0,30214.5,30204.75,30211.75,129
2026-07-01T22:59:00-04:00,30212.5,30212.5,30202.5,30207.5,53
2026-07-01T23:00:00-04:00,30208.25,30212.75,30204.5,30210.25,38
2026-07-01T23:01:00-04:00,30209.5,30211.5,30200.0,30203.75,38
2026-07-01T23:02:00-04:00,30203.25,30204.0,30198.0,30198.5,32
2026-07-01T23:03:00-04:00,30197.5,30198.0,30193.5,30193.5,43
2026-07-01T23:04:00-04:00,30193.5,30193.75,30188.25,30188.75,100
2026-07-01T23:05:00-04:00,30190.0,30191.25,30181.25,30188.75,117
2026-07-01T23:06:00-04:00,30189.5,30193.0,30186.0,30189.0,62
2026-07-01T23:07:00-04:00,30187.5,30189.0,30184.0,30184.5,40
2026-07-01T23:08:00-04:00,30184.75,30185.0,30174.75,30174.75,178
2026-07-01T23:09:00-04:00,30176.75,30177.75,30158.5,30160.5,270
2026-07-01T23:10:00-04:00,30160.25,30170.0,30158.25,30164.0,211
2026-07-01T23:11:00-04:00,30164.0,30171.25,30163.0,30166.0,59
2026-07-01T23:12:00-04:00,30167.25,30174.5,30163.25,30172.0,53
2026-07-01T23:13:00-04:00,30173.75,30176.75,30169.0,30175.5,63
2026-07-01T23:14:00-04:00,30175.75,30183.0,30175.0,30178.0,68
2026-07-01T23:15:00-04:00,30177.75,30184.75,30177.5,30182.0,68
2026-07-01T23:16:00-04:00,30182.5,30185.0,30179.25,30180.5,47
2026-07-01T23:17:00-04:00,30180.75,30180.75,30171.75,30174.25,51
2026-07-01T23:18:00-04:00,30173.75,30173.75,30164.75,30166.0,62
2026-07-01T23:19:00-04:00,30166.5,30170.25,30165.75,30170.0,42
2026-07-01T23:20:00-04:00,30172.0,30172.25,30162.5,30163.0,57
2026-07-01T23:21:00-04:00,30161.0,30161.5,30150.25,30152.0,193
2026-07-01T23:22:00-04:00,30152.25,30158.0,30148.5,30149.0,54
2026-07-01T23:23:00-04:00,30150.5,30150.5,30143.0,30144.5,94
2026-07-01T23:24:00-04:00,30143.75,30148.0,30138.0,30148.0,105
2026-07-01T23:25:00-04:00,30148.0,30152.75,30135.5,30137.0,93
2026-07-01T23:26:00-04:00,30135.5,30139.25,30134.5,30138.5,83
2026-07-01T23:27:00-04:00,30137.5,30160.0,30136.0,30159.5,195
2026-07-01T23:28:00-04:00,30159.5,30163.25,30155.5,30158.5,100
2026-07-01T23:29:00-04:00,30160.0,30160.0,30148.0,30151.0,92
2026-07-01T23:30:00-04:00,30151.25,30168.0,30148.5,30166.25,133
2026-07-01T23:31:00-04:00,30165.5,30175.0,30163.5,30172.5,94
2026-07-01T23:32:00-04:00,30170.25,30178.0,30160.75,30172.0,227
2026-07-01T23:33:00-04:00,30173.0,30193.75,30172.5,30187.0,231
2026-07-01T23:34:00-04:00,30186.5,30191.25,30185.5,30187.0,67
2026-07-01T23:35:00-04:00,30185.5,30190.0,30180.0,30190.0,91
2026-07-01T23:36:00-04:00,30190.75,30197.0,30178.75,30179.75,117
2026-07-01T23:37:00-04:00,30179.75,30181.5,30172.0,30174.75,107
2026-07-01T23:38:00-04:00,30175.5,30180.5,30173.5,30177.0,73
2026-07-01T23:39:00-04:00,30176.0,30176.0,30162.25,30166.0,110
2026-07-01T23:40:00-04:00,30167.25,30171.5,30163.25,30167.5,58
2026-07-01T23:41:00-04:00,30164.25,30164.25,30151.25,30155.25,96
2026-07-01T23:42:00-04:00,30155.5,30159.75,30154.0,30159.75,47
2026-07-01T23:43:00-04:00,30159.75,30165.5,30154.25,30155.5,54
2026-07-01T23:44:00-04:00,30153.5,30159.5,30145.0,30158.0,85
2026-07-01T23:45:00-04:00,30157.75,30159.25,30145.5,30145.5,52
2026-07-01T23:46:00-04:00,30144.25,30149.75,30139.0,30146.0,135
2026-07-01T23:47:00-04:00,30147.5,30152.75,30138.75,30148.5,142
2026-07-01T23:48:00-04:00,30148.0,30148.25,30141.25,30142.5,50
2026-07-01T23:49:00-04:00,30141.25,30158.25,30138.25,30158.0,119
2026-07-01T23:50:00-04:00,30156.75,30170.5,30155.75,30158.25,174
2026-07-01T23:51:00-04:00,30159.25,30162.0,30154.25,30160.0,54
2026-07-01T23:52:00-04:00,30160.75,30168.5,30160.75,30166.25,37
2026-07-01T23:53:00-04:00,30169.75,30176.0,30169.0,30175.5,54
2026-07-01T23:54:00-04:00,30176.25,30177.75,30169.0,30174.25,58
2026-07-01T23:55:00-04:00,30170.75,30177.75,30167.25,30177.25,44
2026-07-01T23:56:00-04:00,30173.75,30185.0,30172.0,30182.25,72
2026-07-01T23:57:00-04:00,30181.5,30183.25,30171.75,30171.75,65
2026-07-01T23:58:00-04:00,30171.5,30176.0,30170.5,30171.25,27
2026-07-02T00:09:00-04:00,30155.5,30157.0,30149.75,30151.25,35
2026-07-02T00:10:00-04:00,30152.5,30154.5,30144.0,30144.0,95
2026-07-02T00:11:00-04:00,30144.0,30144.0,30130.25,30131.75,125
2026-07-02T00:12:00-04:00,30133.5,30144.0,30133.5,30141.25,80
2026-07-02T00:13:00-04:00,30141.75,30141.75,30134.25,30134.25,24
2026-07-02T00:14:00-04:00,30134.0,30135.25,30127.25,30127.5,93
2026-07-02T00:15:00-04:00,30127.5,30127.5,30120.5,30125.0,92
2026-07-02T00:16:00-04:00,30124.75,30130.0,30120.0,30129.25,144
2026-07-02T00:17:00-04:00,30130.5,30134.25,30123.75,30123.75,82
2026-07-02T00:18:00-04:00,30125.0,30125.5,30116.25,30118.5,109
2026-07-02T00:19:00-04:00,30119.0,30123.25,30116.25,30116.25,37
2026-07-02T00:20:00-04:00,30117.0,30119.5,30106.0,30107.5,163
2026-07-02T00:21:00-04:00,30107.0,30114.5,30104.5,30112.75,60
2026-07-02T00:22:00-04:00,30113.75,30116.25,30105.5,30106.75,83
2026-07-02T00:23:00-04:00,30110.0,30110.25,30102.75,30109.5,47
2026-07-02T00:24:00-04:00,30111.75,30122.0,30111.75,30120.25,104
2026-07-02T00:25:00-04:00,30120.0,30129.75,30120.0,30126.5,75
2026-07-02T00:26:00-04:00,30129.5,30136.25,30124.75,30125.75,73
2026-07-02T00:27:00-04:00,30124.0,30132.75,30116.75,30132.75,67
2026-07-02T00:28:00-04:00,30134.0,30141.75,30132.0,30137.5,87
2026-07-02T00:29:00-04:00,30135.25,30139.0,30132.25,30135.5,53
2026-07-02T00:30:00-04:00,30134.5,30135.75,30117.5,30118.0,128
2026-07-02T00:31:00-04:00,30119.75,30120.0,30098.75,30102.0,151
2026-07-02T00:32:00-04:00,30102.0,30104.0,30099.5,30103.5,35
2026-07-02T00:33:00-04:00,30104.0,30107.5,30101.0,30103.5,53
2026-07-02T00:34:00-04:00,30104.25,30104.25,30094.5,30099.0,98
2026-07-02T00:35:00-04:00,30099.75,30100.0,30092.75,30095.25,113
2026-07-02T00:36:00-04:00,30094.5,30100.75,30091.5,30095.0,165
2026-07-02T00:37:00-04:00,30092.75,30098.25,30079.25,30083.0,214
2026-07-02T00:38:00-04:00,30084.0,30089.75,30078.0,30081.25,105
2026-07-02T00:39:00-04:00,30080.5,30082.5,30074.5,30079.75,74
2026-07-02T00:40:00-04:00,30080.0,30080.0,30067.75,30076.25,107
2026-07-02T00:41:00-04:00,30079.0,30081.25,30064.25,30064.25,111
2026-07-02T00:42:00-04:00,30066.25,30075.25,30065.25,30075.25,96
2026-07-02T00:43:00-04:00,30075.0,30080.25,30066.75,30068.75,180
2026-07-02T00:44:00-04:00,30069.75,30073.0,30066.5,30068.75,77
2026-07-02T00:45:00-04:00,30066.0,30072.25,30063.5,30072.25,61
2026-07-02T00:46:00-04:00,30073.0,30089.0,30073.0,30081.25,133
2026-07-02T00:47:00-04:00,30082.25,30082.25,30067.0,30067.0,96
2026-07-02T00:48:00-04:00,30067.0,30072.0,30065.0,30068.25,54
2026-07-02T00:49:00-04:00,30068.0,30076.5,30050.0,30074.75,328
2026-07-02T00:50:00-04:00,30074.75,30083.5,30073.5,30080.0,101
2026-07-02T00:51:00-04:00,30079.25,30097.25,30077.5,30093.5,141
2026-07-02T00:52:00-04:00,30093.25,30096.5,30088.0,30091.5,53
2026-07-02T00:53:00-04:00,30090.5,30103.0,30087.75,30099.25,244
2026-07-02T00:54:00-04:00,30099.5,30105.0,30094.5,30103.5,59
2026-07-02T00:55:00-04:00,30105.25,30114.25,30101.0,30110.75,125
2026-07-02T00:56:00-04:00,30112.0,30116.25,30109.0,30110.0,71
2026-07-02T00:57:00-04:00,30108.25,30120.0,30107.5,30118.75,74
2026-07-02T00:58:00-04:00,30119.0,30122.0,30116.75,30121.5,59
2026-07-02T00:59:00-04:00,30120.75,30122.25,30111.25,30111.25,72
2026-07-02T01:00:00-04:00,30114.0,30121.25,30099.25,30099.25,255
2026-07-02T01:01:00-04:00,30097.75,30112.5,30094.25,30112.5,136
2026-07-02T01:02:00-04:00,30112.0,30117.5,30106.25,30107.75,114
2026-07-02T01:03:00-04:00,30106.25,30123.0,30102.0,30120.0,60
2026-07-02T01:04:00-04:00,30120.75,30132.5,30116.75,30128.25,160
2026-07-02T01:05:00-04:00,30130.5,30140.25,30129.25,30138.25,122
2026-07-02T01:06:00-04:00,30138.75,30143.75,30137.0,30140.5,70
2026-07-02T01:07:00-04:00,30139.5,30144.25,30136.5,30144.0,86
2026-07-02T01:08:00-04:00,30142.75,30146.5,30141.0,30143.0,94
2026-07-02T01:09:00-04:00,30143.5,30151.5,30143.0,30150.75,120
2026-07-02T01:10:00-04:00,30148.0,30153.5,30147.25,30153.25,95
2026-07-02T01:11:00-04:00,30153.0,30154.25,30144.75,30144.75,118
2026-07-02T01:12:00-04:00,30144.0,30151.0,30142.0,30150.25,113
2026-07-02T01:13:00-04:00,30148.0,30152.5,30138.5,30148.5,103
2026-07-02T01:14:00-04:00,30148.5,30149.0,30144.25,30145.5,45
2026-07-02T01:15:00-04:00,30145.5,30159.75,30143.5,30156.5,124
2026-07-02T01:16:00-04:00,30153.5,30158.25,30143.5,30143.5,150
2026-07-02T01:17:00-04:00,30141.5,30143.5,30137.5,30143.0,95
2026-07-02T01:18:00-04:00,30141.5,30148.0,30141.25,30142.0,47
2026-07-02T01:19:00-04:00,30141.25,30149.0,30136.25,30147.5,99
2026-07-02T01:20:00-04:00,30148.5,30153.5,30145.5,30148.75,74
2026-07-02T01:21:00-04:00,30148.0,30157.5,30145.5,30153.75,112
2026-07-02T01:22:00-04:00,30154.75,30157.0,30149.75,30149.75,34
2026-07-02T01:23:00-04:00,30149.25,30151.75,30144.5,30146.25,24
2026-07-02T01:24:00-04:00,30145.25,30150.25,30143.0,30150.25,40
2026-07-02T01:25:00-04:00,30144.5,30144.5,30130.25,30136.75,157
2026-07-02T01:26:00-04:00,30137.25,30144.0,30132.25,30137.25,84
2026-07-02T01:27:00-04:00,30134.5,30137.0,30129.75,30133.25,68
2026-07-02T01:28:00-04:00,30133.25,30137.0,30129.75,30131.75,41
2026-07-02T01:29:00-04:00,30131.75,30131.75,30112.75,30115.5,171
2026-07-02T01:30:00-04:00,30115.75,30116.75,30090.75,30103.75,200
2026-07-02T01:31:00-04:00,30104.0,30107.75,30096.75,30100.5,109
2026-07-02T01:32:00-04:00,30100.5,30101.25,30086.0,30099.75,214
2026-07-02T01:33:00-04:00,30095.5,30098.75,30085.5,30087.25,83
2026-07-02T01:34:00-04:00,30087.25,30095.0,30087.25,30087.5,52
2026-07-02T01:35:00-04:00,30088.25,30090.5,30073.25,30073.25,180
2026-07-02T01:36:00-04:00,30075.25,30078.0,30073.0,30075.5,81
2026-07-02T01:37:00-04:00,30077.25,30080.25,30064.5,30074.25,219
2026-07-02T01:38:00-04:00,30077.75,30077.75,30063.75,30063.75,83
2026-07-02T01:39:00-04:00,30062.0,30067.0,30052.0,30053.75,150
2026-07-02T01:40:00-04:00,30053.5,30065.0,30051.25,30058.25,120
2026-07-02T01:41:00-04:00,30058.0,30071.25,30047.75,30065.25,273
2026-07-02T01:42:00-04:00,30066.5,30074.25,30048.5,30050.5,226
2026-07-02T01:43:00-04:00,30049.5,30065.5,30047.0,30060.0,125
2026-07-02T01:44:00-04:00,30060.25,30063.25,30053.5,30053.5,82
2026-07-02T01:45:00-04:00,30053.75,30060.25,30053.75,30058.25,61
2026-07-02T01:46:00-04:00,30060.5,30065.75,30051.75,30052.0,97
2026-07-02T01:47:00-04:00,30053.5,30057.5,30041.25,30044.75,189
2026-07-02T01:48:00-04:00,30043.0,30045.75,30039.0,30045.5,73
2026-07-02T01:49:00-04:00,30044.75,30046.75,30037.25,30045.0,70
2026-07-02T01:50:00-04:00,30046.0,30064.0,30046.0,30060.0,203
2026-07-02T01:51:00-04:00,30060.25,30070.25,30060.25,30068.0,122
2026-07-02T01:52:00-04:00,30067.5,30069.0,30061.5,30064.25,97
2026-07-02T01:53:00-04:00,30066.25,30073.0,30058.75,30066.5,94
2026-07-02T01:54:00-04:00,30064.75,30067.25,30051.75,30053.0,121
2026-07-02T01:55:00-04:00,30054.5,30070.5,30052.25,30059.0,168
2026-07-02T01:56:00-04:00,30060.75,30064.5,30056.0,30059.75,139
2026-07-02T01:57:00-04:00,30058.0,30063.5,30054.5,30061.5,72
2026-07-02T01:58:00-04:00,30061.5,30065.75,30051.0,30051.0,77
2026-07-02T01:59:00-04:00,30050.5,30059.25,30048.25,30051.0,173
2026-07-02T02:00:00-04:00,30052.0,30066.0,30044.0,30057.0,221
2026-07-02T02:01:00-04:00,30056.5,30059.25,30035.5,30039.75,152
2026-07-02T02:02:00-04:00,30040.0,30043.75,30030.25,30038.5,130
2026-07-02T02:03:00-04:00,30037.25,30038.25,30021.5,30021.5,212
2026-07-02T02:04:00-04:00,30023.0,30030.75,30014.5,30018.0,228
2026-07-02T02:05:00-04:00,30019.25,30022.5,30005.0,30017.0,304
2026-07-02T02:06:00-04:00,30015.25,30027.0,30011.75,30026.25,168
2026-07-02T02:07:00-04:00,30026.5,30029.0,30012.25,30012.25,99
2026-07-02T02:08:00-04:00,30014.5,30015.0,29990.75,30000.5,383
2026-07-02T02:09:00-04:00,30001.0,30001.0,29988.5,29994.0,112
2026-07-02T02:10:00-04:00,29995.0,29997.25,29981.0,29982.25,181
2026-07-02T02:11:00-04:00,29985.25,29986.25,29977.75,29982.75,130
2026-07-02T02:12:00-04:00,29985.25,29985.5,29971.5,29976.25,142
2026-07-02T02:13:00-04:00,29975.75,29975.75,29964.0,29966.0,199
2026-07-02T02:14:00-04:00,29965.75,29969.5,29954.5,29954.5,325
2026-07-02T02:15:00-04:00,29954.0,29970.5,29947.0,29962.5,401
2026-07-02T02:16:00-04:00,29962.25,29974.5,29954.25,29971.25,322
2026-07-02T02:17:00-04:00,29969.75,29978.5,29966.0,29971.25,253
2026-07-02T02:18:00-04:00,29970.75,29986.0,29970.0,29979.25,166
2026-07-02T02:19:00-04:00,29981.25,29986.25,29976.25,29981.5,111
2026-07-02T02:20:00-04:00,29979.5,29995.0,29978.0,29986.0,143
2026-07-02T02:21:00-04:00,29985.0,29987.0,29977.5,29985.75,86
2026-07-02T02:22:00-04:00,29986.0,29994.0,29979.25,29982.0,84
2026-07-02T02:23:00-04:00,29982.0,29987.5,29975.75,29980.0,76
2026-07-02T02:24:00-04:00,29979.0,29979.0,29967.0,29970.75,120
2026-07-02T02:25:00-04:00,29970.75,29989.25,29967.25,29979.5,206
2026-07-02T02:26:00-04:00,29979.75,29980.75,29969.5,29975.0,109
2026-07-02T02:27:00-04:00,29976.0,29976.0,29966.75,29969.5,71
2026-07-02T02:28:00-04:00,29968.25,29970.75,29959.0,29963.75,128
2026-07-02T02:29:00-04:00,29963.25,29966.0,29950.75,29952.75,153
2026-07-02T02:30:00-04:00,29953.75,29982.25,29953.75,29980.75,249
2026-07-02T02:31:00-04:00,29982.75,29997.25,29981.5,29997.25,164
2026-07-02T02:32:00-04:00,29997.75,30005.0,29993.5,29993.5,165
2026-07-02T02:33:00-04:00,29993.25,30002.75,29991.25,30001.75,68
2026-07-02T02:34:00-04:00,30000.25,30002.75,29993.25,29998.25,82
2026-07-02T02:35:00-04:00,29999.0,30004.0,29997.75,30002.75,69
2026-07-02T02:36:00-04:00,30002.75,30005.0,29997.75,29998.25,60
2026-07-02T02:37:00-04:00,29998.0,30007.5,29994.5,29997.25,114
2026-07-02T02:38:00-04:00,29997.0,30000.0,29992.25,29993.25,113
2026-07-02T02:39:00-04:00,29992.0,29994.25,29983.5,29990.5,116
2026-07-02T02:40:00-04:00,29989.5,29993.75,29983.0,29990.25,84
2026-07-02T02:41:00-04:00,29990.25,29992.75,29980.75,29983.75,31
2026-07-02T02:42:00-04:00,29984.0,29984.75,29969.5,29970.25,113
2026-07-02T02:43:00-04:00,29970.5,29971.75,29963.25,29967.75,86
2026-07-02T02:44:00-04:00,29967.5,29974.5,29965.5,29971.75,90
2026-07-02T02:45:00-04:00,29975.0,29978.0,29958.25,29961.5,173
2026-07-02T02:46:00-04:00,29962.25,29965.5,29943.25,29946.5,509
2026-07-02T02:47:00-04:00,29945.5,29945.5,29928.25,29939.5,333
2026-07-02T02:48:00-04:00,29940.0,29940.0,29923.25,29924.75,331
2026-07-02T02:49:00-04:00,29924.75,29928.0,29913.25,29918.0,375
2026-07-02T02:50:00-04:00,29916.5,29918.25,29900.0,29907.25,399
2026-07-02T02:51:00-04:00,29907.25,29913.0,29896.0,29898.5,224
2026-07-02T02:52:00-04:00,29897.5,29921.5,29895.0,29918.75,261
2026-07-02T02:53:00-04:00,29920.75,29926.0,29914.0,29921.5,199
2026-07-02T02:54:00-04:00,29924.75,29924.75,29911.25,29916.75,208
2026-07-02T02:55:00-04:00,29917.0,29935.75,29916.0,29933.5,262
2026-07-02T02:56:00-04:00,29935.0,29940.25,29929.25,29934.25,167
2026-07-02T02:57:00-04:00,29933.75,29946.75,29931.75,29946.25,159
2026-07-02T02:58:00-04:00,29944.0,29947.25,29933.0,29933.75,99
2026-07-02T02:59:00-04:00,29933.5,29936.0,29919.75,29919.75,176
2026-07-02T03:00:00-04:00,29921.25,29926.5,29900.5,29913.5,397
2026-07-02T03:01:00-04:00,29914.5,29932.0,29914.5,29927.25,192
2026-07-02T03:02:00-04:00,29924.5,29937.5,29922.5,29932.75,147
2026-07-02T03:03:00-04:00,29933.75,29937.5,29914.0,29919.25,138
2026-07-02T03:04:00-04:00,29918.0,29918.0,29906.0,29912.5,202
2026-07-02T03:05:00-04:00,29915.0,29915.25,29892.0,29900.25,241
2026-07-02T03:06:00-04:00,29899.25,29903.75,29888.25,29901.5,207
2026-07-02T03:07:00-04:00,29900.5,29907.0,29885.25,29898.0,197
2026-07-02T03:08:00-04:00,29896.25,29898.0,29883.25,29889.0,171
2026-07-02T03:09:00-04:00,29890.0,29896.25,29879.5,29881.75,218
2026-07-02T03:10:00-04:00,29882.75,29899.5,29882.0,29887.25,216
2026-07-02T03:11:00-04:00,29886.0,29887.25,29865.0,29867.0,237
2026-07-02T03:12:00-04:00,29867.75,29870.75,29836.75,29838.0,415
2026-07-02T03:13:00-04:00,29838.0,29850.25,29834.75,29841.0,420
2026-07-02T03:14:00-04:00,29839.0,29846.25,29832.25,29833.0,205
2026-07-02T03:15:00-04:00,29836.75,29857.5,29830.75,29854.75,289
2026-07-02T03:16:00-04:00,29855.25,29872.75,29852.0,29853.25,307
2026-07-02T03:17:00-04:00,29850.75,29855.0,29826.25,29834.25,311
2026-07-02T03:18:00-04:00,29835.0,29854.75,29833.75,29854.75,177
2026-07-02T03:19:00-04:00,29852.5,29857.75,29843.25,29845.25,109
2026-07-02T03:20:00-04:00,29844.25,29862.5,29843.5,29861.0,114
2026-07-02T03:21:00-04:00,29856.5,29856.5,29837.5,29837.75,105
2026-07-02T03:22:00-04:00,29838.75,29844.0,29835.25,29839.5,99
2026-07-02T03:23:00-04:00,29836.5,29852.5,29831.25,29846.0,202
2026-07-02T03:24:00-04:00,29847.5,29859.0,29845.0,29851.5,114
2026-07-02T03:25:00-04:00,29847.5,29847.5,29828.5,29834.5,106
2026-07-02T03:26:00-04:00,29833.25,29834.0,29826.5,29827.0,79
2026-07-02T03:27:00-04:00,29827.5,29836.5,29827.25,29833.75,101
2026-07-02T03:28:00-04:00,29832.25,29866.0,29832.0,29863.5,237
2026-07-02T03:29:00-04:00,29863.0,29867.75,29857.75,29863.75,110
2026-07-02T03:30:00-04:00,29866.0,29878.25,29858.75,29876.5,333
2026-07-02T03:31:00-04:00,29876.5,29883.0,29871.75,29877.0,299
2026-07-02T03:32:00-04:00,29875.5,29875.5,29859.0,29862.5,160
2026-07-02T03:33:00-04:00,29862.75,29873.75,29860.0,29872.25,89
2026-07-02T03:34:00-04:00,29872.5,29887.0,29872.25,29886.0,254
2026-07-02T03:35:00-04:00,29886.25,29895.0,29878.0,29892.5,160
2026-07-02T03:36:00-04:00,29892.25,29892.25,29876.5,29876.5,107
2026-07-02T03:37:00-04:00,29879.0,29888.0,29879.0,29885.25,57
2026-07-02T03:38:00-04:00,29885.0,29887.25,29872.25,29886.25,196
2026-07-02T03:39:00-04:00,29888.25,29896.5,29888.25,29895.25,120
2026-07-02T03:40:00-04:00,29895.0,29914.5,29895.0,29910.0,216
2026-07-02T03:41:00-04:00,29911.75,29931.5,29911.25,29929.75,229
2026-07-02T03:42:00-04:00,29929.0,29934.5,29926.5,29928.25,186
2026-07-02T03:43:00-04:00,29926.25,29932.5,29923.75,29926.5,133
2026-07-02T03:44:00-04:00,29926.25,29943.5,29926.25,29939.5,201
2026-07-02T03:45:00-04:00,29939.75,29944.5,29926.75,29927.25,227
2026-07-02T03:46:00-04:00,29927.0,29939.25,29927.0,29935.25,91
2026-07-02T03:47:00-04:00,29935.75,29939.0,29926.75,29926.75,88
2026-07-02T03:48:00-04:00,29926.0,29931.25,29922.5,29925.25,103
2026-07-02T03:49:00-04:00,29925.5,29935.0,29921.75,29934.5,156
2026-07-02T03:50:00-04:00,29931.25,29942.25,29917.5,29919.75,288
2026-07-02T03:51:00-04:00,29915.75,29920.0,29909.75,29914.25,224
2026-07-02T03:52:00-04:00,29913.5,29920.0,29911.0,29915.25,85
2026-07-02T03:53:00-04:00,29918.25,29919.5,29910.75,29912.5,56
2026-07-02T03:54:00-04:00,29914.0,29914.0,29905.25,29910.0,85
2026-07-02T03:55:00-04:00,29906.5,29909.75,29894.0,29894.25,117
2026-07-02T03:56:00-04:00,29893.5,29897.5,29891.5,29894.0,76
2026-07-02T03:57:00-04:00,29892.5,29901.25,29888.0,29890.75,111
2026-07-02T03:58:00-04:00,29892.5,29900.0,29886.75,29887.5,101
2026-07-02T03:59:00-04:00,29889.25,29893.0,29884.5,29891.25,80
2026-07-02T04:00:00-04:00,29893.5,29901.25,29865.25,29865.25,444
2026-07-02T04:01:00-04:00,29866.5,29899.0,29866.5,29890.0,252
2026-07-02T04:02:00-04:00,29890.25,29905.0,29887.25,29903.0,118
2026-07-02T04:03:00-04:00,29902.5,29910.5,29897.25,29906.25,138
2026-07-02T04:04:00-04:00,29905.0,29907.5,29899.25,29905.25,96
2026-07-02T04:05:00-04:00,29905.25,29927.0,29905.25,29927.0,184
2026-07-02T04:06:00-04:00,29925.0,29925.0,29883.25,29883.75,230
2026-07-02T04:07:00-04:00,29881.25,29882.75,29864.0,29869.25,229
2026-07-02T04:08:00-04:00,29871.5,29875.75,29861.0,29870.0,118
2026-07-02T04:09:00-04:00,29870.75,29889.0,29870.0,29877.25,133
2026-07-02T04:10:00-04:00,29878.5,29880.0,29868.75,29877.25,110
2026-07-02T04:11:00-04:00,29873.25,29873.75,29852.75,29852.75,132
2026-07-02T04:12:00-04:00,29854.5,29855.0,29837.75,29847.25,210
2026-07-02T04:13:00-04:00,29847.5,29848.75,29837.0,29838.75,112
2026-07-02T04:14:00-04:00,29840.75,29845.5,29827.25,29841.0,196
2026-07-02T04:15:00-04:00,29844.25,29866.0,29839.25,29864.5,236
2026-07-02T04:16:00-04:00,29863.75,29880.5,29858.75,29873.25,165
2026-07-02T04:17:00-04:00,29873.25,29880.75,29867.25,29874.25,123
2026-07-02T04:18:00-04:00,29872.0,29873.25,29865.5,29868.25,100
2026-07-02T04:19:00-04:00,29866.25,29891.0,29866.25,29889.5,121
2026-07-02T04:20:00-04:00,29889.5,29895.25,29881.25,29894.0,75
2026-07-02T04:21:00-04:00,29894.75,29903.0,29885.0,29890.5,99
2026-07-02T04:22:00-04:00,29895.0,29906.25,29893.5,29901.25,103
2026-07-02T04:23:00-04:00,29901.5,29912.75,29900.75,29911.75,79
2026-07-02T04:24:00-04:00,29912.5,29917.25,29907.75,29910.0,103
2026-07-02T04:25:00-04:00,29909.5,29920.75,29908.0,29919.75,66
2026-07-02T04:26:00-04:00,29919.5,29933.0,29913.0,29932.25,164
2026-07-02T04:27:00-04:00,29931.25,29935.0,29926.25,29931.25,97
2026-07-02T04:28:00-04:00,29933.25,29936.75,29928.0,29928.0,64
2026-07-02T04:29:00-04:00,29929.25,29941.75,29923.25,29926.25,179
2026-07-02T04:30:00-04:00,29924.5,29928.75,29916.25,29928.75,163
2026-07-02T04:31:00-04:00,29930.25,29968.5,29930.25,29968.5,434
2026-07-02T04:32:00-04:00,29966.5,29972.25,29963.0,29964.0,286
2026-07-02T04:33:00-04:00,29963.5,29966.5,29954.75,29960.75,112
2026-07-02T04:34:00-04:00,29960.5,29991.0,29957.25,29989.0,620
2026-07-02T04:35:00-04:00,29987.5,30005.75,29984.25,30002.5,367
2026-07-02T04:36:00-04:00,30002.5,30014.5,29994.5,30003.0,255
2026-07-02T04:37:00-04:00,30003.75,30007.5,29988.0,29993.0,184
2026-07-02T04:38:00-04:00,29993.75,30001.0,29989.25,29995.75,64
2026-07-02T04:39:00-04:00,29995.5,30012.0,29994.5,29999.5,150
2026-07-02T04:40:00-04:00,29997.5,29999.5,29983.75,29988.0,204
2026-07-02T04:41:00-04:00,29990.75,29995.25,29982.5,29983.25,99
2026-07-02T04:42:00-04:00,29983.25,29990.75,29981.25,29984.75,52
2026-07-02T04:43:00-04:00,29987.5,29987.5,29976.5,29982.0,111
2026-07-02T04:44:00-04:00,29981.75,29987.25,29978.75,29980.75,88
2026-07-02T04:45:00-04:00,29982.0,29985.0,29970.5,29976.25,130
2026-07-02T04:46:00-04:00,29973.25,29996.0,29970.25,29994.5,160
2026-07-02T04:47:00-04:00,29992.75,29993.75,29983.5,29987.25,65
2026-07-02T04:48:00-04:00,29987.75,29991.0,29986.0,29988.5,40
2026-07-02T04:49:00-04:00,29991.25,30001.75,29991.25,30000.25,121
2026-07-02T04:50:00-04:00,30001.75,30006.75,29997.75,30000.75,97
2026-07-02T04:51:00-04:00,30000.0,30010.0,29997.0,30009.25,84
2026-07-02T04:52:00-04:00,30012.0,30023.25,30012.0,30020.0,206
2026-07-02T04:53:00-04:00,30021.25,30027.0,30019.25,30024.0,186
2026-07-02T04:54:00-04:00,30021.5,30021.5,30006.0,30011.25,225
2026-07-02T04:55:00-04:00,30010.25,30016.75,30007.0,30011.25,116
2026-07-02T04:56:00-04:00,30012.0,30020.5,30011.5,30015.25,84
2026-07-02T04:57:00-04:00,30015.5,30034.0,30006.25,30033.0,234
2026-07-02T04:58:00-04:00,30031.0,30036.0,30024.75,30033.25,208
2026-07-02T04:59:00-04:00,30033.0,30038.25,30029.25,30033.0,109
2026-07-02T05:00:00-04:00,30032.75,30033.5,30002.25,30009.5,310
2026-07-02T05:01:00-04:00,30008.0,30012.0,29998.75,29998.75,120
2026-07-02T05:02:00-04:00,30000.25,30005.5,29996.75,30001.25,134
2026-07-02T05:03:00-04:00,29999.5,30000.25,29990.0,29997.25,102
2026-07-02T05:04:00-04:00,29996.75,29997.0,29988.5,29990.25,101
2026-07-02T05:05:00-04:00,29988.75,29992.0,29977.0,29979.5,229
2026-07-02T05:06:00-04:00,29979.0,29979.75,29967.25,29974.75,115
2026-07-02T05:07:00-04:00,29975.75,29975.75,29964.0,29972.5,82
2026-07-02T05:08:00-04:00,29973.5,29981.5,29965.0,29965.0,101
2026-07-02T05:09:00-04:00,29964.0,29968.0,29961.0,29968.0,47
2026-07-02T05:10:00-04:00,29969.5,29975.0,29967.0,29969.0,78
2026-07-02T05:11:00-04:00,29972.25,29987.5,29972.0,29986.5,254
2026-07-02T05:12:00-04:00,29985.5,29988.75,29976.5,29985.25,95
2026-07-02T05:13:00-04:00,29984.0,29986.75,29980.25,29981.0,52
2026-07-02T05:14:00-04:00,29980.5,29985.5,29979.75,29984.0,32
2026-07-02T05:15:00-04:00,29984.5,29985.0,29970.75,29973.75,53
2026-07-02T05:16:00-04:00,29973.5,29974.0,29965.0,29967.75,76
2026-07-02T05:17:00-04:00,29972.0,29981.75,29967.25,29968.0,69
2026-07-02T05:18:00-04:00,29969.0,29972.5,29965.0,29972.0,65
2026-07-02T05:19:00-04:00,29973.0,29980.5,29962.25,29962.25,91
2026-07-02T05:20:00-04:00,29961.75,29983.25,29961.75,29979.0,182
2026-07-02T05:21:00-04:00,29977.75,29980.25,29971.0,29973.25,87
2026-07-02T05:22:00-04:00,29974.25,29975.25,29962.75,29964.0,116
2026-07-02T05:23:00-04:00,29965.25,29973.75,29962.5,29966.25,117
2026-07-02T05:24:00-04:00,29969.25,29969.75,29953.25,29956.25,107
2026-07-02T05:25:00-04:00,29956.5,29957.5,29943.5,29954.75,211
2026-07-02T05:26:00-04:00,29954.5,29954.5,29944.25,29947.5,124
2026-07-02T05:27:00-04:00,29948.5,29958.75,29945.0,29957.0,82
2026-07-02T05:28:00-04:00,29955.5,29983.75,29953.5,29977.25,215
2026-07-02T05:29:00-04:00,29974.5,29987.25,29973.25,29983.25,110
2026-07-02T05:30:00-04:00,29982.5,29988.5,29978.0,29981.25,153
2026-07-02T05:31:00-04:00,29980.75,29991.0,29979.75,29982.75,142
2026-07-02T05:32:00-04:00,29981.5,30003.25,29981.25,29998.0,213
2026-07-02T05:33:00-04:00,29998.0,30010.25,29996.25,30010.25,190
2026-07-02T05:34:00-04:00,30008.0,30011.5,29994.0,29994.75,286
2026-07-02T05:35:00-04:00,29994.75,29997.5,29989.75,29994.75,36
2026-07-02T05:36:00-04:00,29996.5,30001.75,29988.0,29999.0,147
2026-07-02T05:37:00-04:00,29997.5,29997.5,29992.25,29993.25,24
2026-07-02T05:38:00-04:00,29995.25,30013.75,29994.0,30011.25,185
2026-07-02T05:39:00-04:00,30011.0,30015.0,30004.5,30005.75,67
2026-07-02T05:40:00-04:00,30003.75,30010.75,29996.25,29997.75,142
2026-07-02T05:41:00-04:00,30002.25,30005.0,29999.75,30002.75,78
2026-07-02T05:42:00-04:00,30000.25,30007.0,29995.0,30006.75,30
2026-07-02T05:43:00-04:00,30008.5,30009.5,29998.0,30000.25,33
2026-07-02T05:44:00-04:00,30002.5,30003.75,29998.0,29998.75,50
2026-07-02T05:45:00-04:00,29998.25,29998.25,29980.75,29983.0,132
2026-07-02T05:46:00-04:00,29980.25,29984.0,29965.75,29974.75,158
2026-07-02T05:47:00-04:00,29976.25,29994.0,29976.25,29994.0,115
2026-07-02T05:48:00-04:00,29992.25,29995.0,29990.0,29990.25,20
2026-07-02T05:49:00-04:00,29996.0,29996.0,29987.0,29990.0,17
2026-07-02T05:50:00-04:00,29989.5,29991.0,29984.75,29991.0,34
2026-07-02T05:51:00-04:00,29991.75,29996.5,29983.5,29987.0,53
2026-07-02T05:52:00-04:00,29982.75,29988.0,29979.25,29988.0,51
2026-07-02T05:53:00-04:00,29986.75,29990.25,29981.25,29988.0,24
2026-07-02T05:54:00-04:00,29982.75,29983.0,29975.75,29981.25,29
2026-07-02T05:55:00-04:00,29979.25,29979.5,29961.0,29968.0,131
2026-07-02T05:56:00-04:00,29969.25,29972.5,29956.25,29956.25,145
2026-07-02T05:57:00-04:00,29957.75,29968.5,29957.75,29966.75,68
2026-07-02T05:58:00-04:00,29966.25,29966.25,29957.5,29957.5,27
2026-07-02T05:59:00-04:00,29956.5,29959.75,29952.0,29957.75,58
2026-07-02T06:00:00-04:00,29959.5,29959.75,29949.0,29950.25,103
2026-07-02T06:01:00-04:00,29948.75,29950.75,29937.75,29942.25,283
2026-07-02T06:02:00-04:00,29942.0,29945.0,29937.75,29941.0,50
2026-07-02T06:03:00-04:00,29940.5,29943.25,29926.5,29928.0,171
2026-07-02T06:04:00-04:00,29929.5,29933.0,29920.0,29927.0,206
2026-07-02T06:05:00-04:00,29926.75,29946.25,29924.0,29935.5,138
2026-07-02T06:06:00-04:00,29936.0,29953.5,29935.0,29946.75,119
2026-07-02T06:07:00-04:00,29948.75,29956.75,29944.0,29945.0,108
2026-07-02T06:08:00-04:00,29944.75,29946.25,29935.0,29940.25,69
2026-07-02T06:09:00-04:00,29939.75,29942.75,29933.25,29941.5,132
2026-07-02T06:10:00-04:00,29939.75,29949.5,29936.5,29946.0,50
2026-07-02T06:11:00-04:00,29945.75,29946.75,29941.0,29943.25,46
2026-07-02T06:12:00-04:00,29940.5,29940.5,29933.5,29938.5,39
2026-07-02T06:13:00-04:00,29938.5,29945.75,29932.5,29932.5,66
2026-07-02T06:14:00-04:00,29934.0,29938.5,29931.75,29934.5,48
2026-07-02T06:15:00-04:00,29932.0,29937.75,29927.0,29937.5,69
2026-07-02T06:16:00-04:00,29936.75,29943.75,29924.5,29929.0,70
2026-07-02T06:17:00-04:00,29931.25,29934.75,29924.25,29930.25,45
2026-07-02T06:18:00-04:00,29931.75,29937.0,29929.75,29936.5,53
2026-07-02T06:19:00-04:00,29935.0,29949.25,29932.0,29949.25,74
2026-07-02T06:20:00-04:00,29948.5,29950.5,29938.5,29939.0,43
2026-07-02T06:21:00-04:00,29937.25,29945.0,29936.75,29943.75,33
2026-07-02T06:22:00-04:00,29943.0,29947.25,29937.0,29938.0,101
2026-07-02T06:23:00-04:00,29938.75,29938.75,29930.75,29937.75,62
2026-07-02T06:24:00-04:00,29937.25,29946.5,29937.25,29940.25,48
2026-07-02T06:25:00-04:00,29941.0,29955.75,29941.0,29954.0,77
2026-07-02T06:26:00-04:00,29955.25,29960.25,29953.5,29957.25,49
2026-07-02T06:27:00-04:00,29958.25,29961.25,29947.75,29948.25,110
2026-07-02T06:28:00-04:00,29948.0,29948.25,29935.0,29937.75,95
2026-07-02T06:29:00-04:00,29936.5,29948.0,29935.75,29948.0,72
2026-07-02T06:30:00-04:00,29948.0,29958.5,29948.0,29957.5,49
2026-07-02T06:31:00-04:00,29956.0,29964.75,29955.5,29963.75,74
2026-07-02T06:32:00-04:00,29961.25,29966.5,29955.5,29958.5,111
2026-07-02T06:33:00-04:00,29957.5,29981.25,29956.0,29981.0,264
2026-07-02T06:34:00-04:00,29980.25,29993.5,29978.75,29982.0,240
2026-07-02T06:35:00-04:00,29984.0,29984.0,29975.5,29978.75,161
2026-07-02T06:36:00-04:00,29976.5,29981.0,29973.75,29979.0,104
2026-07-02T06:37:00-04:00,29977.5,29986.0,29976.75,29980.75,73
2026-07-02T06:38:00-04:00,29979.75,29993.75,29978.5,29989.5,152
2026-07-02T06:39:00-04:00,29991.25,30005.5,29983.75,29999.25,539
2026-07-02T06:40:00-04:00,29998.0,30005.5,29994.0,29994.25,91
2026-07-02T06:41:00-04:00,29993.5,30000.25,29993.5,29996.0,63
2026-07-02T06:42:00-04:00,29998.25,29998.5,29990.25,29991.25,41
2026-07-02T06:43:00-04:00,29990.25,29990.75,29983.5,29987.25,84
2026-07-02T06:44:00-04:00,29988.5,29988.5,29977.75,29978.5,93
2026-07-02T06:45:00-04:00,29979.25,29981.0,29973.25,29978.0,85
2026-07-02T06:46:00-04:00,29978.0,29988.5,29976.5,29980.25,131
2026-07-02T06:47:00-04:00,29980.25,29985.5,29979.5,29980.75,57
2026-07-02T06:48:00-04:00,29979.75,29982.25,29972.0,29976.0,104
2026-07-02T06:49:00-04:00,29974.0,29983.25,29974.0,29979.75,42
2026-07-02T06:50:00-04:00,29981.0,29986.75,29979.0,29983.75,33
2026-07-02T06:51:00-04:00,29984.25,29984.75,29976.75,29978.0,33
2026-07-02T06:52:00-04:00,29981.0,29982.25,29973.75,29974.0,26
2026-07-02T06:53:00-04:00,29975.75,29981.25,29973.5,29981.25,27
2026-07-02T06:54:00-04:00,29983.5,29994.25,29983.5,29990.75,74
2026-07-02T06:55:00-04:00,29991.5,29992.75,29988.0,29989.25,48
2026-07-02T06:56:00-04:00,29989.5,29990.25,29982.25,29988.75,68
2026-07-02T06:57:00-04:00,29990.75,29993.0,29985.0,29986.75,71
2026-07-02T06:58:00-04:00,29987.25,30008.5,29986.0,30004.25,195
2026-07-02T06:59:00-04:00,30003.75,30008.25,29999.75,30005.75,109
2026-07-02T07:00:00-04:00,30005.25,30017.0,29997.0,30008.75,399
2026-07-02T07:01:00-04:00,30011.0,30020.5,30011.0,30012.5,269
2026-07-02T07:02:00-04:00,30012.75,30021.5,30011.25,30019.75,158
2026-07-02T07:03:00-04:00,30017.75,30021.0,29993.75,29993.75,212
2026-07-02T07:04:00-04:00,29994.75,29995.0,29978.5,29981.25,340
2026-07-02T07:05:00-04:00,29980.0,29986.0,29970.25,29972.0,363
2026-07-02T07:06:00-04:00,29972.0,29977.25,29967.5,29973.5,95
2026-07-02T07:07:00-04:00,29973.75,29977.5,29968.25,29972.25,76
2026-07-02T07:08:00-04:00,29973.0,29984.0,29972.75,29979.25,146
2026-07-02T07:09:00-04:00,29982.25,29985.5,29981.0,29983.25,58
2026-07-02T07:10:00-04:00,29983.25,29990.75,29983.25,29987.5,86
2026-07-02T07:11:00-04:00,29988.25,29995.75,29987.25,29991.25,77
2026-07-02T07:12:00-04:00,29990.5,30005.75,29988.25,29997.0,228
2026-07-02T07:13:00-04:00,29996.5,30010.5,29996.5,30006.0,179
2026-07-02T07:14:00-04:00,30006.0,30007.0,30001.75,30007.0,49
2026-07-02T07:15:00-04:00,30005.75,30009.25,30003.25,30007.75,44
2026-07-02T07:16:00-04:00,30008.0,30011.25,30001.75,30006.25,96
2026-07-02T07:17:00-04:00,30006.75,30007.5,29980.5,29983.0,232
2026-07-02T07:18:00-04:00,29982.0,29982.0,29967.0,29976.25,170
2026-07-02T07:19:00-04:00,29977.75,29991.5,29976.5,29984.5,83
2026-07-02T07:20:00-04:00,29984.5,29985.5,29974.5,29977.5,72
2026-07-02T07:21:00-04:00,29979.5,29979.5,29973.0,29979.5,42
2026-07-02T07:22:00-04:00,29979.0,29998.0,29977.5,29995.5,162
2026-07-02T07:23:00-04:00,29996.5,30008.75,29996.5,30005.5,92
2026-07-02T07:24:00-04:00,30002.75,30008.25,30002.75,30003.75,68
2026-07-02T07:25:00-04:00,30004.0,30013.0,30002.25,30011.25,93
2026-07-02T07:26:00-04:00,30011.0,30014.0,30006.0,30010.0,238
2026-07-02T07:27:00-04:00,30010.75,30011.25,30007.25,30009.25,59
2026-07-02T07:28:00-04:00,30010.0,30013.0,30000.75,30004.75,115
2026-07-02T07:29:00-04:00,30006.0,30010.0,30005.25,30005.75,58
2026-07-02T07:30:00-04:00,30006.0,30012.0,29990.75,29998.0,276
2026-07-02T07:31:00-04:00,29998.5,30005.0,29998.0,30005.0,114
2026-07-02T07:32:00-04:00,30005.25,30009.5,30003.25,30005.0,56
2026-07-02T07:33:00-04:00,30004.25,30010.5,30002.0,30009.0,41
2026-07-02T07:34:00-04:00,30009.0,30009.0,29993.5,29995.25,69
2026-07-02T07:35:00-04:00,29993.5,29999.5,29992.75,29997.0,70
2026-07-02T07:36:00-04:00,29998.0,30007.5,29998.0,29998.5,101
2026-07-02T07:37:00-04:00,29999.25,30010.0,29997.75,30009.75,100
2026-07-02T07:38:00-04:00,30010.0,30033.0,30010.0,30033.0,266
2026-07-02T07:39:00-04:00,30032.0,30036.75,30027.75,30036.25,116
2026-07-02T07:40:00-04:00,30036.25,30037.75,30020.75,30021.0,261
2026-07-02T07:41:00-04:00,30022.0,30049.0,30014.75,30043.25,297
2026-07-02T07:42:00-04:00,30042.0,30050.0,30040.75,30047.0,193
2026-07-02T07:43:00-04:00,30046.5,30058.25,30046.0,30055.75,223
2026-07-02T07:44:00-04:00,30056.25,30064.75,30052.5,30057.5,294
2026-07-02T07:45:00-04:00,30058.0,30067.25,30055.75,30065.0,165
2026-07-02T07:46:00-04:00,30065.0,30066.0,30054.75,30060.5,181
2026-07-02T07:47:00-04:00,30060.5,30069.5,30060.25,30066.75,250
2026-07-02T07:48:00-04:00,30066.0,30076.25,30066.0,30071.25,304
2026-07-02T07:49:00-04:00,30070.75,30071.25,30058.25,30059.0,205
2026-07-02T07:50:00-04:00,30059.0,30067.0,30055.5,30067.0,140
2026-07-02T07:51:00-04:00,30067.25,30073.0,30062.25,30073.0,275
2026-07-02T07:52:00-04:00,30073.0,30079.0,30069.25,30072.0,146
2026-07-02T07:53:00-04:00,30072.25,30072.5,30060.75,30066.0,177
2026-07-02T07:54:00-04:00,30065.25,30065.25,30040.0,30041.0,413
2026-07-02T07:55:00-04:00,30040.75,30051.75,30039.25,30049.25,164
2026-07-02T07:56:00-04:00,30048.25,30053.5,30044.75,30052.5,64
2026-07-02T07:57:00-04:00,30051.75,30053.0,30041.75,30042.0,79
2026-07-02T07:58:00-04:00,30043.0,30050.0,30041.0,30045.75,79
2026-07-02T07:59:00-04:00,30045.75,30046.0,30034.0,30034.25,166
2026-07-02T08:00:00-04:00,30035.25,30036.75,30022.25,30027.0,249
2026-07-02T08:01:00-04:00,30026.75,30031.5,30023.25,30026.0,114
2026-07-02T08:02:00-04:00,30026.75,30044.0,30026.0,30044.0,162
2026-07-02T08:03:00-04:00,30043.25,30066.75,30043.25,30066.75,254
2026-07-02T08:04:00-04:00,30065.75,30085.0,30064.75,30080.0,248
2026-07-02T08:05:00-04:00,30080.75,30086.25,30072.75,30074.25,157
2026-07-02T08:06:00-04:00,30075.25,30107.5,30074.25,30103.0,416
2026-07-02T08:07:00-04:00,30100.5,30109.25,30093.5,30101.5,171
2026-07-02T08:08:00-04:00,30101.5,30112.75,30096.75,30110.75,254
2026-07-02T08:09:00-04:00,30110.25,30116.25,30100.0,30106.25,283
2026-07-02T08:10:00-04:00,30106.25,30113.75,30103.5,30110.25,174
2026-07-02T08:11:00-04:00,30111.5,30116.25,30100.0,30115.25,184
2026-07-02T08:12:00-04:00,30114.75,30126.25,30112.25,30120.25,250
2026-07-02T08:13:00-04:00,30121.5,30135.25,30117.0,30131.75,362
2026-07-02T08:14:00-04:00,30131.0,30140.75,30128.25,30131.25,189
2026-07-02T08:15:00-04:00,30131.75,30142.5,30128.5,30138.5,222
2026-07-02T08:16:00-04:00,30138.0,30153.0,30134.5,30150.5,268
2026-07-02T08:17:00-04:00,30150.0,30161.25,30146.25,30148.5,262
2026-07-02T08:18:00-04:00,30146.75,30155.0,30142.75,30149.75,254
2026-07-02T08:19:00-04:00,30149.75,30149.75,30131.5,30139.75,284
2026-07-02T08:20:00-04:00,30141.0,30157.25,30139.75,30150.0,235
2026-07-02T08:21:00-04:00,30148.0,30152.5,30127.25,30139.0,274
2026-07-02T08:22:00-04:00,30138.0,30148.0,30137.25,30143.75,160
2026-07-02T08:23:00-04:00,30142.0,30150.75,30138.5,30142.25,161
2026-07-02T08:24:00-04:00,30142.25,30159.0,30142.25,30157.5,177
2026-07-02T08:25:00-04:00,30158.5,30167.0,30152.0,30165.0,180
2026-07-02T08:26:00-04:00,30163.5,30169.25,30158.0,30162.5,295
2026-07-02T08:27:00-04:00,30163.0,30165.75,30140.5,30140.5,281
2026-07-02T08:28:00-04:00,30142.0,30159.5,30134.5,30156.75,271
2026-07-02T08:29:00-04:00,30156.0,30190.25,30155.25,30182.75,440
2026-07-02T08:30:00-04:00,30183.0,30281.75,30175.0,30275.0,2218
2026-07-02T08:31:00-04:00,30276.25,30281.75,30222.75,30241.0,1394
2026-07-02T08:32:00-04:00,30242.5,30259.0,30223.5,30237.75,800
2026-07-02T08:33:00-04:00,30236.0,30263.25,30211.25,30254.75,782
2026-07-02T08:34:00-04:00,30250.5,30275.75,30244.75,30275.5,541
2026-07-02T08:35:00-04:00,30274.25,30300.0,30265.75,30293.75,1161
2026-07-02T08:36:00-04:00,30295.25,30318.0,30292.5,30308.0,1148
2026-07-02T08:37:00-04:00,30306.5,30320.0,30288.0,30314.5,798
2026-07-02T08:38:00-04:00,30313.25,30315.25,30267.5,30278.0,805
2026-07-02T08:39:00-04:00,30282.25,30291.0,30269.25,30281.75,459
2026-07-02T08:40:00-04:00,30280.75,30293.5,30266.75,30278.75,708
2026-07-02T08:41:00-04:00,30278.5,30281.0,30243.0,30246.75,619
2026-07-02T08:42:00-04:00,30246.25,30267.5,30245.0,30262.5,584
2026-07-02T08:43:00-04:00,30263.25,30275.25,30248.25,30260.75,371
2026-07-02T08:44:00-04:00,30261.0,30261.25,30240.75,30241.5,343
2026-07-02T08:45:00-04:00,30242.5,30261.25,30238.0,30254.5,577
2026-07-02T08:46:00-04:00,30253.5,30253.5,30239.75,30251.0,322
2026-07-02T08:47:00-04:00,30249.0,30262.25,30239.25,30248.25,339
2026-07-02T08:48:00-04:00,30244.0,30265.25,30240.25,30255.75,366
2026-07-02T08:49:00-04:00,30256.25,30259.5,30243.75,30246.5,296
2026-07-02T08:50:00-04:00,30244.5,30261.75,30241.0,30259.75,196
2026-07-02T08:51:00-04:00,30260.75,30262.0,30235.75,30237.75,353
2026-07-02T08:52:00-04:00,30239.75,30254.75,30234.0,30238.25,378
2026-07-02T08:53:00-04:00,30239.0,30239.0,30214.25,30215.0,507
2026-07-02T08:54:00-04:00,30214.0,30220.75,30201.75,30205.75,508
2026-07-02T08:55:00-04:00,30206.0,30209.0,30179.25,30181.0,712
2026-07-02T08:56:00-04:00,30180.0,30185.0,30165.25,30179.75,715
2026-07-02T08:57:00-04:00,30179.75,30185.0,30157.25,30158.75,370
2026-07-02T08:58:00-04:00,30160.0,30171.5,30155.0,30160.5,505
2026-07-02T08:59:00-04:00,30159.75,30184.75,30159.25,30182.75,445
2026-07-02T09:00:00-04:00,30185.0,30215.0,30160.0,30166.0,1717
2026-07-02T09:01:00-04:00,30166.75,30167.75,30135.0,30160.0,729
2026-07-02T09:02:00-04:00,30165.25,30179.25,30163.75,30167.25,372
2026-07-02T09:03:00-04:00,30168.75,30188.0,30164.25,30172.0,326
2026-07-02T09:04:00-04:00,30174.0,30183.75,30163.25,30181.75,340
2026-07-02T09:05:00-04:00,30180.0,30182.25,30148.0,30154.75,391
2026-07-02T09:06:00-04:00,30154.0,30160.75,30144.0,30147.0,483
2026-07-02T09:07:00-04:00,30145.75,30158.0,30140.25,30144.25,355
2026-07-02T09:08:00-04:00,30146.0,30147.5,30118.0,30130.25,530
2026-07-02T09:09:00-04:00,30133.5,30140.25,30125.25,30127.75,339
2026-07-02T09:10:00-04:00,30128.25,30146.0,30123.25,30137.0,351
2026-07-02T09:11:00-04:00,30138.0,30150.0,30134.0,30136.75,302
2026-07-02T09:12:00-04:00,30135.75,30156.0,30133.5,30154.5,333
2026-07-02T09:13:00-04:00,30154.75,30162.0,30148.75,30148.75,378
2026-07-02T09:14:00-04:00,30146.75,30153.5,30132.0,30142.0,528
2026-07-02T09:15:00-04:00,30141.5,30153.5,30133.75,30148.5,328
2026-07-02T09:16:00-04:00,30149.5,30159.5,30145.5,30155.25,276
2026-07-02T09:17:00-04:00,30155.5,30165.0,30143.0,30147.75,376
2026-07-02T09:18:00-04:00,30148.75,30163.75,30141.5,30161.25,253
2026-07-02T09:19:00-04:00,30161.0,30175.0,30156.5,30168.5,411
2026-07-02T09:20:00-04:00,30169.25,30177.25,30164.25,30169.5,298
2026-07-02T09:21:00-04:00,30169.5,30175.5,30162.75,30171.0,347
2026-07-02T09:22:00-04:00,30169.5,30171.75,30166.75,30169.0,188
2026-07-02T09:23:00-04:00,30170.5,30184.0,30163.0,30181.5,414
2026-07-02T09:24:00-04:00,30180.0,30180.5,30160.25,30163.0,343
2026-07-02T09:25:00-04:00,30165.0,30175.0,30149.0,30151.25,576
2026-07-02T09:26:00-04:00,30150.75,30154.5,30139.75,30154.25,432
2026-07-02T09:27:00-04:00,30154.0,30156.75,30111.5,30116.0,681
2026-07-02T09:28:00-04:00,30115.75,30115.75,30090.25,30091.5,1013
2026-07-02T09:29:00-04:00,30090.5,30098.25,30073.5,30074.5,1597
2026-07-02T09:30:00-04:00,30075.75,30106.5,30007.75,30079.25,5927
2026-07-02T09:31:00-04:00,30077.75,30114.5,30053.25,30081.5,3301
2026-07-02T09:32:00-04:00,30081.5,30113.0,30064.5,30077.75,2240
2026-07-02T09:33:00-04:00,30079.25,30108.75,30059.25,30102.5,1693
2026-07-02T09:34:00-04:00,30104.0,30138.25,30103.0,30135.25,2374
2026-07-02T09:35:00-04:00,30133.5,30161.0,30114.5,30134.0,2776
2026-07-02T09:36:00-04:00,30133.25,30150.25,30086.75,30148.5,2275
2026-07-02T09:37:00-04:00,30147.5,30158.5,30128.25,30134.0,1788
2026-07-02T09:38:00-04:00,30135.75,30136.75,30028.0,30052.5,3013
2026-07-02T09:39:00-04:00,30052.5,30074.75,30043.0,30054.75,1985
2026-07-02T09:40:00-04:00,30054.75,30116.75,30052.25,30073.25,2605
2026-07-02T09:41:00-04:00,30072.75,30147.75,30065.0,30130.75,2266
2026-07-02T09:42:00-04:00,30130.5,30145.25,30123.75,30139.5,1491
2026-07-02T09:43:00-04:00,30137.75,30188.75,30129.25,30157.5,2413
2026-07-02T09:44:00-04:00,30157.75,30157.75,30114.0,30124.25,2076
2026-07-02T09:45:00-04:00,30127.0,30164.25,30119.0,30141.25,1755
2026-07-02T09:46:00-04:00,30140.5,30153.5,30108.0,30111.5,1342
2026-07-02T09:47:00-04:00,30111.5,30169.75,30102.0,30165.0,1793
2026-07-02T09:48:00-04:00,30165.25,30190.25,30160.0,30177.0,1564
2026-07-02T09:49:00-04:00,30176.0,30205.0,30176.0,30178.75,1862
2026-07-02T09:50:00-04:00,30179.25,30212.25,30158.75,30192.0,2372
2026-07-02T09:51:00-04:00,30192.0,30243.25,30189.75,30240.0,2186
2026-07-02T09:52:00-04:00,30239.25,30258.0,30231.25,30252.25,1891
2026-07-02T09:53:00-04:00,30252.25,30260.5,30212.25,30217.25,1845
2026-07-02T09:54:00-04:00,30217.25,30239.5,30207.25,30233.25,1670
2026-07-02T09:55:00-04:00,30234.0,30247.5,30220.0,30231.75,1389
2026-07-02T09:56:00-04:00,30233.5,30241.5,30192.0,30210.5,1497
2026-07-02T09:57:00-04:00,30211.75,30237.5,30202.5,30218.25,1033
2026-07-02T09:58:00-04:00,30219.5,30255.75,30216.25,30247.75,1044
2026-07-02T09:59:00-04:00,30246.75,30263.0,30235.75,30257.5,1023
2026-07-02T10:00:00-04:00,30257.75,30271.75,30228.0,30248.25,1719
2026-07-02T10:01:00-04:00,30247.5,30270.25,30232.75,30267.75,977
2026-07-02T10:02:00-04:00,30266.75,30286.75,30260.5,30282.75,1397
2026-07-02T10:03:00-04:00,30282.25,30293.5,30271.0,30274.75,1247
2026-07-02T10:04:00-04:00,30274.5,30281.75,30254.5,30259.75,1132
2026-07-02T10:05:00-04:00,30259.5,30261.0,30228.5,30247.0,1532
2026-07-02T10:06:00-04:00,30246.75,30249.25,30220.25,30223.5,1251
2026-07-02T10:07:00-04:00,30222.5,30253.75,30221.0,30239.0,858
2026-07-02T10:08:00-04:00,30239.5,30239.5,30184.25,30189.25,1748
2026-07-02T10:09:00-04:00,30188.25,30201.0,30167.75,30182.25,1625
2026-07-02T10:10:00-04:00,30182.5,30191.75,30131.5,30151.25,1878
2026-07-02T10:11:00-04:00,30152.25,30187.25,30151.75,30180.75,1262
2026-07-02T10:12:00-04:00,30181.75,30222.75,30176.75,30222.5,1490
2026-07-02T10:13:00-04:00,30222.75,30253.75,30221.5,30247.5,1536
2026-07-02T10:14:00-04:00,30247.0,30249.25,30211.75,30215.5,1427
2026-07-02T10:15:00-04:00,30216.25,30219.5,30184.5,30195.75,1535
2026-07-02T10:16:00-04:00,30194.5,30226.5,30156.25,30162.25,2009
2026-07-02T10:17:00-04:00,30163.75,30170.0,30137.25,30138.25,1515
2026-07-02T10:18:00-04:00,30138.25,30163.75,30108.75,30127.75,2328
2026-07-02T10:19:00-04:00,30128.0,30159.75,30120.5,30156.0,1431
2026-07-02T10:20:00-04:00,30155.5,30169.5,30103.75,30109.75,1892
2026-07-02T10:21:00-04:00,30110.75,30122.5,30087.5,30101.0,1589
2026-07-02T10:22:00-04:00,30101.5,30118.5,30074.5,30108.5,1716
2026-07-02T10:23:00-04:00,30109.0,30131.75,30079.0,30105.25,1867
2026-07-02T10:24:00-04:00,30105.75,30137.5,30074.0,30079.75,1709
2026-07-02T10:25:00-04:00,30080.0,30094.75,30046.5,30068.25,2041
2026-07-02T10:26:00-04:00,30069.0,30083.5,30034.25,30035.75,1655
2026-07-02T10:27:00-04:00,30035.5,30037.75,29937.5,29951.75,3904
2026-07-02T10:28:00-04:00,29952.5,29964.25,29910.75,29939.0,2857
2026-07-02T10:29:00-04:00,29940.0,29961.25,29915.25,29935.0,2063
2026-07-02T10:30:00-04:00,29935.0,29978.25,29901.5,29954.25,3498
2026-07-02T10:31:00-04:00,29954.25,30006.25,29950.0,29985.5,2250
2026-07-02T10:32:00-04:00,29988.0,30003.5,29931.75,29942.25,1754
2026-07-02T10:33:00-04:00,29941.5,29980.0,29919.0,29941.5,2178
2026-07-02T10:34:00-04:00,29943.5,29958.25,29888.0,29903.0,2055
2026-07-02T10:35:00-04:00,29902.0,29923.25,29877.5,29902.0,2074
2026-07-02T10:36:00-04:00,29901.75,29956.25,29892.75,29950.75,2595
2026-07-02T10:37:00-04:00,29949.25,29986.25,29941.25,29965.5,1926
2026-07-02T10:38:00-04:00,29967.25,29970.0,29933.5,29954.5,1393
2026-07-02T10:39:00-04:00,29954.5,29974.0,29913.5,29923.25,1588
2026-07-02T10:40:00-04:00,29924.0,29933.0,29887.25,29901.25,1776
2026-07-02T10:41:00-04:00,29901.25,29908.5,29835.0,29845.0,3020
2026-07-02T10:42:00-04:00,29844.5,29849.75,29789.5,29812.5,3376
2026-07-02T10:43:00-04:00,29812.25,29821.5,29777.0,29794.0,2302
2026-07-02T10:44:00-04:00,29793.0,29826.0,29777.0,29809.5,1814
2026-07-02T10:45:00-04:00,29810.0,29855.0,29801.0,29810.5,2340
2026-07-02T10:46:00-04:00,29810.0,29840.75,29792.75,29840.0,1766
2026-07-02T10:47:00-04:00,29839.5,29868.25,29803.5,29808.25,1912
2026-07-02T10:48:00-04:00,29808.25,29812.25,29754.25,29765.0,2084
2026-07-02T10:49:00-04:00,29766.0,29840.5,29761.75,29825.75,1989
2026-07-02T10:50:00-04:00,29825.25,29833.25,29792.5,29806.5,1052
2026-07-02T10:51:00-04:00,29806.0,29852.5,29791.5,29823.0,1466
2026-07-02T10:52:00-04:00,29822.0,29826.5,29763.75,29769.5,1183
2026-07-02T10:53:00-04:00,29768.5,29784.0,29730.75,29757.75,2039
2026-07-02T10:54:00-04:00,29759.0,29780.0,29749.0,29767.0,1622
2026-07-02T10:55:00-04:00,29767.5,29808.25,29765.25,29790.0,1619
2026-07-02T10:56:00-04:00,29789.5,29821.75,29789.5,29797.75,1089
2026-07-02T10:57:00-04:00,29796.75,29800.25,29760.0,29783.75,1081
2026-07-02T10:58:00-04:00,29782.75,29799.0,29774.5,29793.25,882
2026-07-02T10:59:00-04:00,29793.5,29843.25,29792.5,29840.25,1569
2026-07-02T11:00:00-04:00,29840.25,29846.5,29808.0,29842.5,1297
2026-07-02T11:01:00-04:00,29842.5,29852.0,29819.75,29820.25,1074
2026-07-02T11:02:00-04:00,29821.0,29834.25,29799.75,29807.25,1079
2026-07-02T11:03:00-04:00,29806.5,29825.0,29761.0,29764.5,1710
2026-07-02T11:04:00-04:00,29764.75,29772.75,29712.5,29715.0,2177
2026-07-02T11:05:00-04:00,29715.5,29745.0,29704.75,29707.75,1837
2026-07-02T11:06:00-04:00,29708.5,29709.25,29663.75,29671.5,2808
2026-07-02T11:07:00-04:00,29672.5,29677.75,29629.0,29640.25,1821
2026-07-02T11:08:00-04:00,29640.25,29701.5,29639.0,29679.5,1930
2026-07-02T11:09:00-04:00,29681.75,29716.25,29667.75,29704.25,1493
2026-07-02T11:10:00-04:00,29704.5,29716.25,29683.5,29709.5,1153
2026-07-02T11:11:00-04:00,29709.75,29778.0,29703.25,29766.25,1847
2026-07-02T11:12:00-04:00,29766.5,29768.75,29736.25,29741.25,965
2026-07-02T11:13:00-04:00,29742.0,29763.75,29736.0,29742.0,921
2026-07-02T11:14:00-04:00,29743.75,29750.0,29716.0,29716.5,999
2026-07-02T11:15:00-04:00,29718.75,29743.0,29680.25,29685.75,1352
2026-07-02T11:16:00-04:00,29686.75,29692.25,29655.0,29671.0,1323
2026-07-02T11:17:00-04:00,29673.0,29691.5,29643.5,29655.5,1283
2026-07-02T11:18:00-04:00,29656.0,29686.5,29639.25,29653.25,1826
2026-07-02T11:19:00-04:00,29653.25,29656.5,29622.0,29639.5,1483
2026-07-02T11:20:00-04:00,29640.25,29669.0,29610.75,29656.5,2089
2026-07-02T11:21:00-04:00,29656.5,29678.5,29646.25,29663.75,1237
2026-07-02T11:22:00-04:00,29663.75,29684.5,29658.75,29667.25,794
2026-07-02T11:23:00-04:00,29664.75,29680.5,29642.25,29670.75,871
2026-07-02T11:24:00-04:00,29669.5,29722.5,29669.5,29721.0,1739
2026-07-02T11:25:00-04:00,29721.0,29729.5,29669.0,29684.5,1536
2026-07-02T11:26:00-04:00,29689.5,29735.5,29686.75,29721.25,1157
2026-07-02T11:27:00-04:00,29719.75,29748.25,29716.5,29721.0,1102
2026-07-02T11:28:00-04:00,29720.75,29725.0,29703.75,29711.75,795
2026-07-02T11:29:00-04:00,29715.75,29720.5,29670.25,29672.5,1062
2026-07-02T11:30:00-04:00,29671.0,29729.0,29667.75,29704.5,1439
2026-07-02T11:31:00-04:00,29705.0,29727.25,29688.5,29726.25,751
2026-07-02T11:32:00-04:00,29727.0,29742.0,29707.5,29733.75,894
2026-07-02T11:33:00-04:00,29733.0,29745.0,29729.0,29743.5,813
2026-07-02T11:34:00-04:00,29743.5,29766.75,29742.75,29756.75,1196
2026-07-02T11:35:00-04:00,29757.5,29794.25,29746.0,29785.75,1387
2026-07-02T11:36:00-04:00,29786.5,29804.5,29776.25,29799.25,1353
2026-07-02T11:37:00-04:00,29798.75,29810.25,29789.0,29804.75,1321
2026-07-02T11:38:00-04:00,29804.75,29817.25,29795.0,29805.75,855
2026-07-02T11:39:00-04:00,29806.5,29808.25,29780.0,29782.0,899
2026-07-02T11:40:00-04:00,29782.0,29815.5,29770.25,29801.5,1019
2026-07-02T11:41:00-04:00,29802.0,29802.75,29778.0,29782.0,706
2026-07-02T11:42:00-04:00,29782.0,29782.5,29754.0,29760.25,1102
2026-07-02T11:43:00-04:00,29761.0,29763.5,29721.5,29724.25,1043
2026-07-02T11:44:00-04:00,29725.5,29733.75,29710.0,29711.75,1038
2026-07-02T11:45:00-04:00,29710.0,29747.75,29706.5,29742.0,1022
2026-07-02T11:46:00-04:00,29741.5,29747.5,29716.75,29731.75,991
2026-07-02T11:47:00-04:00,29730.5,29745.25,29712.5,29733.5,764
2026-07-02T11:48:00-04:00,29733.0,29743.25,29722.25,29725.0,647
2026-07-02T11:49:00-04:00,29725.0,29729.25,29691.25,29701.25,881
2026-07-02T11:50:00-04:00,29700.5,29702.5,29677.0,29691.5,1086
2026-07-02T11:51:00-04:00,29692.75,29712.0,29675.75,29694.75,929
2026-07-02T11:52:00-04:00,29698.25,29710.0,29665.0,29669.5,1081
2026-07-02T11:53:00-04:00,29670.0,29674.75,29645.0,29658.5,1028
2026-07-02T11:54:00-04:00,29657.75,29683.0,29655.25,29678.0,933
2026-07-02T11:55:00-04:00,29678.25,29690.75,29658.75,29659.5,919
2026-07-02T11:56:00-04:00,29660.75,29663.25,29643.25,29649.75,818
2026-07-02T11:57:00-04:00,29649.25,29660.25,29636.25,29656.25,807
2026-07-02T11:58:00-04:00,29655.75,29675.0,29646.25,29674.0,885
